Sample,Amplicon,Cycle,Cycle Type,Cycle Size (bp),Cycle Breakpoint Count,Cycle Chromosome Count,Cycle Regions List,Cycle Paired Ends List,Cycle TPR,Cycle TP BEs,Cycle FPR,Cycle FP BEs,Cycle PFNR,Cycle PFN BEs,Cycle MEB,Cycle Mapping Error Breakends,Cycle Unmappable Reasons,Small Deletions Count,Cycle Genes Info,Cycle Genes List,Cycle ESB,Cycle Type Boolean,Cycle Cluster Assignment,Selection Score,Confidence
5637_URINARY_TRACT,1,3,circular,2601,1,1,"[('6', 22778285, 22780885)]","[('6', 22780885, '6', 22778285)]",1.0,"[('6', 22780885, '6', 22778285)]",0.0,[],0.0,[],0.0,[],[],0,{},[],0.0,1,1,0.5,high
5637_URINARY_TRACT,1,4,circular,1827,1,1,"[('6', 21869324, 21871150)]","[('6', 21871150, '6', 21869324)]",1.0,"[('6', 21871150, '6', 21869324)]",0.0,[],0.0,[],0.0,[],[],0,{},[],0.0,1,1,0.5,high
5637_URINARY_TRACT,1,5,circular,4901014,3,1,"[('3', 9099507, 9519220), ('3', 9521655, 10184492), ('3', 10187258, 14005719)]","[('3', 9519220, '3', 9521655), ('3', 10184492, '3', 10187258), ('3', 14005719, '3', 9099507)]",1.0,"[('3', 9519220, '3', 9521655), ('3', 10184492, '3', 10187258), ('3', 14005719, '3', 9099507)]",0.0,[],0.0,[],0.0,[],[],0,"{'3': {'FANCD2': {'type': ['TSG'], 'loc': ('10026414', '10101930')}, 'FBLN2': {'type': ['TSG'], 'loc': ('13549131', '13638422')}, 'PPARG': {'type': ['TSG', ' fusion'], 'loc': ('12287368', '12434356')}, 'RAF1': {'type': ['oncogene', ' fusion'], 'loc': ('12583601', '12664226')}, 'VHL': {'type': ['TSG'], 'loc': ('10141008', '10152220')}}}","['FANCD2', 'FBLN2', 'PPARG', 'RAF1', 'VHL']",1.0,1,1,0.875,high
5637_URINARY_TRACT,1,6,circular,1770,1,1,"[('6', 22025443, 22027212)]","[('6', 22027212, '6', 22025443)]",1.0,"[('6', 22027212, '6', 22025443)]",0.0,[],0.0,[],0.0,[],[],0,{},[],0.0,1,1,0.5,high
5637_URINARY_TRACT,1,7,circular,905,1,1,"[('6', 21953942, 21954846)]","[('6', 21954846, '6', 21953942)]",1.0,"[('6', 21954846, '6', 21953942)]",0.0,[],0.0,[],0.0,[],[],0,{},[],1.0,1,1,0.875,high
5637_URINARY_TRACT,1,9,circular,3832658,2,1,"[('6', 21882742, 20355001), ('6', 20354278, 22659195)]","[('6', 20355001, '6', 20354278), ('6', 22659195, '6', 21882742)]",1.0,"[('6', 22659195, '6', 21882742)]",0.0,[],0.0,[],0.0,[],[],1,{},[],1.0,1,1,0.875,high
5637_URINARY_TRACT,1,10,circular,2381,1,1,"[('6', 22512126, 22514506)]","[('6', 22514506, '6', 22512126)]",1.0,"[('6', 22514506, '6', 22512126)]",0.0,[],0.0,[],0.0,[],[],0,{},[],0.0,1,1,0.5,high
59M_OVARY,2,1,linear,315185,1,1,"[('8', 43200000, 42884814)]","[('8', 42884814, '8', 43200000)]",0.0,[],1.0,"[('8', 42884814, '8', 43200000)]",0.0,[],0.0,[],[],0,"{'8': {'HOOK3': {'type': ['fusion'], 'loc': ('42896932', '43030539')}}}",['HOOK3'],0.0,0,0,1.5,medium
59M_OVARY,2,2,circular,3341945,3,1,"[('8', 52712046, 56012638), ('8', 65533018, 65573948), ('8', 71975209, 71974787)]","[('8', 56012638, '8', 65533018), ('8', 65573948, '8', 71975209), ('8', 71974787, '8', 52712046)]",1.0,"[('8', 56012638, '8', 65533018), ('8', 65573948, '8', 71975209), ('8', 71974787, '8', 52712046)]",0.0,[],0.0,[],0.0,[],[],0,"{'8': {'TCEA1': {'type': ['fusion'], 'loc': ('53966552', '54022529')}}}",['TCEA1'],1.0,1,1,0.875,high
59M_OVARY,2,3,circular,1338,2,2,"[('8', 51817582, 51818907), ('11', 38791107, 38791118)]","[('8', 51818907, '11', 38791107), ('11', 38791118, '8', 51817582)]",1.0,"[('8', 51818907, '11', 38791107), ('11', 38791118, '8', 51817582)]",0.0,[],0.0,[],0.0,[],[],0,{},[],0.0,1,1,0.5,high
59M_OVARY,3,1,linear,1495050,1,1,"[('13', 95278289, 93783238)]","[('13', 93783238, '13', 95278289)]",0.0,[],1.0,"[('13', 93783238, '13', 95278289)]",0.0,[],0.0,[],[],0,"{'13': {'SOX21': {'type': ['TSG'], 'loc': ('94709622', '94712399')}}}",['SOX21'],0.0,0,0,1.5,medium
59M_OVARY,5,1,linear,68627,1,1,"[('16', 35300000, 35231372)]","[('16', 35231372, '16', 35300000)]",0.0,[],1.0,"[('16', 35231372, '16', 35300000)]",0.0,[],0.0,[],[],0,{},[],0.0,0,0,1.5,medium
8305C_THYROID,1,1,circular,1946498,6,2,"[('20', 34611095, 34299250), ('20', 34285397, 34283685), ('8', 33718221, 33302858), ('8', 33301261, 33167666), ('8', 33169057, 33301261), ('8', 33302858, 34254639)]","[('20', 34299250, '20', 34285397), ('20', 34283685, '8', 33718221), ('8', 33302858, '8', 33301261), ('8', 33167666, '8', 33169057), ('8', 33301261, '8', 33302858), ('8', 34254639, '20', 34611095)]",1.0,"[('20', 34299250, '20', 34285397), ('20', 34283685, '8', 33718221), ('8', 34254639, '20', 34611095)]",0.0,[],0.0,[],0.0,[],[],3,{},[],1.0,1,1,0.875,high
A101D_SKIN,1,1,linear,449993,1,1,"[('7', 135015907, 134565913)]","[('7', 134565913, '7', 135015907)]",0.0,[],1.0,"[('7', 134565913, '7', 135015907)]",0.0,[],0.0,[],[],0,{},[],0.0,0,0,1.5,medium
A3KAW_HAEMATOPOIETIC_AND_LYMPHOID_TISSUE,3,1,linear,89999,1,1,"[('3', 194810559, 194720559)]","[('3', 194720559, '3', 194810559)]",0.0,[],1.0,"[('3', 194720559, '3', 194810559)]",0.0,[],0.0,[],[],0,{},[],0.0,0,0,1.5,medium
A3KAW_HAEMATOPOIETIC_AND_LYMPHOID_TISSUE,4,1,circular,1110,1,1,"[('3', 195493842, 195494951)]","[('3', 195494951, '3', 195493842)]",1.0,"[('3', 195494951, '3', 195493842)]",0.0,[],0.0,[],1.0,"[('3', 195494951), ('3', 195493842)]","['High Signal Region', 'High Signal Region']",0,{},[],1.0,1,1,1.4375,medium
A3KAW_HAEMATOPOIETIC_AND_LYMPHOID_TISSUE,4,2,circular,1073,1,1,"[('3', 195944112, 195945184)]","[('3', 195945184, '3', 195944112)]",1.0,"[('3', 195945184, '3', 195944112)]",0.0,[],0.0,[],1.0,"[('3', 195945184), ('3', 195944112)]","['High Signal Region', 'High Signal Region']",0,{},[],1.0,1,1,1.4375,medium
ABC1_LUNG,2,1,linear,10610,1,1,"[('5', 3336476, 3325865)]","[('5', 3325865, '5', 3336476)]",0.0,[],1.0,"[('5', 3325865, '5', 3336476)]",0.0,[],0.0,[],[],0,{},[],0.0,0,0,1.5,medium
ABC1_LUNG,2,2,linear,1580048,1,1,"[('5', 15370480, 13790431)]","[('5', 13790431, '5', 15370480)]",0.0,[],1.0,"[('5', 13790431, '5', 15370480)]",0.0,[],0.0,[],[],0,{},[],0.0,0,0,1.5,medium
ABC1_LUNG,3,1,linear,885009,1,1,"[('5', 23385618, 22500608)]","[('5', 22500608, '5', 23385618)]",0.0,[],1.0,"[('5', 22500608, '5', 23385618)]",0.0,[],0.0,[],[],0,{},[],0.0,0,0,1.5,medium
ABC1_LUNG,3,2,linear,10609,1,1,"[('5', 21869284, 21858674)]","[('5', 21858674, '5', 21869284)]",0.0,[],1.0,"[('5', 21858674, '5', 21869284)]",0.0,[],0.0,[],[],0,{},[],0.0,0,0,1.5,medium
ABC1_LUNG,4,1,circular,3047,1,1,"[('20', 1400208, 1403254)]","[('20', 1403254, '20', 1400208)]",1.0,"[('20', 1403254, '20', 1400208)]",0.0,[],0.0,[],0.0,[],[],0,{},[],0.0,1,1,0.5,high
ABC1_LUNG,5,1,linear,30609,1,1,"[('20', 23794899, 23764289)]","[('20', 23764289, '20', 23794899)]",0.0,[],1.0,"[('20', 23764289, '20', 23794899)]",0.0,[],0.0,[],[],0,{},[],0.0,0,0,1.5,medium
AU565_BREAST,5,1,linear,99819,1,1,"[('14', 18697670, 18597850)]","[('14', 18597850, '14', 18697670)]",0.0,[],1.0,"[('14', 18597850, '14', 18697670)]",0.0,[],1.0,"[('14', 18597850), ('14', 18697670)]","['High Signal Region', 'High Signal Region']",0,{},[],0.0,0,2,2.0625,low
AU565_BREAST,7,1,linear,350009,1,1,"[('17', 29206044, 28856034)]","[('17', 28856034, '17', 29206044)]",0.0,[],1.0,"[('17', 28856034, '17', 29206044)]",0.0,[],0.0,[],[],0,{},[],0.0,0,0,1.5,medium
AU565_BREAST,8,1,linear,2110132,1,1,"[('20', 54663544, 52553411)]","[('20', 52553411, '20', 54663544)]",0.0,[],1.0,"[('20', 52553411, '20', 54663544)]",0.0,[],0.0,[],[],0,{},[],1.0,0,0,1.875,medium
BFTC909_KIDNEY,1,1,linear,819395,3,1,"[('1', 1952099, 1935575), ('1', 1934940, 1297717), ('1', 1297185, 1131534)]","[('1', 1935575, '1', 1934940), ('1', 1297717, '1', 1297185), ('1', 1131534, '1', 1952099)]",0.0,[],1.0,"[('1', 1131534, '1', 1952099)]",0.0,[],0.0,[],[],2,{},[],0.0,0,0,1.5,medium
BFTC909_KIDNEY,2,3,linear,1669583,1,1,"[('6', 42884184, 41214600)]","[('6', 41214600, '6', 42884184)]",0.0,[],1.0,"[('6', 41214600, '6', 42884184)]",0.0,[],0.0,[],[],0,"{'6': {'CCND3': {'type': ['oncogene', ' fusion'], 'loc': ('41934933', '42050357')}, 'TFEB': {'type': ['oncogene', ' fusion'], 'loc': ('41683978', '41736259')}}}","['CCND3', 'TFEB']",0.0,0,0,1.5,medium
BFTC909_KIDNEY,3,1,linear,5816098,1,1,"[('9', 5921108, 105009)]","[('9', 105009, '9', 5921108)]",0.0,[],1.0,"[('9', 105009, '9', 5921108)]",0.0,[],0.0,[],[],0,"{'9': {'CD274': {'type': ['TSG', ' fusion'], 'loc': ('5450503', '5470566')}, 'JAK2': {'type': ['oncogene', ' fusion'], 'loc': ('4984390', '5128183')}, 'PDCD1LG2': {'type': ['oncogene', ' fusion'], 'loc': ('5510570', '5571254')}}}","['CD274', 'JAK2', 'PDCD1LG2']",1.0,0,0,1.875,medium
BFTC909_KIDNEY,3,2,linear,173615,1,1,"[('9', 5997216, 5823600)]","[('9', 5823600, '9', 5997216)]",0.0,[],1.0,"[('9', 5823600, '9', 5997216)]",0.0,[],0.0,[],[],0,{},[],0.0,0,0,1.5,medium
BT474_BREAST,1,1,circular,1589,1,1,"[('17', 48538269, 48539857)]","[('17', 48539857, '17', 48538269)]",1.0,"[('17', 48539857, '17', 48538269)]",0.0,[],0.0,[],0.0,[],[],0,{},[],0.0,1,1,0.5,high
BT474_BREAST,1,3,linear,104,1,1,"[('X', 49140855, 49140750)]","[('X', 49140750, 'X', 49140855)]",0.0,[],1.0,"[('X', 49140750, 'X', 49140855)]",0.0,[],0.0,[],[],0,{},[],1.0,0,0,1.875,medium
BT474_BREAST,1,4,linear,13,1,1,"[('17', 50041125, 50041111)]","[('17', 50041111, '17', 50041125)]",0.0,[],1.0,"[('17', 50041111, '17', 50041125)]",0.0,[],0.0,[],[],0,{},[],1.0,0,0,1.875,medium
BT474_BREAST,1,5,linear,158,1,1,"[('17', 70226021, 70225862)]","[('17', 70225862, '17', 70226021)]",0.0,[],1.0,"[('17', 70225862, '17', 70226021)]",0.0,[],0.0,[],[],0,{},[],1.0,0,0,1.875,medium
BT474_BREAST,1,6,linear,365007,1,1,"[('14', 36622103, 36257095)]","[('14', 36257095, '14', 36622103)]",0.0,[],1.0,"[('14', 36257095, '14', 36622103)]",0.0,[],0.0,[],[],0,"{'14': {'NKX2-1': {'type': ['oncogene', ' TSG'], 'loc': ('36516392', '36521149')}}}",['NKX2-1'],0.0,0,0,1.5,medium
BT474_BREAST,1,7,linear,260623,1,1,"[('17', 36521216, 36260592)]","[('17', 36260592, '17', 36521216)]",0.0,[],1.0,"[('17', 36260592, '17', 36521216)]",0.0,[],0.0,[],[],0,{},[],0.0,0,0,1.5,medium
BT474_BREAST,1,8,linear,789621,2,1,"[('20', 47969380, 47221455), ('20', 35482203, 35523899)]","[('20', 47221455, '20', 35482203), ('20', 35523899, '20', 47969380)]",0.5,"[('20', 47221455, '20', 35482203)]",0.5,"[('20', 35523899, '20', 47969380)]",0.0,[],0.0,[],[],0,{},[],0.0,0,1,0.5,high
BT474_BREAST,1,9,linear,1837488,5,1,"[('17', 39482100, 40087300), ('17', 48292658, 48538440), ('17', 48539858, 48801380), ('17', 48412441, 48292658), ('17', 40087300, 39482100)]","[('17', 40087300, '17', 48292658), ('17', 48538440, '17', 48539858), ('17', 48801380, '17', 48412441), ('17', 48292658, '17', 40087300), ('17', 39482100, '17', 39482100)]",1.0,"[('17', 40087300, '17', 48292658), ('17', 48801380, '17', 48412441), ('17', 48292658, '17', 40087300)]",0.0,[],0.0,[],0.0,[],[],2,"{'17': {'ERBB2': {'type': ['oncogene', ' fusion'], 'loc': ('39687914', '39730426')}, 'IKZF3': {'type': ['oncogene', ' TSG', ' fusion'], 'loc': ('39757715', '39864188')}}}","['ERBB2', 'ERBB2', 'IKZF3', 'IKZF3']",1.0,0,1,0.875,high
BT474_BREAST,1,10,linear,334,1,1,"[('17', 66592110, 66591775)]","[('17', 66591775, '17', 66592110)]",0.0,[],1.0,"[('17', 66591775, '17', 66592110)]",0.0,[],0.0,[],[],0,{},[],1.0,0,0,1.875,medium
BT474_BREAST,1,12,circular,6574653,5,1,"[('20', 49762732, 52142686), ('20', 52144389, 52149078), ('20', 54641845, 55151313), ('20', 55152190, 55447902), ('20', 55449075, 58833900)]","[('20', 52142686, '20', 52144389), ('20', 52149078, '20', 54641845), ('20', 55151313, '20', 55152190), ('20', 55447902, '20', 55449075), ('20', 58833900, '20', 49762732)]",1.0,"[('20', 52149078, '20', 54641845), ('20', 58833900, '20', 49762732)]",0.0,[],0.0,[],0.0,[],[],3,"{'20': {'NFATC2': {'type': ['oncogene', ' fusion'], 'loc': ('51386957', '51562831')}, 'SALL4': {'type': ['oncogene'], 'loc': ('51782331', '51802520')}}}","['NFATC2', 'SALL4']",1.0,1,1,0.875,high
BT474_BREAST,1,13,linear,985498,1,1,"[('17', 39224699, 38239200)]","[('17', 38239200, '17', 39224699)]",0.0,[],1.0,"[('17', 38239200, '17', 39224699)]",0.0,[],0.0,[],[],0,"{'17': {'LASP1': {'type': ['fusion'], 'loc': ('38869859', '38921770')}, 'MLLT6': {'type': ['fusion'], 'loc': ('38705542', '38729803')}}}","['LASP1', 'MLLT6']",0.0,0,0,1.5,medium
BT474_BREAST,1,14,linear,739993,1,1,"[('1', 170269367, 169529373)]","[('1', 169529373, '1', 170269367)]",0.0,[],1.0,"[('1', 169529373, '1', 170269367)]",0.0,[],0.0,[],[],0,{},[],0.0,0,0,1.5,medium
BT474_BREAST,1,15,circular,4736,2,2,"[('20', 49759293, 49763338), ('10', 14575203, 14575892)]","[('20', 49763338, '10', 14575203), ('10', 14575892, '20', 49759293)]",1.0,"[('20', 49763338, '10', 14575203), ('10', 14575892, '20', 49759293)]",0.0,[],0.0,[],0.0,[],[],0,{},[],0.0,1,1,0.5,high
BT474_BREAST,1,16,circular,102342,1,1,"[('15', 24214080, 24316421)]","[('15', 24316421, '15', 24214080)]",1.0,"[('15', 24316421, '15', 24214080)]",0.0,[],0.0,[],0.0,[],[],0,{},[],0.0,1,1,0.5,high
BT474_BREAST,1,17,linear,2139298,1,1,"[('17', 56716799, 54577500)]","[('17', 54577500, '17', 56716799)]",0.0,[],1.0,"[('17', 54577500, '17', 56716799)]",0.0,[],0.0,[],[],0,"{'17': {'HLF': {'type': ['oncogene', ' fusion'], 'loc': ('55265012', '55325065')}}}",['HLF'],1.0,0,0,1.875,medium
BT474_BREAST,1,18,linear,90002,1,1,"[('17', 66592110, 66502107)]","[('17', 66502107, '17', 66592110)]",0.0,[],1.0,"[('17', 66502107, '17', 66592110)]",0.0,[],0.0,[],[],0,{},[],0.0,0,0,1.5,medium
BT474_BREAST,1,19,linear,9881,1,1,"[('1', 226875236, 226865354)]","[('1', 226865354, '1', 226875236)]",0.0,[],1.0,"[('1', 226865354, '1', 226875236)]",0.0,[],0.0,[],[],0,{},[],0.0,0,0,1.5,medium
BT474_BREAST,1,42,circular,3708097,3,1,"[('20', 52134173, 52142686), ('20', 52144389, 55723579), ('20', 59773636, 59653243)]","[('20', 52142686, '20', 52144389), ('20', 55723579, '20', 59773636), ('20', 59653243, '20', 52134173)]",1.0,"[('20', 55723579, '20', 59773636), ('20', 59653243, '20', 52134173)]",0.0,[],0.0,[],0.0,[],[],1,{},[],1.0,1,1,0.875,high
BT474_BREAST,4,1,linear,1080039,1,1,"[('11', 64965468, 63885428)]","[('11', 63885428, '11', 64965468)]",0.0,[],1.0,"[('11', 63885428, '11', 64965468)]",0.0,[],0.0,[],[],0,"{'11': {'MEN1': {'type': ['TSG'], 'loc': ('64803510', '64811294')}}}",['MEN1'],0.0,0,0,1.5,medium
BT474_BREAST,4,2,linear,20622,1,1,"[('11', 63847810, 63827187)]","[('11', 63827187, '11', 63847810)]",0.0,[],1.0,"[('11', 63827187, '11', 63847810)]",0.0,[],0.0,[],[],0,{},[],0.0,0,0,1.5,medium
BT474_BREAST,4,7,linear,30622,1,1,"[('11', 65289493, 65258870)]","[('11', 65258870, '11', 65289493)]",0.0,[],1.0,"[('11', 65258870, '11', 65289493)]",0.0,[],0.0,[],[],0,{},[],0.0,0,0,1.5,medium
BT474_BREAST,5,1,linear,2379970,1,1,"[('9', 124079886, 121699915)]","[('9', 121699915, '9', 124079886)]",0.0,[],1.0,"[('9', 121699915, '9', 124079886)]",0.0,[],0.0,[],[],0,{},[],1.0,0,0,1.875,medium
BT474_BREAST,6,1,linear,1274842,1,1,"[('11', 74145255, 72870412)]","[('11', 72870412, '11', 74145255)]",0.0,[],1.0,"[('11', 72870412, '11', 74145255)]",0.0,[],0.0,[],[],0,{},[],0.0,0,0,1.5,medium
BT483_BREAST,1,1,circular,2133135,6,2,"[('1', 108806614, 108780663), ('1', 108781378, 108806614), ('8', 37113252, 37193366), ('8', 37194334, 38155433), ('8', 38154955, 37194334), ('8', 37193366, 37113252)]","[('1', 108780663, '1', 108781378), ('1', 108806614, '8', 37113252), ('8', 37193366, '8', 37194334), ('8', 38155433, '8', 38154955), ('8', 37194334, '8', 37193366), ('8', 37113252, '1', 108806614)]",1.0,"[('1', 108806614, '8', 37113252), ('8', 37113252, '1', 108806614)]",0.0,[],0.0,[],0.0,[],[],4,{},[],1.0,1,1,0.875,high
C2BBE1_LARGE_INTESTINE,1,1,linear,905473,2,1,"[('17', 48391591, 47596564), ('17', 27416668, 27527114)]","[('17', 47596564, '17', 27416668), ('17', 27527114, '17', 48391591)]",0.5,"[('17', 47596564, '17', 27416668)]",0.5,"[('17', 27527114, '17', 48391591)]",0.0,[],0.0,[],[],0,{},[],0.0,0,1,0.5,high
C2BBE1_LARGE_INTESTINE,2,1,linear,876067,1,1,"[('17', 28431022, 27554954)]","[('17', 27554954, '17', 28431022)]",0.0,[],1.0,"[('17', 27554954, '17', 28431022)]",0.0,[],0.0,[],[],0,{},[],0.0,0,0,1.5,medium
CAKI1_KIDNEY,1,1,linear,85000,1,1,"[('7', 158475963, 158390962)]","[('7', 158390962, '7', 158475963)]",0.0,[],1.0,"[('7', 158390962, '7', 158475963)]",0.0,[],0.0,[],[],0,{},[],0.0,0,0,1.5,medium
CAL120_BREAST,2,1,linear,667626,2,1,"[('8', 126413820, 126182327), ('8', 126179960, 125743825)]","[('8', 126182327, '8', 126179960), ('8', 125743825, '8', 126413820)]",0.5,"[('8', 126182327, '8', 126179960)]",0.5,"[('8', 125743825, '8', 126413820)]",0.0,[],0.0,[],[],0,{},[],0.0,0,1,0.5,high
CAL120_BREAST,2,2,linear,2213878,2,1,"[('8', 129378791, 128459020), ('8', 128452921, 127158812)]","[('8', 128459020, '8', 128452921), ('8', 127158812, '8', 129378791)]",0.5,"[('8', 128459020, '8', 128452921)]",0.5,"[('8', 127158812, '8', 129378791)]",0.0,[],0.0,[],[],0,"{'8': {'MYC': {'type': ['oncogene', ' fusion'], 'loc': ('127735434', '127741434')}}}",['MYC'],1.0,0,1,0.875,high
CAL120_BREAST,4,1,linear,20575,1,1,"[('8', 131920252, 131899676)]","[('8', 131899676, '8', 131920252)]",0.0,[],1.0,"[('8', 131899676, '8', 131920252)]",0.0,[],0.0,[],[],0,{},[],0.0,0,0,1.5,medium
CAL120_BREAST,6,1,linear,79999,1,1,"[('5', 32185725, 32105725)]","[('5', 32105725, '5', 32185725)]",0.0,[],1.0,"[('5', 32105725, '5', 32185725)]",0.0,[],0.0,[],[],0,"{'5': {'GOLPH3': {'type': [''], 'loc': ('32124704', '32174350')}}}",['GOLPH3'],0.0,0,0,1.5,medium
CAL120_BREAST,7,1,linear,20575,1,1,"[('8', 43408988, 43388412)]","[('8', 43388412, '8', 43408988)]",0.0,[],1.0,"[('8', 43388412, '8', 43408988)]",0.0,[],0.0,[],[],0,{},[],0.0,0,0,1.5,medium
CAL851_BREAST,1,1,circular,1628555,2,1,"[('6', 134041635, 135669582), ('6', 145038722, 145038114)]","[('6', 135669582, '6', 145038722), ('6', 145038114, '6', 134041635)]",1.0,"[('6', 135669582, '6', 145038722), ('6', 145038114, '6', 134041635)]",0.0,[],0.0,[],0.0,[],[],0,"{'6': {'MYB': {'type': ['oncogene', ' fusion'], 'loc': ('135181315', '135219173')}, 'SGK1': {'type': ['oncogene'], 'loc': ('134169246', '134318112')}}}","['MYB', 'SGK1']",0.0,1,1,0.5,high
CAOV3_OVARY,4,1,linear,185003,1,1,"[('17', 50181641, 49996637)]","[('17', 49996637, '17', 50181641)]",0.0,[],1.0,"[('17', 49996637, '17', 50181641)]",0.0,[],0.0,[],[],0,{},[],0.0,0,0,1.5,medium
CHAGOK1_LUNG,1,1,linear,544995,1,1,"[('1', 153839500, 153294504)]","[('1', 153294504, '1', 153839500)]",0.0,[],1.0,"[('1', 153294504, '1', 153839500)]",0.0,[],0.0,[],[],0,"{'1': {'S100A7': {'type': ['fusion'], 'loc': ('153457744', '153460701')}}}",['S100A7'],0.0,0,0,1.5,medium
CHAGOK1_LUNG,5,1,linear,1885526,3,2,"[('12', 49001699, 48334597), ('12', 48331697, 47329721), ('6', 71609850, 71826299)]","[('12', 48334597, '12', 48331697), ('12', 47329721, '6', 71609850), ('6', 71826299, '12', 49001699)]",0.6666666666666666,"[('12', 48334597, '12', 48331697), ('12', 47329721, '6', 71609850)]",0.3333333333333333,"[('6', 71826299, '12', 49001699)]",0.0,[],0.0,[],[],0,"{'12': {'COL2A1': {'type': ['fusion'], 'loc': ('47972965', '48004554')}}}",['COL2A1'],1.0,0,1,0.875,high
CHAGOK1_LUNG,5,2,linear,2158310,2,1,"[('12', 47482499, 45516156), ('12', 45509369, 45317400)]","[('12', 45516156, '12', 45509369), ('12', 45317400, '12', 47482499)]",0.5,"[('12', 45516156, '12', 45509369)]",0.5,"[('12', 45317400, '12', 47482499)]",0.0,[],0.0,[],[],0,"{'12': {'ARID2': {'type': ['TSG'], 'loc': ('45729665', '45908040')}}}",['ARID2'],1.0,0,1,0.875,high
CHAGOK1_LUNG,5,3,linear,36558,2,1,"[('8', 46282286, 46302270), ('8', 46298860, 46282286)]","[('8', 46302270, '8', 46298860), ('8', 46282286, '8', 46282286)]",1.0,"[('8', 46302270, '8', 46298860)]",0.0,[],0.0,[],0.0,[],[],1,{},[],0.0,0,1,0.5,high
CHAGOK1_LUNG,5,4,linear,3553960,12,2,"[('8', 43200000, 43011710), ('8', 23071362, 23160851), ('8', 42081067, 42080913), ('8', 34874317, 34873986), ('8', 42071518, 41644622), ('8', 40411996, 40913273), ('8', 47726655, 47648400), ('5', 45480982, 45540882), ('5', 44870114, 44855261), ('5', 44430293, 42627065), ('5', 42594686, 42616158), ('5', 46007683, 45637864)]","[('8', 43011710, '8', 23071362), ('8', 23160851, '8', 42081067), ('8', 42080913, '8', 34874317), ('8', 34873986, '8', 42071518), ('8', 41644622, '5', 45480982), ('5', 45540882, '5', 44870114), ('5', 44855261, '5', 44430293), ('5', 42627065, '5', 42594686), ('5', 42616158, '8', 40411996), ('8', 40913273, '5', 46007683), ('5', 45637864, '8', 47726655), ('8', 47648400, '8', 43200000)]",0.9166666666666666,"[('8', 43011710, '8', 23071362), ('8', 23160851, '8', 42081067), ('8', 42080913, '8', 34874317), ('8', 34873986, '8', 42071518), ('8', 41644622, '5', 45480982), ('5', 45540882, '5', 44870114), ('5', 44855261, '5', 44430293), ('5', 42627065, '5', 42594686), ('5', 42616158, '8', 40411996), ('8', 40913273, '5', 46007683), ('5', 45637864, '8', 47726655)]",0.0833333333333333,"[('8', 47648400, '8', 43200000)]",0.0,[],0.0,[],[],0,"{'8': {'ANK1': {'type': [''], 'loc': ('41653220', '41896762')}, 'KAT6A': {'type': ['oncogene', ' fusion'], 'loc': ('41929479', '42051990')}}}","['ANK1', 'KAT6A']",1.0,0,1,0.875,high
CHAGOK1_LUNG,7,1,linear,1765110,1,1,"[('20', 59158833, 57393722)]","[('20', 57393722, '20', 59158833)]",0.0,[],1.0,"[('20', 57393722, '20', 59158833)]",0.0,[],0.0,[],[],0,"{'20': {'GNAS': {'type': ['oncogene'], 'loc': ('58839718', '58911192')}}}",['GNAS'],1.0,0,0,1.875,medium
CHP212_AUTONOMIC_GANGLIA,1,1,circular,907713,1,1,"[('2', 11551950, 12459662)]","[('2', 12459662, '2', 11551950)]",1.0,"[('2', 12459662, '2', 11551950)]",0.0,[],0.0,[],0.0,[],[],0,{},[],0.0,1,1,0.5,high
CHP212_AUTONOMIC_GANGLIA,1,4,circular,785156,2,1,"[('2', 12462512, 12757961), ('2', 15582773, 16072478)]","[('2', 12757961, '2', 15582773), ('2', 16072478, '2', 12462512)]",1.0,"[('2', 12757961, '2', 15582773), ('2', 16072478, '2', 12462512)]",0.0,[],0.0,[],0.0,[],[],0,"{'2': {'MYCN': {'type': ['oncogene'], 'loc': ('15940564', '15947007')}}}",['MYCN'],0.0,1,1,0.5,high
COLO201_LARGE_INTESTINE,2,1,circular,13925571,6,1,"[('6', 133087472, 133947842), ('6', 133948586, 134536634), ('6', 135454778, 133948586), ('6', 133947842, 133087472), ('6', 42907435, 37852483), ('6', 37851796, 42907435)]","[('6', 133947842, '6', 133948586), ('6', 134536634, '6', 135454778), ('6', 133948586, '6', 133947842), ('6', 133087472, '6', 42907435), ('6', 37852483, '6', 37851796), ('6', 42907435, '6', 133087472)]",1.0,"[('6', 134536634, '6', 135454778), ('6', 133087472, '6', 42907435), ('6', 42907435, '6', 133087472)]",0.0,[],0.0,[],0.0,[],[],3,"{'6': {'CCND3': {'type': ['oncogene', ' fusion'], 'loc': ('41934933', '42050357')}, 'MYB': {'type': ['oncogene', ' fusion'], 'loc': ('135181315', '135219173')}, 'SGK1': {'type': ['oncogene'], 'loc': ('134169246', '134318112')}, 'TFEB': {'type': ['oncogene', ' fusion'], 'loc': ('41683978', '41736259')}}}","['CCND3', 'CCND3', 'MYB', 'SGK1', 'SGK1', 'TFEB', 'TFEB']",1.0,1,1,0.875,high
COLO668_LUNG,1,1,circular,40645,2,1,"[('1', 40107010, 40113146), ('1', 40125592, 40160099)]","[('1', 40113146, '1', 40125592), ('1', 40160099, '1', 40107010)]",1.0,"[('1', 40113146, '1', 40125592), ('1', 40160099, '1', 40107010)]",0.0,[],0.0,[],0.0,[],[],0,{},[],0.0,1,1,0.5,high
COLO668_LUNG,1,3,circular,3345,1,1,"[('1', 40038113, 40041457)]","[('1', 40041457, '1', 40038113)]",1.0,"[('1', 40041457, '1', 40038113)]",0.0,[],0.0,[],0.0,[],[],0,{},[],0.0,1,1,0.5,high
COLO668_LUNG,1,6,circular,3918,1,1,"[('1', 39924137, 39928054)]","[('1', 39928054, '1', 39924137)]",1.0,"[('1', 39928054, '1', 39924137)]",0.0,[],0.0,[],0.0,[],[],0,{},[],0.0,1,1,0.5,high
COLO668_LUNG,1,7,circular,4168,1,1,"[('1', 39670563, 39674730)]","[('1', 39674730, '1', 39670563)]",1.0,"[('1', 39674730, '1', 39670563)]",0.0,[],0.0,[],0.0,[],[],0,{},[],0.0,1,1,0.5,high
COLO668_LUNG,1,8,circular,4100,1,1,"[('1', 39622601, 39626700)]","[('1', 39626700, '1', 39622601)]",1.0,"[('1', 39626700, '1', 39622601)]",0.0,[],0.0,[],0.0,[],[],0,{},[],0.0,1,1,0.5,high
COLO668_LUNG,1,10,circular,5166,1,1,"[('1', 39896157, 39901322)]","[('1', 39901322, '1', 39896157)]",1.0,"[('1', 39901322, '1', 39896157)]",0.0,[],0.0,[],0.0,[],[],0,{},[],0.0,1,1,0.5,high
COLO668_LUNG,1,13,circular,4534,1,1,"[('1', 39665080, 39669613)]","[('1', 39669613, '1', 39665080)]",1.0,"[('1', 39669613, '1', 39665080)]",0.0,[],0.0,[],0.0,[],[],0,{},[],0.0,1,1,0.5,high
COLO668_LUNG,1,14,circular,3417,1,1,"[('1', 40145265, 40148681)]","[('1', 40148681, '1', 40145265)]",1.0,"[('1', 40148681, '1', 40145265)]",0.0,[],0.0,[],0.0,[],[],0,{},[],0.0,1,1,0.5,high
COLO668_LUNG,1,16,circular,1496,1,1,"[('1', 40371557, 40373052)]","[('1', 40373052, '1', 40371557)]",1.0,"[('1', 40373052, '1', 40371557)]",0.0,[],0.0,[],0.0,[],[],0,{},[],0.0,1,1,0.5,high
COLO668_LUNG,1,17,circular,6118,1,1,"[('1', 39752121, 39758238)]","[('1', 39758238, '1', 39752121)]",1.0,"[('1', 39758238, '1', 39752121)]",0.0,[],0.0,[],0.0,[],[],0,{},[],0.0,1,1,0.5,high
COLO668_LUNG,1,18,circular,160175,1,1,"[('1', 39472080, 39632254)]","[('1', 39632254, '1', 39472080)]",1.0,"[('1', 39632254, '1', 39472080)]",0.0,[],0.0,[],0.0,[],[],0,{},[],0.0,1,1,0.5,high
COLO668_LUNG,1,19,circular,6952,1,1,"[('1', 39939386, 39946337)]","[('1', 39946337, '1', 39939386)]",1.0,"[('1', 39946337, '1', 39939386)]",0.0,[],0.0,[],0.0,[],[],0,{},[],0.0,1,1,0.5,high
COLO668_LUNG,1,20,circular,1302,1,1,"[('1', 40186534, 40187835)]","[('1', 40187835, '1', 40186534)]",1.0,"[('1', 40187835, '1', 40186534)]",0.0,[],0.0,[],0.0,[],[],0,{},[],0.0,1,1,0.5,high
COLO668_LUNG,1,22,circular,1507,1,1,"[('1', 40696738, 40698244)]","[('1', 40698244, '1', 40696738)]",1.0,"[('1', 40698244, '1', 40696738)]",0.0,[],0.0,[],0.0,[],[],0,{},[],0.0,1,1,0.5,high
COLO668_LUNG,1,23,circular,619530,5,1,"[('1', 39658596, 40049715), ('1', 40625590, 40710572), ('1', 40455304, 40483815), ('1', 40015458, 39971026), ('1', 40375828, 40305343)]","[('1', 40049715, '1', 40625590), ('1', 40710572, '1', 40455304), ('1', 40483815, '1', 40015458), ('1', 39971026, '1', 40375828), ('1', 40305343, '1', 39658596)]",1.0,"[('1', 40049715, '1', 40625590), ('1', 40710572, '1', 40455304), ('1', 40483815, '1', 40015458), ('1', 39971026, '1', 40375828), ('1', 40305343, '1', 39658596)]",0.0,[],0.0,[],0.0,[],[],0,"{'1': {'MYCL': {'type': ['oncogene'], 'loc': ('39895426', '39902256')}}}",['MYCL'],0.0,1,1,0.5,high
COLO668_LUNG,1,24,circular,4528,1,1,"[('1', 39839327, 39843854)]","[('1', 39843854, '1', 39839327)]",1.0,"[('1', 39843854, '1', 39839327)]",0.0,[],0.0,[],0.0,[],[],0,{},[],0.0,1,1,0.5,high
CORL23_LUNG,1,3,circular,536491,1,1,"[('8', 127058569, 127595059)]","[('8', 127595059, '8', 127058569)]",1.0,"[('8', 127595059, '8', 127058569)]",0.0,[],0.0,[],0.0,[],[],0,{},[],0.0,1,1,0.5,high
CORL23_LUNG,1,9,circular,53996,4,1,"[('8', 126563418, 126588064), ('8', 127698111, 127691798), ('8', 126923752, 126928223), ('8', 127789532, 127808096)]","[('8', 126588064, '8', 127698111), ('8', 127691798, '8', 126923752), ('8', 126928223, '8', 127789532), ('8', 127808096, '8', 126563418)]",1.0,"[('8', 126588064, '8', 127698111), ('8', 127691798, '8', 126923752), ('8', 126928223, '8', 127789532), ('8', 127808096, '8', 126563418)]",0.0,[],0.0,[],0.0,[],[],0,{},[],0.0,1,1,0.5,high
CORL23_LUNG,1,14,circular,161026,3,1,"[('8', 126928223, 126923752), ('8', 127691798, 127776300), ('8', 127861586, 127789532)]","[('8', 126923752, '8', 127691798), ('8', 127776300, '8', 127861586), ('8', 127789532, '8', 126928223)]",1.0,"[('8', 126923752, '8', 127691798), ('8', 127776300, '8', 127861586), ('8', 127789532, '8', 126928223)]",0.0,[],0.0,[],0.0,[],[],0,"{'8': {'MYC': {'type': ['oncogene', ' fusion'], 'loc': ('127735434', '127741434')}}}",['MYC'],0.0,1,1,0.5,high
CORL23_LUNG,1,15,circular,824940,11,1,"[('8', 125822701, 126052425), ('8', 126908422, 126854428), ('8', 126769978, 126589217), ('8', 127880823, 128008764), ('8', 127038368, 127042854), ('8', 126838653, 126845277), ('8', 127435330, 127425788), ('8', 126859651, 126908422), ('8', 126052425, 125944738), ('8', 126351699, 126346174), ('8', 127572712, 127622596)]","[('8', 126052425, '8', 126908422), ('8', 126854428, '8', 126769978), ('8', 126589217, '8', 127880823), ('8', 128008764, '8', 127038368), ('8', 127042854, '8', 126838653), ('8', 126845277, '8', 127435330), ('8', 127425788, '8', 126859651), ('8', 126908422, '8', 126052425), ('8', 125944738, '8', 126351699), ('8', 126346174, '8', 127572712), ('8', 127622596, '8', 125822701)]",1.0,"[('8', 126052425, '8', 126908422), ('8', 126854428, '8', 126769978), ('8', 126589217, '8', 127880823), ('8', 128008764, '8', 127038368), ('8', 127042854, '8', 126838653), ('8', 126845277, '8', 127435330), ('8', 127425788, '8', 126859651), ('8', 126908422, '8', 126052425), ('8', 125944738, '8', 126351699), ('8', 126346174, '8', 127572712), ('8', 127622596, '8', 125822701)]",0.0,[],0.0,[],0.0,[],[],0,{},[],0.0,1,1,0.5,high
CORL23_LUNG,1,16,circular,154458,1,1,"[('8', 126284023, 126438480)]","[('8', 126438480, '8', 126284023)]",1.0,"[('8', 126438480, '8', 126284023)]",0.0,[],0.0,[],0.0,[],[],0,{},[],0.0,1,1,0.5,high
CORL23_LUNG,1,18,circular,258621,5,1,"[('8', 127804091, 127808096), ('8', 126563418, 126638341), ('8', 127698418, 127711149), ('8', 126860148, 126845151), ('8', 126403759, 126555721)]","[('8', 127808096, '8', 126563418), ('8', 126638341, '8', 127698418), ('8', 127711149, '8', 126860148), ('8', 126845151, '8', 126403759), ('8', 126555721, '8', 127804091)]",1.0,"[('8', 127808096, '8', 126563418), ('8', 126638341, '8', 127698418), ('8', 127711149, '8', 126860148), ('8', 126845151, '8', 126403759), ('8', 126555721, '8', 127804091)]",0.0,[],0.0,[],0.0,[],[],0,{},[],0.0,1,1,0.5,high
CORL23_LUNG,1,19,linear,26098,1,1,"[('8', 126760199, 126734100)]","[('8', 126734100, '8', 126760199)]",0.0,[],1.0,"[('8', 126734100, '8', 126760199)]",0.0,[],0.0,[],[],0,{},[],0.0,0,0,1.5,medium
CORL23_LUNG,2,1,linear,3893969,1,1,"[('3', 130044539, 126150569)]","[('3', 126150569, '3', 130044539)]",0.0,[],1.0,"[('3', 126150569, '3', 130044539)]",0.0,[],0.0,[],[],0,"{'3': {'CNBP': {'type': ['TSG', ' fusion'], 'loc': ('129169484', '129183922')}, 'GATA2': {'type': ['oncogene'], 'loc': ('128479427', '128493185')}, 'RPN1': {'type': ['fusion'], 'loc': ('128619970', '128681075')}}}","['CNBP', 'GATA2', 'RPN1']",1.0,0,0,1.875,medium
CORL23_LUNG,4,1,circular,19291,1,1,"[('12', 25496297, 25515587)]","[('12', 25515587, '12', 25496297)]",1.0,"[('12', 25515587, '12', 25496297)]",0.0,[],0.0,[],0.0,[],[],0,{},[],0.0,1,1,0.5,high
CORL23_LUNG,4,4,circular,2499114,7,1,"[('12', 2895708, 3295533), ('12', 4307107, 4307039), ('12', 3295610, 3914885), ('12', 3749294, 3295610), ('12', 4307039, 4381914), ('12', 25228782, 25227461), ('12', 25145589, 26095654)]","[('12', 3295533, '12', 4307107), ('12', 4307039, '12', 3295610), ('12', 3914885, '12', 3749294), ('12', 3295610, '12', 4307039), ('12', 4381914, '12', 25228782), ('12', 25227461, '12', 25145589), ('12', 26095654, '12', 2895708)]",1.0,"[('12', 3295533, '12', 4307107), ('12', 4307039, '12', 3295610), ('12', 3914885, '12', 3749294), ('12', 3295610, '12', 4307039), ('12', 4381914, '12', 25228782), ('12', 25227461, '12', 25145589), ('12', 26095654, '12', 2895708)]",0.0,[],0.0,[],0.0,[],[],0,"{'12': {'KRAS': {'type': ['oncogene'], 'loc': ('25204789', '25250936')}}}",['KRAS'],1.0,1,1,0.875,high
CORL279_LUNG,1,1,circular,92622,1,1,"[('5', 754402, 847023)]","[('5', 847023, '5', 754402)]",1.0,"[('5', 847023, '5', 754402)]",0.0,[],0.0,[],0.0,[],[],0,{},[],0.0,1,1,0.5,high
CORL279_LUNG,1,2,linear,125576,2,1,"[('5', 900024, 846747), ('5', 754617, 682316)]","[('5', 846747, '5', 754617), ('5', 682316, '5', 900024)]",0.5,"[('5', 846747, '5', 754617)]",0.5,"[('5', 682316, '5', 900024)]",0.5,"[('5', 682316, '5', 774640)]",0.0,[],[],0,{},[],0.0,0,1,0.75,high
CORL279_LUNG,2,1,circular,623729,2,1,"[('8', 123761167, 124370402), ('8', 127728611, 127743103)]","[('8', 124370402, '8', 127728611), ('8', 127743103, '8', 123761167)]",1.0,"[('8', 124370402, '8', 127728611), ('8', 127743103, '8', 123761167)]",0.0,[],0.0,[],0.0,[],[],0,"{'8': {'MYC': {'type': ['oncogene', ' fusion'], 'loc': ('127735434', '127741434')}}}",['MYC'],0.0,1,1,0.5,high
CORL279_LUNG,2,2,circular,2510,1,1,"[('8', 124342746, 124345255)]","[('8', 124345255, '8', 124342746)]",1.0,"[('8', 124345255, '8', 124342746)]",0.0,[],0.0,[],0.0,[],[],0,{},[],0.0,1,1,0.5,high
CORL279_LUNG,2,3,circular,1356,1,1,"[('8', 124354331, 124355686)]","[('8', 124355686, '8', 124354331)]",1.0,"[('8', 124355686, '8', 124354331)]",0.0,[],0.0,[],0.0,[],[],0,{},[],0.0,1,1,0.5,high
CORL279_LUNG,2,4,circular,4369,1,1,"[('8', 123918633, 123923001)]","[('8', 123923001, '8', 123918633)]",1.0,"[('8', 123923001, '8', 123918633)]",0.0,[],0.0,[],0.0,[],[],0,{},[],0.0,1,1,0.5,high
CORL279_LUNG,2,5,circular,3663,1,1,"[('8', 123952214, 123955876)]","[('8', 123955876, '8', 123952214)]",1.0,"[('8', 123955876, '8', 123952214)]",0.0,[],0.0,[],0.0,[],[],0,{},[],0.0,1,1,0.5,high
CORL279_LUNG,2,6,circular,3225,1,1,"[('8', 124018187, 124021411)]","[('8', 124021411, '8', 124018187)]",1.0,"[('8', 124021411, '8', 124018187)]",0.0,[],0.0,[],0.0,[],[],0,{},[],0.0,1,1,0.5,high
CORL279_LUNG,2,7,circular,4073,1,1,"[('8', 124075998, 124080070)]","[('8', 124080070, '8', 124075998)]",1.0,"[('8', 124080070, '8', 124075998)]",0.0,[],0.0,[],0.0,[],[],0,{},[],0.0,1,1,0.5,high
CORL279_LUNG,2,8,circular,3628,1,1,"[('8', 124037232, 124040859)]","[('8', 124040859, '8', 124037232)]",1.0,"[('8', 124040859, '8', 124037232)]",0.0,[],0.0,[],0.0,[],[],0,{},[],0.0,1,1,0.5,high
CORL279_LUNG,2,10,circular,1864,1,1,"[('8', 124042243, 124044106)]","[('8', 124044106, '8', 124042243)]",1.0,"[('8', 124044106, '8', 124042243)]",0.0,[],0.0,[],0.0,[],[],0,{},[],0.0,1,1,0.5,high
CORL279_LUNG,2,11,circular,2974,1,1,"[('8', 123939566, 123942539)]","[('8', 123942539, '8', 123939566)]",1.0,"[('8', 123942539, '8', 123939566)]",0.0,[],0.0,[],0.0,[],[],0,{},[],0.0,1,1,0.5,high
CORL279_LUNG,2,12,circular,2000,1,1,"[('8', 124180267, 124182266)]","[('8', 124182266, '8', 124180267)]",1.0,"[('8', 124182266, '8', 124180267)]",0.0,[],0.0,[],0.0,[],[],0,{},[],0.0,1,1,0.5,high
CORL279_LUNG,2,13,circular,2266,1,1,"[('8', 124070733, 124072998)]","[('8', 124072998, '8', 124070733)]",1.0,"[('8', 124072998, '8', 124070733)]",0.0,[],0.0,[],0.0,[],[],0,{},[],0.0,1,1,0.5,high
CORL279_LUNG,2,14,circular,4788,1,1,"[('8', 123907131, 123911918)]","[('8', 123911918, '8', 123907131)]",1.0,"[('8', 123911918, '8', 123907131)]",0.0,[],0.0,[],0.0,[],[],0,{},[],0.0,1,1,0.5,high
CORL279_LUNG,2,15,circular,5876,1,1,"[('8', 123763764, 123769639)]","[('8', 123769639, '8', 123763764)]",1.0,"[('8', 123769639, '8', 123763764)]",0.0,[],0.0,[],0.0,[],[],0,{},[],0.0,1,1,0.5,high
CORL279_LUNG,2,16,circular,4299,1,1,"[('8', 127736480, 127740778)]","[('8', 127740778, '8', 127736480)]",1.0,"[('8', 127740778, '8', 127736480)]",0.0,[],0.0,[],0.0,[],[],0,{},[],0.0,1,1,0.5,high
CORL279_LUNG,2,17,circular,3009,1,1,"[('8', 124209453, 124212461)]","[('8', 124212461, '8', 124209453)]",1.0,"[('8', 124212461, '8', 124209453)]",0.0,[],0.0,[],0.0,[],[],0,{},[],0.0,1,1,0.5,high
CORL279_LUNG,2,18,circular,1540,1,1,"[('8', 127729095, 127730634)]","[('8', 127730634, '8', 127729095)]",1.0,"[('8', 127730634, '8', 127729095)]",0.0,[],0.0,[],0.0,[],[],0,{},[],0.0,1,1,0.5,high
CORL311_LUNG,1,1,circular,19605,1,1,"[('11', 107781442, 107801046)]","[('11', 107801046, '11', 107781442)]",1.0,"[('11', 107801046, '11', 107781442)]",0.0,[],0.0,[],0.0,[],[],0,{},[],0.0,1,1,0.5,high
CORL311_LUNG,1,2,linear,849900,2,1,"[('11', 113907197, 113077740), ('11', 115827603, 115807158)]","[('11', 113077740, '11', 115827603), ('11', 115807158, '11', 113907197)]",0.5,"[('11', 113077740, '11', 115827603)]",0.5,"[('11', 115807158, '11', 113907197)]",0.0,[],0.0,[],[],0,{},[],0.0,0,1,0.5,high
CORL311_LUNG,1,3,circular,490,1,1,"[('11', 105253718, 105254207)]","[('11', 105254207, '11', 105253718)]",1.0,"[('11', 105254207, '11', 105253718)]",0.0,[],0.0,[],0.0,[],[],0,{},[],1.0,1,1,0.875,high
CORL311_LUNG,1,4,circular,30132,1,1,"[('11', 105077005, 105107136)]","[('11', 105107136, '11', 105077005)]",1.0,"[('11', 105107136, '11', 105077005)]",0.0,[],0.0,[],0.0,[],[],0,{},[],0.0,1,1,0.5,high
CORL311_LUNG,3,1,circular,287183,3,1,"[('6', 105927342, 105849799), ('6', 105924781, 106134222), ('6', 106755141, 106754941)]","[('6', 105849799, '6', 105924781), ('6', 106134222, '6', 106755141), ('6', 106754941, '6', 105927342)]",1.0,"[('6', 105849799, '6', 105924781), ('6', 106134222, '6', 106755141), ('6', 106754941, '6', 105927342)]",0.0,[],0.0,[],0.0,[],[],0,"{'6': {'PRDM1': {'type': ['TSG'], 'loc': ('106086320', '106109939')}}}",['PRDM1'],0.0,1,1,0.5,high
CORL311_LUNG,3,2,circular,4460,1,1,"[('6', 105880407, 105884866)]","[('6', 105884866, '6', 105880407)]",1.0,"[('6', 105884866, '6', 105880407)]",0.0,[],0.0,[],0.0,[],[],0,{},[],0.0,1,1,0.5,high
CORL311_LUNG,3,4,circular,2511,1,1,"[('6', 105896339, 105898849)]","[('6', 105898849, '6', 105896339)]",1.0,"[('6', 105898849, '6', 105896339)]",0.0,[],0.0,[],0.0,[],[],0,{},[],0.0,1,1,0.5,high
CORL311_LUNG,3,5,circular,347239,1,1,"[('8', 127702604, 128049842)]","[('8', 128049842, '8', 127702604)]",1.0,"[('8', 128049842, '8', 127702604)]",0.0,[],0.0,[],0.0,[],[],0,"{'8': {'MYC': {'type': ['oncogene', ' fusion'], 'loc': ('127735434', '127741434')}}}",['MYC'],0.0,1,1,0.5,high
CORL311_LUNG,3,8,circular,3580,1,1,"[('6', 105908482, 105912061)]","[('6', 105912061, '6', 105908482)]",1.0,"[('6', 105912061, '6', 105908482)]",0.0,[],0.0,[],0.0,[],[],0,{},[],0.0,1,1,0.5,high
CORL311_LUNG,3,9,circular,1049145,2,1,"[('6', 106398915, 106134265), ('6', 106412070, 107196565)]","[('6', 106134265, '6', 106412070), ('6', 107196565, '6', 106398915)]",1.0,"[('6', 106134265, '6', 106412070), ('6', 107196565, '6', 106398915)]",0.0,[],0.0,[],0.0,[],[],0,{},[],0.0,1,1,0.5,high
CORL311_LUNG,3,10,circular,616,1,1,"[('8', 127809674, 127810289)]","[('8', 127810289, '8', 127809674)]",1.0,"[('8', 127810289, '8', 127809674)]",0.0,[],0.0,[],0.0,[],[],0,{},[],1.0,1,1,0.875,high
CORL311_LUNG,3,13,circular,650,1,1,"[('6', 106860402, 106861051)]","[('6', 106861051, '6', 106860402)]",1.0,"[('6', 106861051, '6', 106860402)]",0.0,[],0.0,[],0.0,[],[],0,{},[],1.0,1,1,0.875,high
CORL311_LUNG,3,15,circular,502,1,1,"[('6', 107514241, 107514742)]","[('6', 107514742, '6', 107514241)]",1.0,"[('6', 107514742, '6', 107514241)]",0.0,[],0.0,[],0.0,[],[],0,{},[],1.0,1,1,0.875,high
CORL311_LUNG,3,16,circular,1517,1,1,"[('5', 1290102, 1291618)]","[('5', 1291618, '5', 1290102)]",1.0,"[('5', 1291618, '5', 1290102)]",0.0,[],0.0,[],0.0,[],[],0,{},[],0.0,1,1,0.5,high
CORL311_LUNG,3,17,circular,648,1,1,"[('8', 128356149, 128356796)]","[('8', 128356796, '8', 128356149)]",1.0,"[('8', 128356796, '8', 128356149)]",0.0,[],0.0,[],0.0,[],[],0,{},[],1.0,1,1,0.875,high
CORL88_LUNG,1,1,circular,53993,4,1,"[('1', 8687739, 8712946), ('1', 8712370, 8687739), ('1', 8683064, 8685484), ('1', 8684799, 8683064)]","[('1', 8712946, '1', 8712370), ('1', 8687739, '1', 8683064), ('1', 8685484, '1', 8684799), ('1', 8683064, '1', 8687739)]",1.0,"[('1', 8687739, '1', 8683064), ('1', 8683064, '1', 8687739)]",0.0,[],0.0,[],0.0,[],[],2,{},[],0.0,1,1,0.5,high
CORL88_LUNG,1,2,circular,1044988,2,1,"[('1', 8712155, 9654650), ('1', 9651673, 9549180)]","[('1', 9654650, '1', 9651673), ('1', 9549180, '1', 8712155)]",1.0,"[('1', 9654650, '1', 9651673), ('1', 9549180, '1', 8712155)]",0.0,[],0.0,[],0.0,[],[],0,{},[],0.0,1,1,0.5,high
CORL88_LUNG,2,1,linear,1332823,1,1,"[('1', 16097099, 14764275)]","[('1', 14764275, '1', 16097099)]",0.0,[],1.0,"[('1', 14764275, '1', 16097099)]",0.0,[],0.0,[],[],0,"{'1': {'CASP9': {'type': ['TSG'], 'loc': ('15490832', '15526534')}, 'SPEN': {'type': ['TSG'], 'loc': ('15847864', '15940460')}}}","['CASP9', 'SPEN']",0.0,0,0,1.5,medium
CORL88_LUNG,3,2,circular,1944411,2,1,"[('1', 39493171, 40610775), ('1', 40614072, 39787265)]","[('1', 40610775, '1', 40614072), ('1', 39787265, '1', 39493171)]",1.0,"[('1', 40610775, '1', 40614072), ('1', 39787265, '1', 39493171)]",0.0,[],0.0,[],0.0,[],[],0,"{'1': {'MYCL': {'type': ['oncogene'], 'loc': ('39895426', '39902256')}}}","['MYCL', 'MYCL']",1.0,1,1,0.875,high
COV362_OVARY,1,1,linear,369995,1,1,"[('5', 180083275, 179713279)]","[('5', 179713279, '5', 180083275)]",0.0,[],1.0,"[('5', 179713279, '5', 180083275)]",0.0,[],0.0,[],[],0,{},[],0.0,0,0,1.5,medium
COV362_OVARY,3,1,linear,979855,1,1,"[('11', 78674573, 77694717)]","[('11', 77694717, '11', 78674573)]",0.0,[],1.0,"[('11', 77694717, '11', 78674573)]",0.0,[],0.0,[],[],0,{},[],0.0,0,0,1.5,medium
COV644_OVARY,1,3,circular,148639,3,1,"[('1', 153262254, 153319997), ('1', 153586351, 153553902), ('1', 154084152, 154142598)]","[('1', 153319997, '1', 153586351), ('1', 153553902, '1', 154084152), ('1', 154142598, '1', 153262254)]",1.0,"[('1', 153319997, '1', 153586351), ('1', 153553902, '1', 154084152), ('1', 154142598, '1', 153262254)]",0.0,[],0.0,[],0.0,[],[],0,{},[],0.0,1,1,0.5,high
COV644_OVARY,1,4,circular,311835,2,1,"[('1', 153262254, 153273823), ('1', 153842334, 154142598)]","[('1', 153273823, '1', 153842334), ('1', 154142598, '1', 153262254)]",1.0,"[('1', 153273823, '1', 153842334), ('1', 154142598, '1', 153262254)]",0.0,[],0.0,[],0.0,[],[],0,{},[],0.0,1,1,0.5,high
DANG_PANCREAS,2,2,linear,1934317,9,1,"[('9', 79185421, 79418017), ('9', 79573035, 79594689), ('9', 73402968, 72820054), ('9', 73861506, 73732274), ('9', 73730836, 73861506), ('9', 70638044, 70638130), ('9', 72820054, 73402968), ('9', 79594689, 79573035), ('9', 79418017, 79185421)]","[('9', 79418017, '9', 79573035), ('9', 79594689, '9', 73402968), ('9', 72820054, '9', 73861506), ('9', 73732274, '9', 73730836), ('9', 73861506, '9', 70638044), ('9', 70638130, '9', 72820054), ('9', 73402968, '9', 79594689), ('9', 79573035, '9', 79418017), ('9', 79185421, '9', 79185421)]",1.0,"[('9', 79418017, '9', 79573035), ('9', 79594689, '9', 73402968), ('9', 72820054, '9', 73861506), ('9', 73861506, '9', 70638044), ('9', 70638130, '9', 72820054), ('9', 73402968, '9', 79594689), ('9', 79573035, '9', 79418017)]",0.0,[],0.0,[],0.0,[],[],2,{},[],1.0,0,1,0.875,high
DANG_PANCREAS,4,1,linear,434994,1,1,"[('7', 112646176, 112211181)]","[('7', 112211181, '7', 112646176)]",0.0,[],1.0,"[('7', 112211181, '7', 112646176)]",0.0,[],0.0,[],[],0,{},[],0.0,0,0,1.5,medium
DANG_PANCREAS,5,1,linear,3119962,1,1,"[('7', 117511118, 114391155)]","[('7', 114391155, '7', 117511118)]",0.0,[],1.0,"[('7', 114391155, '7', 117511118)]",0.0,[],0.0,[],[],0,"{'7': {'MET': {'type': ['oncogene'], 'loc': ('116672390', '116798386')}}}",['MET'],1.0,0,0,1.875,medium
DANG_PANCREAS,6,1,linear,4229948,1,1,"[('7', 124301036, 120071087)]","[('7', 120071087, '7', 124301036)]",0.0,[],1.0,"[('7', 120071087, '7', 124301036)]",0.0,[],0.0,[],[],0,{},[],1.0,0,0,1.875,medium
DANG_PANCREAS,7,1,circular,3851219,6,1,"[('8', 37129660, 37193366), ('8', 37194335, 38817937), ('8', 39503139, 39830318), ('8', 35553984, 34972546), ('8', 15555261, 15555169), ('8', 10079882, 11335082)]","[('8', 37193366, '8', 37194335), ('8', 38817937, '8', 39503139), ('8', 39830318, '8', 35553984), ('8', 34972546, '8', 15555261), ('8', 15555169, '8', 10079882), ('8', 11335082, '8', 37129660)]",1.0,"[('8', 38817937, '8', 39503139), ('8', 39830318, '8', 35553984), ('8', 34972546, '8', 15555261), ('8', 15555169, '8', 10079882), ('8', 11335082, '8', 37129660)]",0.0,[],0.0,[],0.0,[],[],1,"{'8': {'FGFR1': {'type': ['oncogene', ' fusion'], 'loc': ('38411138', '38468834')}, 'NSD3': {'type': ['oncogene', ' fusion'], 'loc': ('38269697', '38382272')}}}","['FGFR1', 'NSD3']",1.0,1,1,0.875,high
DANG_PANCREAS,9,1,linear,11144571,2,1,"[('12', 23669597, 17454077), ('12', 17456220, 22385271)]","[('12', 17454077, '12', 17456220), ('12', 22385271, '12', 23669597)]",0.5,"[('12', 17454077, '12', 17456220)]",0.5,"[('12', 22385271, '12', 23669597)]",0.0,[],0.0,[],[],0,"{'12': {'ETNK1': {'type': ['TSG'], 'loc': ('22625075', '22690665')}}}",['ETNK1'],1.0,0,1,0.875,high
DETROIT562_UPPER_AERODIGESTIVE_TRACT,1,1,linear,392333,1,1,"[('11', 103207487, 102815153)]","[('11', 102815153, '11', 103207487)]",0.0,[],1.0,"[('11', 102815153, '11', 103207487)]",0.0,[],0.0,[],[],0,{},[],0.0,0,0,1.5,medium
DETROIT562_UPPER_AERODIGESTIVE_TRACT,1,2,circular,10699281,4,1,"[('11', 98398258, 103107100), ('11', 103106351, 98398258), ('11', 98393869, 97751874), ('11', 97753518, 98393869)]","[('11', 103107100, '11', 103106351), ('11', 98398258, '11', 98393869), ('11', 97751874, '11', 97753518), ('11', 98393869, '11', 98398258)]",1.0,"[('11', 98398258, '11', 98393869), ('11', 98393869, '11', 98398258)]",0.0,[],0.0,[],0.0,[],[],2,"{'11': {'BIRC3': {'type': ['oncogene', ' TSG', ' fusion'], 'loc': ('102317450', '102339403')}, 'YAP1': {'type': ['fusion', ' oncogene'], 'loc': ('102110461', '102233423')}}}","['BIRC3', 'BIRC3', 'YAP1', 'YAP1']",1.0,1,1,0.875,high
DETROIT562_UPPER_AERODIGESTIVE_TRACT,2,1,linear,189998,1,1,"[('2', 101954584, 101764585)]","[('2', 101764585, '2', 101954584)]",0.0,[],1.0,"[('2', 101764585, '2', 101954584)]",0.0,[],0.0,[],[],0,{},[],0.0,0,0,1.5,medium
DETROIT562_UPPER_AERODIGESTIVE_TRACT,3,1,linear,225001,1,1,"[('5', 38795806, 38570804)]","[('5', 38570804, '5', 38795806)]",0.0,[],1.0,"[('5', 38570804, '5', 38795806)]",0.0,[],0.0,[],[],0,{},[],0.0,0,0,1.5,medium
DETROIT562_UPPER_AERODIGESTIVE_TRACT,4,1,linear,939987,1,1,"[('7', 116791126, 115851138)]","[('7', 115851138, '7', 116791126)]",0.0,[],1.0,"[('7', 115851138, '7', 116791126)]",0.0,[],0.0,[],[],0,{},[],0.0,0,0,1.5,medium
DETROIT562_UPPER_AERODIGESTIVE_TRACT,5,1,circular,56378,1,1,"[('11', 34671479, 34727856)]","[('11', 34727856, '11', 34671479)]",1.0,"[('11', 34727856, '11', 34671479)]",0.0,[],0.0,[],0.0,[],[],0,{},[],0.0,1,1,0.5,high
DETROIT562_UPPER_AERODIGESTIVE_TRACT,5,2,circular,2436148,2,1,"[('11', 34580442, 35805175), ('11', 35807163, 34595748)]","[('11', 35805175, '11', 35807163), ('11', 34595748, '11', 34580442)]",1.0,"[('11', 34595748, '11', 34580442)]",0.0,[],0.0,[],0.0,[],[],1,{},[],1.0,1,1,0.875,high
DETROIT562_UPPER_AERODIGESTIVE_TRACT,6,1,linear,765027,1,1,"[('11', 70745687, 69980659)]","[('11', 69980659, '11', 70745687)]",0.0,[],1.0,"[('11', 69980659, '11', 70745687)]",0.0,[],0.0,[],[],0,"{'11': {'FADD': {'type': [''], 'loc': ('70203163', '70207390')}}}",['FADD'],0.0,0,0,1.5,medium
DETROIT562_UPPER_AERODIGESTIVE_TRACT,7,1,linear,569989,1,1,"[('22', 20094522, 19524532)]","[('22', 19524532, '22', 20094522)]",0.0,[],1.0,"[('22', 19524532, '22', 20094522)]",0.0,[],0.0,[],[],0,"{'22': {'SEPT5': {'type': ['fusion'], 'loc': ('19714464', '19724224')}}}",['SEPT5'],0.0,0,0,1.5,medium
DMS114_LUNG,1,1,circular,29161,1,1,"[('11', 31183940, 31213100)]","[('11', 31213100, '11', 31183940)]",1.0,"[('11', 31213100, '11', 31183940)]",0.0,[],0.0,[],0.0,[],[],0,{},[],0.0,1,1,0.5,high
DMS114_LUNG,1,2,circular,3577474,4,1,"[('11', 31376099, 32232714), ('11', 32233937, 31376099), ('11', 31372228, 30441696), ('11', 30439739, 31372228)]","[('11', 32232714, '11', 32233937), ('11', 31376099, '11', 31372228), ('11', 30441696, '11', 30439739), ('11', 31372228, '11', 31376099)]",1.0,"[('11', 31376099, '11', 31372228), ('11', 31372228, '11', 31376099)]",0.0,[],0.0,[],0.0,[],[],2,{},[],1.0,1,1,0.875,high
DMS114_LUNG,2,1,linear,917646,1,1,"[('3', 87800000, 86882353)]","[('3', 86882353, '3', 87800000)]",0.0,[],1.0,"[('3', 86882353, '3', 87800000)]",0.0,[],0.0,[],[],0,{},[],0.0,0,0,1.5,medium
DMS114_LUNG,4,1,circular,118,2,2,"[('11', 69189101, 69189166), ('12', 108227776, 108227723)]","[('11', 69189166, '12', 108227776), ('12', 108227723, '11', 69189101)]",1.0,"[('11', 69189166, '12', 108227776), ('12', 108227723, '11', 69189101)]",0.0,[],0.0,[],0.0,[],[],0,{},[],1.0,1,1,0.875,high
DMS114_LUNG,4,2,circular,47,1,1,"[('8', 36088688, 36088734)]","[('8', 36088734, '8', 36088688)]",1.0,"[('8', 36088734, '8', 36088688)]",0.0,[],0.0,[],0.0,[],[],0,{},[],1.0,1,1,0.875,high
DMS114_LUNG,4,3,circular,49,1,1,"[('11', 68694761, 68694809)]","[('11', 68694809, '11', 68694761)]",1.0,"[('11', 68694809, '11', 68694761)]",0.0,[],0.0,[],0.0,[],[],0,{},[],1.0,1,1,0.875,high
DMS114_LUNG,4,4,linear,1841737,2,1,"[('11', 70434899, 69586634), ('11', 69586074, 68592600)]","[('11', 69586634, '11', 69586074), ('11', 68592600, '11', 70434899)]",0.0,[],1.0,"[('11', 68592600, '11', 70434899)]",0.0,[],0.0,[],[],1,"{'11': {'CCND1': {'type': ['oncogene', ' fusion'], 'loc': ('69641087', '69654474')}, 'FADD': {'type': [''], 'loc': ('70203163', '70207390')}}}","['CCND1', 'FADD']",1.0,0,0,1.875,medium
DMS153_LUNG,1,1,linear,470008,1,1,"[('1', 31649484, 31179475)]","[('1', 31179475, '1', 31649484)]",0.0,[],1.0,"[('1', 31179475, '1', 31649484)]",0.0,[],0.0,[],[],0,{},[],0.0,0,0,1.5,medium
DMS454_LUNG,1,1,linear,1724115,3,1,"[('1', 2646683, 1935538), ('1', 1934940, 934914), ('1', 934303, 921356)]","[('1', 1935538, '1', 1934940), ('1', 934914, '1', 934303), ('1', 921356, '1', 2646683)]",0.0,[],1.0,"[('1', 921356, '1', 2646683)]",0.0,[],0.0,[],[],2,"{'1': {'SKI': {'type': ['oncogene'], 'loc': ('2228695', '2310119')}, 'TNFRSF14': {'type': ['TSG'], 'loc': ('2555639', '2565382')}}}","['SKI', 'TNFRSF14']",0.0,0,0,1.5,medium
DMS454_LUNG,2,1,circular,655,1,1,"[('1', 2848830, 2849484)]","[('1', 2849484, '1', 2848830)]",1.0,"[('1', 2849484, '1', 2848830)]",0.0,[],0.0,[],0.0,[],[],0,{},[],1.0,1,1,0.875,high
DMS454_LUNG,3,1,linear,499019,2,1,"[('8', 37503866, 37194335), ('8', 37193366, 37003876)]","[('8', 37194335, '8', 37193366), ('8', 37003876, '8', 37503866)]",0.0,[],1.0,"[('8', 37003876, '8', 37503866)]",0.0,[],0.0,[],[],1,{},[],0.0,0,0,1.5,medium
DMS53_LUNG,6,1,linear,119999,1,1,"[('2', 238458557, 238338557)]","[('2', 238338557, '2', 238458557)]",0.0,[],1.0,"[('2', 238338557, '2', 238458557)]",0.0,[],0.0,[],[],0,{},[],0.0,0,0,1.5,medium
DU145_PROSTATE,1,1,linear,725016,1,1,"[('14', 30976974, 30251957)]","[('14', 30251957, '14', 30976974)]",0.0,[],1.0,"[('14', 30251957, '14', 30976974)]",0.0,[],0.0,[],[],0,{},[],0.0,0,0,1.5,medium
DU145_PROSTATE,1,2,linear,3063209,3,1,"[('14', 34452053, 34045630), ('14', 34044819, 32485142), ('14', 32484097, 31386985)]","[('14', 34045630, '14', 34044819), ('14', 32485142, '14', 32484097), ('14', 31386985, '14', 34452053)]",0.0,[],1.0,"[('14', 31386985, '14', 34452053)]",0.0,[],1.0,"[('14', 32485142), ('14', 32484097)]","['High Signal Region', 'High Signal Region']",2,"{'14': {'ARHGAP5': {'type': ['oncogene'], 'loc': ('32076114', '32159728')}}}",['ARHGAP5'],1.0,0,2,2.4375,low
DU145_PROSTATE,2,1,linear,1570035,1,1,"[('14', 36717105, 35147069)]","[('14', 35147069, '14', 36717105)]",0.0,[],1.0,"[('14', 35147069, '14', 36717105)]",0.0,[],0.0,[],[],0,"{'14': {'NKX2-1': {'type': ['oncogene', ' TSG'], 'loc': ('36516392', '36521149')}}}",['NKX2-1'],0.0,0,0,1.5,medium
EFM192A_BREAST,1,1,circular,61512,1,1,"[('12', 31849001, 31910512)]","[('12', 31910512, '12', 31849001)]",1.0,"[('12', 31910512, '12', 31849001)]",0.0,[],0.0,[],0.0,[],[],0,{},[],0.0,1,1,0.5,high
EFM192A_BREAST,1,2,circular,1740,2,1,"[('20', 47895042, 47896010), ('20', 48516388, 48515616)]","[('20', 47896010, '20', 48516388), ('20', 48515616, '20', 47895042)]",1.0,"[('20', 47896010, '20', 48516388), ('20', 48515616, '20', 47895042)]",0.0,[],0.0,[],1.0,"[('20', 47896010), ('20', 47895042)]","['High Signal Region', 'High Signal Region']",0,{},[],0.0,1,1,1.0625,medium
EFM192A_BREAST,1,5,circular,3286,1,1,"[('8', 114789907, 114793192)]","[('8', 114793192, '8', 114789907)]",1.0,"[('8', 114793192, '8', 114789907)]",0.0,[],0.0,[],0.0,[],[],0,{},[],0.0,1,1,0.5,high
EFM192A_BREAST,1,6,circular,1285049,4,2,"[('12', 31891084, 32216329), ('17', 63725939, 63723305), ('17', 39982340, 39625169), ('17', 52022658, 52622657)]","[('12', 32216329, '17', 63725939), ('17', 63723305, '17', 39982340), ('17', 39625169, '17', 52022658), ('17', 52622657, '12', 31891084)]",1.0,"[('12', 32216329, '17', 63725939), ('17', 63723305, '17', 39982340), ('17', 39625169, '17', 52022658), ('17', 52622657, '12', 31891084)]",0.0,[],0.0,[],0.0,[],[],0,"{'17': {'ERBB2': {'type': ['oncogene', ' fusion'], 'loc': ('39687914', '39730426')}, 'IKZF3': {'type': ['oncogene', ' TSG', ' fusion'], 'loc': ('39757715', '39864188')}}}","['ERBB2', 'IKZF3']",0.0,1,1,0.5,high
EFM192A_BREAST,1,12,circular,5377925,6,2,"[('8', 126242378, 128452922), ('8', 128459020, 128750243), ('8', 128753780, 129815744), ('8', 69454874, 69919624), ('8', 80166533, 81515911), ('17', 54477508, 54477446)]","[('8', 128452922, '8', 128459020), ('8', 128750243, '8', 128753780), ('8', 129815744, '8', 69454874), ('8', 69919624, '8', 80166533), ('8', 81515911, '17', 54477508), ('17', 54477446, '8', 126242378)]",1.0,"[('8', 128452922, '8', 128459020), ('8', 128750243, '8', 128753780), ('8', 129815744, '8', 69454874), ('8', 69919624, '8', 80166533), ('8', 81515911, '17', 54477508), ('17', 54477446, '8', 126242378)]",0.0,[],0.0,[],0.0,[],[],0,"{'8': {'MYC': {'type': ['oncogene', ' fusion'], 'loc': ('127735434', '127741434')}}}",['MYC'],1.0,1,1,0.875,high
EFM192A_BREAST,1,13,circular,111798,1,1,"[('8', 115208293, 115320090)]","[('8', 115320090, '8', 115208293)]",1.0,"[('8', 115320090, '8', 115208293)]",0.0,[],0.0,[],0.0,[],[],0,{},[],0.0,1,1,0.5,high
EFM192A_BREAST,1,14,circular,310638,3,1,"[('8', 112850566, 112850754), ('8', 113035232, 113034985), ('8', 112850759, 113160961)]","[('8', 112850754, '8', 113035232), ('8', 113034985, '8', 112850759), ('8', 113160961, '8', 112850566)]",1.0,"[('8', 112850754, '8', 113035232), ('8', 113034985, '8', 112850759), ('8', 113160961, '8', 112850566)]",0.0,[],0.0,[],0.0,[],[],0,{},[],0.0,1,1,0.5,high
EFM192A_BREAST,1,15,circular,2396561,4,2,"[('8', 124224578, 125582886), ('8', 125588890, 125636512), ('8', 115297687, 116284539), ('1', 56685738, 56689513)]","[('8', 125582886, '8', 125588890), ('8', 125636512, '8', 115297687), ('8', 116284539, '1', 56685738), ('1', 56689513, '8', 124224578)]",1.0,"[('8', 125582886, '8', 125588890), ('8', 125636512, '8', 115297687), ('8', 116284539, '1', 56685738), ('1', 56689513, '8', 124224578)]",0.0,[],0.0,[],0.0,[],[],0,{},[],1.0,1,1,0.875,high
EFM192A_BREAST,1,16,circular,148166,4,2,"[('13', 20387290, 20386550), ('17', 39370523, 39335280), ('17', 39197106, 39303897), ('17', 39442721, 39448113)]","[('13', 20386550, '17', 39370523), ('17', 39335280, '17', 39197106), ('17', 39303897, '17', 39442721), ('17', 39448113, '13', 20387290)]",1.0,"[('13', 20386550, '17', 39370523), ('17', 39335280, '17', 39197106), ('17', 39303897, '17', 39442721), ('17', 39448113, '13', 20387290)]",0.0,[],0.0,[],0.0,[],[],0,{},[],0.0,1,1,0.5,high
EFM192A_BREAST,1,19,circular,2661,1,1,"[('20', 47014931, 47017591)]","[('20', 47017591, '20', 47014931)]",1.0,"[('20', 47017591, '20', 47014931)]",0.0,[],0.0,[],0.0,[],[],0,{},[],0.0,1,1,0.5,high
EFM192A_BREAST,1,21,linear,48,1,1,"[('17', 50168331, 50168282)]","[('17', 50168282, '17', 50168331)]",0.0,[],1.0,"[('17', 50168282, '17', 50168331)]",0.0,[],0.0,[],[],0,{},[],1.0,0,0,1.875,medium
EFM192A_BREAST,1,22,linear,332,1,1,"[('1', 52830634, 52830301)]","[('1', 52830301, '1', 52830634)]",0.0,[],1.0,"[('1', 52830301, '1', 52830634)]",0.0,[],0.0,[],[],0,{},[],1.0,0,0,1.875,medium
EFM192A_BREAST,1,24,linear,258,1,1,"[('1', 57481380, 57481121)]","[('1', 57481121, '1', 57481380)]",0.0,[],1.0,"[('1', 57481121, '1', 57481380)]",0.0,[],0.0,[],[],0,{},[],1.0,0,0,1.875,medium
EFM192A_BREAST,1,26,circular,9054994,6,1,"[('8', 84481841, 82235722), ('8', 81567250, 80172532), ('8', 84089630, 84693339), ('8', 114337869, 113134738), ('8', 120634837, 123314905), ('8', 123315436, 124242685)]","[('8', 82235722, '8', 81567250), ('8', 80172532, '8', 84089630), ('8', 84693339, '8', 114337869), ('8', 113134738, '8', 120634837), ('8', 123314905, '8', 123315436), ('8', 124242685, '8', 84481841)]",1.0,"[('8', 82235722, '8', 81567250), ('8', 80172532, '8', 84089630), ('8', 84693339, '8', 114337869), ('8', 113134738, '8', 120634837), ('8', 124242685, '8', 84481841)]",0.0,[],0.0,[],0.0,[],[],1,{},[],1.0,1,1,0.875,high
EFM192A_BREAST,1,27,linear,13532214,6,1,"[('8', 128489700, 128619303), ('8', 128611332, 128459020), ('8', 128452922, 125588890), ('8', 125582886, 123970614), ('8', 123222773, 120520225), ('8', 92850662, 86779211)]","[('8', 128619303, '8', 128611332), ('8', 128459020, '8', 128452922), ('8', 125588890, '8', 125582886), ('8', 123970614, '8', 123222773), ('8', 120520225, '8', 92850662), ('8', 86779211, '8', 128489700)]",0.8333333333333334,"[('8', 128619303, '8', 128611332), ('8', 128459020, '8', 128452922), ('8', 125588890, '8', 125582886), ('8', 123970614, '8', 123222773), ('8', 120520225, '8', 92850662)]",0.1666666666666666,"[('8', 86779211, '8', 128489700)]",0.0,[],0.0,[],[],0,"{'8': {'CNBD1': {'type': [''], 'loc': ('86866442', '87615219')}, 'MYC': {'type': ['oncogene', ' fusion'], 'loc': ('127735434', '127741434')}, 'NBN': {'type': ['TSG'], 'loc': ('89933336', '90003228')}, 'RUNX1T1': {'type': ['oncogene', ' TSG', ' fusion'], 'loc': ('91954967', '92103286')}}}","['CNBD1', 'MYC', 'NBN', 'RUNX1T1']",1.0,0,1,0.875,high
EFM192A_BREAST,1,28,linear,4321438,2,2,"[('12', 33200000, 32986761), ('20', 56367314, 52259113)]","[('12', 32986761, '20', 56367314), ('20', 52259113, '12', 33200000)]",0.5,"[('12', 32986761, '20', 56367314)]",0.5,"[('20', 52259113, '12', 33200000)]",0.0,[],0.0,[],[],0,{},[],1.0,0,1,0.875,high
EFM192A_BREAST,1,29,circular,3233494,3,1,"[('17', 50568500, 52067128), ('17', 49171245, 48597637), ('17', 38728355, 39889612)]","[('17', 52067128, '17', 49171245), ('17', 48597637, '17', 38728355), ('17', 39889612, '17', 50568500)]",1.0,"[('17', 52067128, '17', 49171245), ('17', 48597637, '17', 38728355), ('17', 39889612, '17', 50568500)]",0.0,[],0.0,[],0.0,[],[],0,"{'17': {'CDK12': {'type': ['TSG'], 'loc': ('39461511', '39564907')}, 'ERBB2': {'type': ['oncogene', ' fusion'], 'loc': ('39687914', '39730426')}, 'IKZF3': {'type': ['oncogene', ' TSG', ' fusion'], 'loc': ('39757715', '39864188')}, 'LASP1': {'type': ['fusion'], 'loc': ('38869859', '38921770')}}}","['CDK12', 'ERBB2', 'IKZF3', 'LASP1']",1.0,1,1,0.875,high
EFM192A_BREAST,5,1,linear,1765059,1,1,"[('13', 111668853, 109903793)]","[('13', 109903793, '13', 111668853)]",0.0,[],1.0,"[('13', 109903793, '13', 111668853)]",0.0,[],0.0,[],[],0,{},[],1.0,0,0,1.875,medium
EFM192A_BREAST,6,1,linear,1895155,1,1,"[('17', 18725571, 16830415)]","[('17', 16830415, '17', 18725571)]",0.0,[],1.0,"[('17', 16830415, '17', 18725571)]",0.0,[],0.0,[],[],0,"{'17': {'FLCN': {'type': ['TSG'], 'loc': ('17212212', '17237188')}}}",['FLCN'],1.0,0,0,1.875,medium
EFM192A_BREAST,7,1,linear,145003,1,1,"[('17', 63367018, 63222014)]","[('17', 63222014, '17', 63367018)]",0.0,[],1.0,"[('17', 63222014, '17', 63367018)]",0.0,[],0.0,[],[],0,{},[],0.0,0,0,1.5,medium
EFM19_BREAST,4,1,circular,825629,2,1,"[('16', 53520865, 53125032), ('16', 53121415, 53551211)]","[('16', 53125032, '16', 53121415), ('16', 53551211, '16', 53520865)]",1.0,"[('16', 53125032, '16', 53121415), ('16', 53551211, '16', 53520865)]",0.0,[],0.0,[],0.0,[],[],0,{},[],0.0,1,1,0.5,high
EFM19_BREAST,5,1,linear,80001,1,1,"[('17', 64447048, 64367046)]","[('17', 64367046, '17', 64447048)]",0.0,[],1.0,"[('17', 64367046, '17', 64447048)]",0.0,[],0.0,[],[],0,{},[],0.0,0,0,1.5,medium
EFM19_BREAST,7,1,linear,360022,1,1,"[('20', 58783810, 58423787)]","[('20', 58423787, '20', 58783810)]",0.0,[],1.0,"[('20', 58423787, '20', 58783810)]",0.0,[],0.0,[],[],0,{},[],0.0,0,0,1.5,medium
EFM19_BREAST,8,1,linear,294127,2,1,"[('20', 62814069, 62673787), ('20', 62672897, 62519050)]","[('20', 62673787, '20', 62672897), ('20', 62519050, '20', 62814069)]",0.0,[],1.0,"[('20', 62519050, '20', 62814069)]",0.0,[],0.0,[],[],1,{},[],0.0,0,0,1.5,medium
EFM19_BREAST,9,1,linear,195009,1,1,"[('20', 63539114, 63344104)]","[('20', 63344104, '20', 63539114)]",0.0,[],1.0,"[('20', 63344104, '20', 63539114)]",0.0,[],0.0,[],[],0,"{'20': {'PTK6': {'type': ['oncogene', ' TSG'], 'loc': ('63528001', '63537370')}}}",['PTK6'],0.0,0,0,1.5,medium
EFO21_OVARY,2,1,circular,5632,1,1,"[('3', 195781261, 195786892)]","[('3', 195786892, '3', 195781261)]",1.0,"[('3', 195786892, '3', 195781261)]",0.0,[],0.0,[],1.0,"[('3', 195786892), ('3', 195781261)]","['High Signal Region', 'High Signal Region']",0,{},[],0.0,1,1,1.0625,medium
EFO21_OVARY,2,2,circular,1703,1,1,"[('3', 197390188, 197391890)]","[('3', 197391890, '3', 197390188)]",1.0,"[('3', 197391890, '3', 197390188)]",0.0,[],0.0,[],1.0,"[('3', 197391890), ('3', 197390188)]","['High Signal Region', 'High Signal Region']",0,{},[],0.0,1,1,1.0625,medium
EFO21_OVARY,2,3,circular,1130,1,1,"[('3', 195944102, 195945231)]","[('3', 195945231, '3', 195944102)]",1.0,"[('3', 195945231, '3', 195944102)]",0.0,[],0.0,[],1.0,"[('3', 195945231), ('3', 195944102)]","['High Signal Region', 'High Signal Region']",0,{},[],0.0,1,1,1.0625,medium
EFO21_OVARY,2,4,circular,6536,1,1,"[('3', 197384429, 197390964)]","[('3', 197390964, '3', 197384429)]",1.0,"[('3', 197390964, '3', 197384429)]",0.0,[],0.0,[],1.0,"[('3', 197390964), ('3', 197384429)]","['High Signal Region', 'High Signal Region']",0,{},[],0.0,1,1,1.0625,medium
EFO21_OVARY,2,5,circular,128614,1,1,"[('3', 195621808, 195750421)]","[('3', 195750421, '3', 195621808)]",1.0,"[('3', 195750421, '3', 195621808)]",0.0,[],0.0,[],1.0,"[('3', 195621808)]",['High Signal Region'],0,{},[],0.0,1,1,1.0625,medium
EFO21_OVARY,3,1,linear,184997,1,1,"[('6', 479993, 294995)]","[('6', 294995, '6', 479993)]",0.0,[],1.0,"[('6', 294995, '6', 479993)]",0.0,[],1.0,"[('6', 294995)]",['High Signal Region'],0,"{'6': {'IRF4': {'type': ['oncogene', ' TSG', ' fusion'], 'loc': ('391739', '411447')}}}",['IRF4'],0.0,0,2,2.0625,low
EFO21_OVARY,7,1,circular,2143,1,1,"[('X', 140723356, 140725498)]","[('X', 140725498, 'X', 140723356)]",1.0,"[('X', 140725498, 'X', 140723356)]",0.0,[],0.0,[],1.0,"[('X', 140725498), ('X', 140723356)]","['High Signal Region', 'High Signal Region']",0,{},[],0.0,1,1,1.0625,medium
ES2_OVARY,1,1,circular,36153,1,1,"[('11', 71414277, 71450429)]","[('11', 71450429, '11', 71414277)]",1.0,"[('11', 71450429, '11', 71414277)]",0.0,[],0.0,[],0.0,[],[],0,{},[],0.0,1,1,0.5,high
ES2_OVARY,1,2,circular,1623,2,2,"[('11', 89264348, 89265706), ('4', 33016428, 33016691)]","[('11', 89265706, '4', 33016428), ('4', 33016691, '11', 89264348)]",1.0,"[('11', 89265706, '4', 33016428), ('4', 33016691, '11', 89264348)]",0.0,[],0.0,[],0.0,[],[],0,{},[],0.0,1,1,0.5,high
ES2_OVARY,1,3,circular,927,2,1,"[('11', 89266491, 89267008), ('11', 102109617, 102110025)]","[('11', 89267008, '11', 102109617), ('11', 102110025, '11', 89266491)]",1.0,"[('11', 89267008, '11', 102109617), ('11', 102110025, '11', 89266491)]",0.0,[],0.0,[],0.0,[],[],0,{},[],1.0,1,1,0.875,high
ES2_OVARY,1,4,linear,870661,2,1,"[('11', 71060662, 71585432), ('11', 71406553, 71060662)]","[('11', 71585432, '11', 71406553), ('11', 71060662, '11', 71060662)]",1.0,"[('11', 71585432, '11', 71406553)]",0.0,[],0.0,[],0.0,[],[],1,{},[],0.0,0,1,0.5,high
ES2_OVARY,1,6,circular,6133,5,1,"[('11', 90852387, 90851966), ('11', 71406159, 71409199), ('11', 71613093, 71613275), ('11', 71410956, 71408830), ('11', 71406642, 71406277)]","[('11', 90851966, '11', 71406159), ('11', 71409199, '11', 71613093), ('11', 71613275, '11', 71410956), ('11', 71408830, '11', 71406642), ('11', 71406277, '11', 90852387)]",1.0,"[('11', 90851966, '11', 71406159), ('11', 71409199, '11', 71613093), ('11', 71613275, '11', 71410956), ('11', 71408830, '11', 71406642), ('11', 71406277, '11', 90852387)]",0.0,[],0.0,[],0.0,[],[],0,{},[],0.0,1,1,0.5,high
ES2_OVARY,1,7,linear,20625,1,1,"[('11', 95306780, 95286154)]","[('11', 95286154, '11', 95306780)]",0.0,[],1.0,"[('11', 95286154, '11', 95306780)]",0.0,[],0.0,[],[],0,{},[],0.0,0,0,1.5,medium
ES2_OVARY,1,8,linear,577982,9,2,"[('4', 33024599, 33024678), ('4', 33015914, 33017273), ('4', 33022501, 33017435), ('11', 102110035, 102109659), ('11', 102105887, 102106000), ('11', 92606979, 92600234), ('11', 102101445, 102009446), ('11', 69046023, 69296848), ('11', 90871821, 90650400)]","[('4', 33024678, '4', 33015914), ('4', 33017273, '4', 33022501), ('4', 33017435, '11', 102110035), ('11', 102109659, '11', 102105887), ('11', 102106000, '11', 92606979), ('11', 92600234, '11', 102101445), ('11', 102009446, '11', 69046023), ('11', 69296848, '11', 90871821), ('11', 90650400, '4', 33024599)]",0.8888888888888888,"[('4', 33024678, '4', 33015914), ('4', 33017273, '4', 33022501), ('4', 33017435, '11', 102110035), ('11', 102109659, '11', 102105887), ('11', 102106000, '11', 92606979), ('11', 92600234, '11', 102101445), ('11', 102009446, '11', 69046023), ('11', 69296848, '11', 90871821)]",0.1111111111111111,"[('11', 90650400, '4', 33024599)]",0.0,[],0.0,[],[],0,{},[],0.0,0,1,0.5,high
FADU_UPPER_AERODIGESTIVE_TRACT,3,1,linear,8230188,1,1,"[('14', 97028491, 88798302)]","[('14', 88798302, '14', 97028491)]",0.0,[],1.0,"[('14', 88798302, '14', 97028491)]",0.0,[],0.0,[],[],0,"{'14': {'DICER1': {'type': ['TSG'], 'loc': ('95086228', '95158010')}, 'GOLGA5': {'type': ['fusion'], 'loc': ('92794231', '92839963')}, 'TCL1A': {'type': ['oncogene', ' fusion'], 'loc': ('95709967', '95714196')}, 'TRIP11': {'type': ['fusion'], 'loc': ('91965991', '92040896')}}}","['DICER1', 'GOLGA5', 'TCL1A', 'TRIP11']",1.0,0,0,1.875,medium
FADU_UPPER_AERODIGESTIVE_TRACT,4,1,linear,384376,4,1,"[('11', 71060658, 71381669), ('11', 68998425, 68999293), ('11', 68998853, 68998425), ('11', 71381669, 71319600)]","[('11', 71381669, '11', 68998425), ('11', 68999293, '11', 68998853), ('11', 68998425, '11', 71381669), ('11', 71319600, '11', 71060658)]",0.6666666666666666,"[('11', 71381669, '11', 68998425), ('11', 68998425, '11', 71381669)]",0.3333333333333333,"[('11', 71319600, '11', 71060658)]",0.0,[],0.0,[],[],1,{},[],0.0,0,1,0.5,high
FADU_UPPER_AERODIGESTIVE_TRACT,4,2,circular,874,2,2,"[('Y', 11048027, 11048862), ('11', 71124183, 71124220)]","[('Y', 11048862, '11', 71124183), ('11', 71124220, 'Y', 11048027)]",1.0,"[('Y', 11048862, '11', 71124183), ('11', 71124220, 'Y', 11048027)]",0.0,[],0.0,[],0.0,[],[],0,{},[],1.0,1,1,0.875,high
FADU_UPPER_AERODIGESTIVE_TRACT,4,3,linear,147304,1,1,"[('11', 70950689, 70803384)]","[('11', 70803384, '11', 70950689)]",0.0,[],1.0,"[('11', 70803384, '11', 70950689)]",0.0,[],0.0,[],[],0,{},[],0.0,0,0,1.5,medium
FADU_UPPER_AERODIGESTIVE_TRACT,4,4,linear,1873274,4,1,"[('11', 70803383, 70207521), ('11', 70204581, 69586634), ('11', 69586075, 68998425), ('11', 71381669, 71309850)]","[('11', 70207521, '11', 70204581), ('11', 69586634, '11', 69586075), ('11', 68998425, '11', 71381669), ('11', 71309850, '11', 70803383)]",0.6666666666666666,"[('11', 70207521, '11', 70204581), ('11', 68998425, '11', 71381669)]",0.3333333333333333,"[('11', 71309850, '11', 70803383)]",0.0,[],0.0,[],[],1,"{'11': {'CCND1': {'type': ['oncogene', ' fusion'], 'loc': ('69641087', '69654474')}}}",['CCND1'],1.0,0,1,0.875,high
FADU_UPPER_AERODIGESTIVE_TRACT,4,5,linear,664,1,1,"[('X', 3524753, 3524088)]","[('X', 3524088, 'X', 3524753)]",0.0,[],1.0,"[('X', 3524088, 'X', 3524753)]",0.0,[],0.0,[],[],0,{},[],1.0,0,0,1.875,medium
FADU_UPPER_AERODIGESTIVE_TRACT,5,1,linear,404995,1,1,"[('8', 134868736, 134463740)]","[('8', 134463740, '8', 134868736)]",0.0,[],1.0,"[('8', 134463740, '8', 134868736)]",0.0,[],0.0,[],[],0,{},[],0.0,0,0,1.5,medium
FADU_UPPER_AERODIGESTIVE_TRACT,6,1,linear,2168883,2,1,"[('9', 6480324, 4377644), ('9', 4376420, 4310215)]","[('9', 4377644, '9', 4376420), ('9', 4310215, '9', 6480324)]",0.0,[],1.0,"[('9', 4310215, '9', 6480324)]",0.0,[],0.0,[],[],1,"{'9': {'CD274': {'type': ['TSG', ' fusion'], 'loc': ('5450503', '5470566')}, 'JAK2': {'type': ['oncogene', ' fusion'], 'loc': ('4984390', '5128183')}, 'PDCD1LG2': {'type': ['oncogene', ' fusion'], 'loc': ('5510570', '5571254')}}}","['CD274', 'JAK2', 'PDCD1LG2']",1.0,0,0,1.875,medium
FUOV1_OVARY,2,1,circular,8506,1,1,"[('3', 195779907, 195788412)]","[('3', 195788412, '3', 195779907)]",1.0,"[('3', 195788412, '3', 195779907)]",0.0,[],0.0,[],1.0,"[('3', 195788412), ('3', 195779907)]","['High Signal Region', 'High Signal Region']",0,{},[],0.0,1,1,1.0625,medium
FUOV1_OVARY,2,2,linear,204365,2,1,"[('19', 44726845, 44546890), ('19', 44546245, 44521833)]","[('19', 44546890, '19', 44546245), ('19', 44521833, '19', 44726845)]",0.0,[],1.0,"[('19', 44521833, '19', 44726845)]",0.0,[],0.0,[],[],1,{},[],0.0,0,0,1.5,medium
FUOV1_OVARY,7,1,linear,85002,1,1,"[('11', 63505413, 63420410)]","[('11', 63420410, '11', 63505413)]",0.0,[],1.0,"[('11', 63420410, '11', 63505413)]",0.0,[],0.0,[],[],0,{},[],0.0,0,0,1.5,medium
GB1_CENTRAL_NERVOUS_SYSTEM,1,1,linear,340000,1,1,"[('12', 61090266, 60750265)]","[('12', 60750265, '12', 61090266)]",0.0,[],1.0,"[('12', 60750265, '12', 61090266)]",0.0,[],0.0,[],[],0,{},[],0.0,0,0,1.5,medium
GB1_CENTRAL_NERVOUS_SYSTEM,1,2,linear,1531980,1,1,"[('12', 57845264, 56313283)]","[('12', 56313283, '12', 57845264)]",0.0,[],1.0,"[('12', 56313283, '12', 57845264)]",0.0,[],0.0,[],[],0,"{'12': {'CDK4': {'type': ['oncogene'], 'loc': ('57747727', '57756013')}, 'DDIT3': {'type': ['oncogene', ' fusion'], 'loc': ('57516588', '57521737')}, 'GLI1': {'type': ['oncogene', ' fusion'], 'loc': ('57460135', '57472262')}, 'NAB2': {'type': ['TSG', ' fusion'], 'loc': ('57088894', '57095476')}, 'NACA': {'type': ['fusion'], 'loc': ('56712428', '56731628')}, 'STAT6': {'type': ['oncogene', ' fusion'], 'loc': ('57095408', '57132139')}}}","['CDK4', 'DDIT3', 'GLI1', 'NAB2', 'NACA', 'STAT6']",0.0,0,0,1.5,medium
GB1_CENTRAL_NERVOUS_SYSTEM,3,1,linear,109083,2,1,"[('16', 22610956, 22699429), ('16', 21583120, 21562510)]","[('16', 22699429, '16', 21583120), ('16', 21562510, '16', 22610956)]",0.5,"[('16', 22699429, '16', 21583120)]",0.5,"[('16', 21562510, '16', 22610956)]",0.0,[],0.0,[],[],0,{},[],0.0,0,1,0.5,high
GCIY_STOMACH,2,1,circular,828,1,1,"[('8', 101471587, 101472414)]","[('8', 101472414, '8', 101471587)]",1.0,"[('8', 101472414, '8', 101471587)]",0.0,[],0.0,[],0.0,[],[],0,{},[],1.0,1,1,0.875,high
GCIY_STOMACH,2,2,circular,149296,2,1,"[('8', 102772303, 102914596), ('8', 127842378, 127835375)]","[('8', 102914596, '8', 127842378), ('8', 127835375, '8', 102772303)]",1.0,"[('8', 102914596, '8', 127842378), ('8', 127835375, '8', 102772303)]",0.0,[],0.0,[],0.0,[],[],0,{},[],0.0,1,1,0.5,high
GCIY_STOMACH,2,3,circular,124373,1,1,"[('8', 101525816, 101650188)]","[('8', 101650188, '8', 101525816)]",1.0,"[('8', 101650188, '8', 101525816)]",0.0,[],0.0,[],0.0,[],[],0,{},[],0.0,1,1,0.5,high
GCIY_STOMACH,2,4,circular,1628,1,1,"[('8', 102807539, 102809166)]","[('8', 102809166, '8', 102807539)]",1.0,"[('8', 102809166, '8', 102807539)]",0.0,[],0.0,[],0.0,[],[],0,{},[],0.0,1,1,0.5,high
GCIY_STOMACH,2,5,circular,1296,1,1,"[('8', 102788024, 102789319)]","[('8', 102789319, '8', 102788024)]",1.0,"[('8', 102789319, '8', 102788024)]",0.0,[],0.0,[],0.0,[],[],0,{},[],0.0,1,1,0.5,high
GCIY_STOMACH,2,7,circular,896653,7,2,"[('6', 125112814, 125306548), ('8', 127065682, 127037392), ('8', 80642673, 80652755), ('8', 100897027, 100898039), ('8', 127214498, 127076046), ('8', 101942274, 102397461), ('8', 102594537, 102524642)]","[('6', 125306548, '8', 127065682), ('8', 127037392, '8', 80642673), ('8', 80652755, '8', 100897027), ('8', 100898039, '8', 127214498), ('8', 127076046, '8', 101942274), ('8', 102397461, '8', 102594537), ('8', 102524642, '6', 125112814)]",1.0,"[('6', 125306548, '8', 127065682), ('8', 127037392, '8', 80642673), ('8', 80652755, '8', 100897027), ('8', 100898039, '8', 127214498), ('8', 127076046, '8', 101942274), ('8', 102397461, '8', 102594537), ('8', 102524642, '6', 125112814)]",0.0,[],0.0,[],0.0,[],[],0,{},[],0.0,1,1,0.5,high
GCIY_STOMACH,2,9,circular,583,1,1,"[('8', 102791015, 102791597)]","[('8', 102791597, '8', 102791015)]",1.0,"[('8', 102791597, '8', 102791015)]",0.0,[],0.0,[],0.0,[],[],0,{},[],1.0,1,1,0.875,high
GCIY_STOMACH,2,10,circular,1665,1,1,"[('8', 102781234, 102782898)]","[('8', 102782898, '8', 102781234)]",1.0,"[('8', 102782898, '8', 102781234)]",0.0,[],0.0,[],0.0,[],[],0,{},[],0.0,1,1,0.5,high
GCIY_STOMACH,2,11,linear,360990,6,1,"[('8', 127196400, 127282487), ('8', 127787173, 127694144), ('8', 101473031, 101472119), ('8', 101471185, 101473031), ('8', 127694144, 127787173), ('8', 127282487, 127196400)]","[('8', 127282487, '8', 127787173), ('8', 127694144, '8', 101473031), ('8', 101472119, '8', 101471185), ('8', 101473031, '8', 127694144), ('8', 127787173, '8', 127282487), ('8', 127196400, '8', 127196400)]",1.0,"[('8', 127282487, '8', 127787173), ('8', 127694144, '8', 101473031), ('8', 101473031, '8', 127694144), ('8', 127787173, '8', 127282487)]",0.0,[],0.0,[],0.0,[],[],2,"{'8': {'MYC': {'type': ['oncogene', ' fusion'], 'loc': ('127735434', '127741434')}}}","['MYC', 'MYC']",0.0,0,1,0.5,high
GCIY_STOMACH,2,12,circular,1162,1,1,"[('8', 102166982, 102168143)]","[('8', 102168143, '8', 102166982)]",1.0,"[('8', 102168143, '8', 102166982)]",0.0,[],0.0,[],0.0,[],[],0,{},[],0.0,1,1,0.5,high
GCIY_STOMACH,2,13,circular,685,1,1,"[('8', 127274009, 127274693)]","[('8', 127274693, '8', 127274009)]",1.0,"[('8', 127274693, '8', 127274009)]",0.0,[],0.0,[],0.0,[],[],0,{},[],1.0,1,1,0.875,high
GCIY_STOMACH,2,15,circular,765,1,1,"[('6', 125294992, 125295756)]","[('6', 125295756, '6', 125294992)]",1.0,"[('6', 125295756, '6', 125294992)]",0.0,[],0.0,[],0.0,[],[],0,{},[],1.0,1,1,0.875,high
GCIY_STOMACH,2,18,circular,1700398,8,2,"[('6', 124340211, 125105698), ('8', 127405339, 127677008), ('8', 102177404, 101942274), ('8', 127076046, 127282487), ('8', 127787173, 127694144), ('8', 101473031, 101375379), ('8', 102776425, 102793467), ('8', 102797164, 102811110)]","[('6', 125105698, '8', 127405339), ('8', 127677008, '8', 102177404), ('8', 101942274, '8', 127076046), ('8', 127282487, '8', 127787173), ('8', 127694144, '8', 101473031), ('8', 101375379, '8', 102776425), ('8', 102793467, '8', 102797164), ('8', 102811110, '6', 124340211)]",1.0,"[('6', 125105698, '8', 127405339), ('8', 127677008, '8', 102177404), ('8', 101942274, '8', 127076046), ('8', 127282487, '8', 127787173), ('8', 127694144, '8', 101473031), ('8', 101375379, '8', 102776425), ('8', 102793467, '8', 102797164), ('8', 102811110, '6', 124340211)]",0.0,[],0.0,[],0.0,[],[],0,"{'8': {'MYC': {'type': ['oncogene', ' fusion'], 'loc': ('127735434', '127741434')}}}",['MYC'],0.0,1,1,0.5,high
HARA_LUNG,3,1,linear,284107,1,1,"[('5', 46100000, 45815892)]","[('5', 45815892, '5', 46100000)]",0.0,[],1.0,"[('5', 45815892, '5', 46100000)]",0.0,[],0.0,[],[],0,{},[],0.0,0,0,1.5,medium
HARA_LUNG,5,1,linear,544996,1,1,"[('8', 144263645, 143718648)]","[('8', 143718648, '8', 144263645)]",0.0,[],1.0,"[('8', 143718648, '8', 144263645)]",0.0,[],0.0,[],[],0,"{'8': {'PLEC': {'type': ['fusion'], 'loc': ('143915147', '143976734')}}}",['PLEC'],0.0,0,0,1.5,medium
HARA_LUNG,6,1,circular,2270,1,1,"[('11', 35321808, 35324077)]","[('11', 35324077, '11', 35321808)]",1.0,"[('11', 35324077, '11', 35321808)]",0.0,[],0.0,[],0.0,[],[],0,{},[],0.0,1,1,0.5,high
HARA_LUNG,6,2,circular,2233,1,1,"[('11', 34904097, 34906329)]","[('11', 34906329, '11', 34904097)]",1.0,"[('11', 34906329, '11', 34904097)]",0.0,[],0.0,[],0.0,[],[],0,{},[],0.0,1,1,0.5,high
HARA_LUNG,6,3,circular,1023887,2,1,"[('11', 35375325, 34893970), ('11', 34895334, 35437866)]","[('11', 34893970, '11', 34895334), ('11', 35437866, '11', 35375325)]",1.0,"[('11', 35437866, '11', 35375325)]",0.0,[],0.0,[],0.0,[],[],1,{},[],0.0,1,1,0.5,high
HARA_LUNG,6,4,circular,2783,1,1,"[('11', 35158016, 35160798)]","[('11', 35160798, '11', 35158016)]",1.0,"[('11', 35160798, '11', 35158016)]",0.0,[],0.0,[],0.0,[],[],0,{},[],0.0,1,1,0.5,high
HARA_LUNG,6,5,circular,2377,1,1,"[('11', 35064016, 35066392)]","[('11', 35066392, '11', 35064016)]",1.0,"[('11', 35066392, '11', 35064016)]",0.0,[],0.0,[],0.0,[],[],0,{},[],0.0,1,1,0.5,high
HARA_LUNG,6,6,circular,2773,1,1,"[('11', 35365885, 35368657)]","[('11', 35368657, '11', 35365885)]",1.0,"[('11', 35368657, '11', 35365885)]",0.0,[],0.0,[],0.0,[],[],0,{},[],0.0,1,1,0.5,high
HARA_LUNG,6,7,circular,447,1,1,"[('11', 39810529, 39810975)]","[('11', 39810975, '11', 39810529)]",1.0,"[('11', 39810975, '11', 39810529)]",0.0,[],0.0,[],0.0,[],[],0,{},[],1.0,1,1,0.875,high
HARA_LUNG,6,10,linear,5706310,2,1,"[('11', 37761005, 40612334), ('11', 40615986, 37761005)]","[('11', 40612334, '11', 40615986), ('11', 37761005, '11', 37761005)]",1.0,"[('11', 40612334, '11', 40615986)]",0.0,[],0.0,[],0.0,[],[],1,{},[],1.0,0,1,0.875,high
HCC1419_BREAST,1,1,circular,984,2,1,"[('20', 47895009, 47895845), ('20', 48516419, 48516271)]","[('20', 47895845, '20', 48516419), ('20', 48516271, '20', 47895009)]",1.0,"[('20', 47895845, '20', 48516419), ('20', 48516271, '20', 47895009)]",0.0,[],0.0,[],1.0,"[('20', 47895845), ('20', 47895009)]","['High Signal Region', 'High Signal Region']",0,{},[],1.0,1,1,1.4375,medium
HCC1419_BREAST,1,3,circular,1590,1,1,"[('17', 48538268, 48539857)]","[('17', 48539857, '17', 48538268)]",1.0,"[('17', 48539857, '17', 48538268)]",0.0,[],0.0,[],0.0,[],[],0,{},[],0.0,1,1,0.5,high
HCC1419_BREAST,1,4,linear,959656,3,2,"[('8', 85835635, 86476227), ('8', 94888739, 95080463), ('17', 16077913, 15950574)]","[('8', 86476227, '8', 94888739), ('8', 95080463, '17', 16077913), ('17', 15950574, '8', 85835635)]",0.6666666666666666,"[('8', 86476227, '8', 94888739), ('8', 95080463, '17', 16077913)]",0.3333333333333333,"[('17', 15950574, '8', 85835635)]",0.0,[],0.0,[],[],0,{},[],0.0,0,1,0.5,high
HCC1419_BREAST,1,5,circular,372144,2,1,"[('8', 81658900, 82009933), ('8', 82039893, 82061002)]","[('8', 82009933, '8', 82039893), ('8', 82061002, '8', 81658900)]",1.0,"[('8', 82009933, '8', 82039893), ('8', 82061002, '8', 81658900)]",0.0,[],0.0,[],0.0,[],[],0,{},[],0.0,1,1,0.5,high
HCC1419_BREAST,1,6,circular,65477,3,2,"[('8', 89707785, 89704840), ('20', 63631155, 63636887), ('20', 63694568, 63751367)]","[('8', 89704840, '20', 63631155), ('20', 63636887, '20', 63694568), ('20', 63751367, '8', 89707785)]",1.0,"[('8', 89704840, '20', 63631155), ('20', 63636887, '20', 63694568), ('20', 63751367, '8', 89707785)]",0.0,[],0.0,[],0.0,[],[],0,{},[],0.0,1,1,0.5,high
HCC1419_BREAST,1,9,circular,74767,6,2,"[('8', 89137435, 89140199), ('8', 92185014, 92186866), ('20', 64045659, 64040270), ('20', 62288513, 62288512), ('20', 63644875, 63701179), ('20', 62671290, 62662833)]","[('8', 89140199, '20', 64045659), ('20', 64040270, '8', 92185014), ('8', 92186866, '20', 62288513), ('20', 62288512, '20', 63644875), ('20', 63701179, '20', 62671290), ('20', 62662833, '8', 89137435)]",1.0,"[('8', 89140199, '20', 64045659), ('20', 64040270, '8', 92185014), ('8', 92186866, '20', 62288513), ('20', 62288512, '20', 63644875), ('20', 63701179, '20', 62671290), ('20', 62662833, '8', 89137435)]",0.0,[],0.0,[],0.0,[],[],0,{},[],0.0,1,1,0.5,high
HCC1419_BREAST,1,11,circular,9648,1,1,"[('20', 48505174, 48514821)]","[('20', 48514821, '20', 48505174)]",1.0,"[('20', 48514821, '20', 48505174)]",0.0,[],0.0,[],0.0,[],[],0,{},[],0.0,1,1,0.5,high
HCC1419_BREAST,1,12,circular,3390630,6,2,"[('17', 39530968, 39798136), ('8', 87281194, 87776994), ('8', 122405196, 122102832), ('8', 122101274, 121720558), ('8', 120317286, 121831640), ('8', 82715802, 83146028)]","[('17', 39798136, '8', 87281194), ('8', 87776994, '8', 122405196), ('8', 122102832, '8', 122101274), ('8', 121720558, '8', 120317286), ('8', 121831640, '8', 82715802), ('8', 83146028, '17', 39530968)]",1.0,"[('17', 39798136, '8', 87281194), ('8', 87776994, '8', 122405196), ('8', 121720558, '8', 120317286), ('8', 121831640, '8', 82715802), ('8', 83146028, '17', 39530968)]",0.0,[],0.0,[],0.0,[],[],1,"{'17': {'ERBB2': {'type': ['oncogene', ' fusion'], 'loc': ('39687914', '39730426')}}}",['ERBB2'],1.0,1,1,0.875,high
HCC1419_BREAST,1,13,circular,1518370,2,1,"[('8', 89710935, 91229198), ('8', 143853259, 143853364)]","[('8', 91229198, '8', 143853259), ('8', 143853364, '8', 89710935)]",1.0,"[('8', 91229198, '8', 143853259), ('8', 143853364, '8', 89710935)]",0.0,[],0.0,[],0.0,[],[],0,"{'8': {'NBN': {'type': ['TSG'], 'loc': ('89933336', '90003228')}}}",['NBN'],0.0,1,1,0.5,high
HCC1419_BREAST,1,14,circular,290177,7,2,"[('20', 63764415, 63964864), ('20', 63966082, 64037893), ('20', 63637081, 63640775), ('20', 62671407, 62672845), ('8', 89143075, 89141881), ('8', 92182060, 92174442), ('8', 89499491, 89495519)]","[('20', 63964864, '20', 63966082), ('20', 64037893, '8', 89143075), ('8', 89141881, '8', 92182060), ('8', 92174442, '20', 63637081), ('20', 63640775, '20', 62671407), ('20', 62672845, '8', 89499491), ('8', 89495519, '20', 63764415)]",1.0,"[('20', 64037893, '8', 89143075), ('8', 89141881, '8', 92182060), ('8', 92174442, '20', 63637081), ('20', 63640775, '20', 62671407), ('20', 62672845, '8', 89499491), ('8', 89495519, '20', 63764415)]",0.0,[],0.0,[],0.0,[],[],1,{},[],0.0,1,1,0.5,high
HCC1419_BREAST,1,15,linear,4023230,4,1,"[('8', 81282900, 81648780), ('8', 125725616, 125588890), ('8', 125582884, 122102832), ('8', 122101274, 122060700)]","[('8', 81648780, '8', 125725616), ('8', 125588890, '8', 125582884), ('8', 122102832, '8', 122101274), ('8', 122060700, '8', 81282900)]",0.6666666666666666,"[('8', 81648780, '8', 125725616), ('8', 125588890, '8', 125582884)]",0.3333333333333333,"[('8', 122060700, '8', 81282900)]",0.0,[],0.0,[],[],1,{},[],1.0,0,1,0.875,high
HCC1419_BREAST,1,16,linear,1095095,1,1,"[('17', 20325721, 19230625)]","[('17', 19230625, '17', 20325721)]",0.0,[],1.0,"[('17', 19230625, '17', 20325721)]",0.0,[],1.0,"[('17', 19230625)]",['High Signal Region'],0,"{'17': {'SPECC1': {'type': ['fusion'], 'loc': ('20009344', '20319026')}}}",['SPECC1'],0.0,0,2,2.0625,low
HCC1419_BREAST,1,18,linear,1961011,5,1,"[('8', 145075467, 144832446), ('8', 144831673, 143932962), ('8', 90488540, 90489322), ('8', 95046184, 95119916), ('8', 94190260, 93445494)]","[('8', 144832446, '8', 144831673), ('8', 143932962, '8', 90488540), ('8', 90489322, '8', 95046184), ('8', 95119916, '8', 94190260), ('8', 93445494, '8', 145075467)]",0.75,"[('8', 143932962, '8', 90488540), ('8', 90489322, '8', 95046184), ('8', 95119916, '8', 94190260)]",0.25,"[('8', 93445494, '8', 145075467)]",0.0,[],0.0,[],[],1,"{'8': {'RECQL4': {'type': ['oncogene', ' TSG'], 'loc': ('144511288', '144517845')}}}",['RECQL4'],1.0,0,1,0.875,high
HCC1419_BREAST,1,19,circular,2756310,8,3,"[('8', 89684982, 89710629), ('8', 89714501, 89710260), ('8', 89140228, 89141639), ('8', 92178969, 93060098), ('8', 93064964, 93645322), ('20', 63641828, 63643033), ('17', 49150894, 49274432), ('17', 49275687, 50414462)]","[('8', 89710629, '8', 89714501), ('8', 89710260, '20', 63641828), ('20', 63643033, '8', 89140228), ('8', 89141639, '8', 92178969), ('8', 93060098, '8', 93064964), ('8', 93645322, '17', 49150894), ('17', 49274432, '17', 49275687), ('17', 50414462, '8', 89684982)]",1.0,"[('8', 89710629, '8', 89714501), ('8', 89710260, '20', 63641828), ('20', 63643033, '8', 89140228), ('8', 89141639, '8', 92178969), ('8', 93060098, '8', 93064964), ('8', 93645322, '17', 49150894), ('17', 50414462, '8', 89684982)]",0.0,[],0.0,[],0.0,[],[],1,"{'17': {'COL1A1': {'type': ['fusion'], 'loc': ('50183289', '50201632')}, 'KAT7': {'type': ['oncogene'], 'loc': ('49788555', '49835030')}, 'SPOP': {'type': ['TSG'], 'loc': ('49598884', '49678234')}}}","['COL1A1', 'KAT7', 'SPOP']",1.0,1,1,0.875,high
HCC1419_BREAST,1,20,linear,2100763,3,2,"[('8', 85644221, 85377014), ('8', 88902517, 87281194), ('17', 39798136, 39585900)]","[('8', 85377014, '8', 88902517), ('8', 87281194, '17', 39798136), ('17', 39585900, '8', 85644221)]",0.6666666666666666,"[('8', 85377014, '8', 88902517), ('8', 87281194, '17', 39798136)]",0.3333333333333333,"[('17', 39585900, '8', 85644221)]",0.0,[],1.0,"[('8', 85644221)]",['High Signal Region'],0,"{'17': {'ERBB2': {'type': ['oncogene', ' fusion'], 'loc': ('39687914', '39730426')}}}",['ERBB2'],1.0,0,2,1.4375,medium
HCC1419_BREAST,1,21,linear,2089770,3,2,"[('20', 44712906, 44663803), ('20', 49688052, 47718101), ('8', 93929324, 94000041)]","[('20', 44663803, '8', 93929324), ('8', 94000041, '20', 49688052), ('20', 47718101, '20', 44712906)]",0.6666666666666666,"[('20', 44663803, '8', 93929324), ('8', 94000041, '20', 49688052)]",0.3333333333333333,"[('20', 47718101, '20', 44712906)]",0.0,[],0.0,[],[],0,{},[],1.0,0,1,0.875,high
HCC1419_BREAST,1,22,linear,1665033,1,1,"[('17', 18350548, 16685514)]","[('17', 16685514, '17', 18350548)]",0.0,[],1.0,"[('17', 16685514, '17', 18350548)]",0.0,[],0.0,[],[],0,"{'17': {'FLCN': {'type': ['TSG'], 'loc': ('17212212', '17237188')}}}",['FLCN'],0.0,0,0,1.5,medium
HCC1419_BREAST,1,23,circular,1737,2,1,"[('8', 144021087, 144021662), ('8', 144022974, 144024134)]","[('8', 144021662, '8', 144022974), ('8', 144024134, '8', 144021087)]",1.0,"[('8', 144024134, '8', 144021087)]",0.0,[],0.0,[],0.0,[],[],1,{},[],0.0,1,1,0.5,high
HCC1419_BREAST,1,24,linear,625497,2,1,"[('20', 42232740, 42002565), ('20', 57338419, 57733741)]","[('20', 42002565, '20', 57338419), ('20', 57733741, '20', 42232740)]",0.5,"[('20', 42002565, '20', 57338419)]",0.5,"[('20', 57733741, '20', 42232740)]",0.0,[],0.0,[],[],0,{},[],0.0,0,1,0.5,high
HCC1419_BREAST,1,26,linear,1035224,9,4,"[('17', 72175136, 72289637), ('17', 69461799, 69513859), ('17', 15938951, 16077913), ('8', 95080463, 95046184), ('8', 90489322, 90488540), ('8', 143932962, 143990928), ('20', 62368151, 62660245), ('20', 64050286, 64334101), ('12', 60762, 0)]","[('17', 72289637, '17', 69461799), ('17', 69513859, '17', 15938951), ('17', 16077913, '8', 95080463), ('8', 95046184, '8', 90489322), ('8', 90488540, '8', 143932962), ('8', 143990928, '20', 62368151), ('20', 62660245, '20', 64050286), ('20', 64334101, '12', 60762), ('12', 0, '17', 72175136)]",0.8888888888888888,"[('17', 72289637, '17', 69461799), ('17', 69513859, '17', 15938951), ('17', 16077913, '8', 95080463), ('8', 95046184, '8', 90489322), ('8', 90488540, '8', 143932962), ('8', 143990928, '20', 62368151), ('20', 62660245, '20', 64050286), ('20', 64334101, '12', 60762)]",0.1111111111111111,"[('12', 0, '17', 72175136)]",0.0,[],1.0,"[('12', 60762), ('12', 0)]","['High Signal Region', 'High Signal Region']",0,{},[],0.0,0,1,1.0625,medium
HCC1419_BREAST,1,27,linear,3550226,1,1,"[('20', 55093572, 51543345)]","[('20', 51543345, '20', 55093572)]",0.0,[],1.0,"[('20', 51543345, '20', 55093572)]",0.0,[],0.0,[],[],0,"{'20': {'SALL4': {'type': ['oncogene'], 'loc': ('51782331', '51802520')}}}",['SALL4'],1.0,0,0,1.875,medium
HCC1419_BREAST,1,28,linear,1043716,3,1,"[('17', 29498720, 29267093), ('17', 29266220, 28456473), ('17', 28453368, 28451023)]","[('17', 29267093, '17', 29266220), ('17', 28456473, '17', 28453368), ('17', 28451023, '17', 29498720)]",0.5,"[('17', 28456473, '17', 28453368)]",0.5,"[('17', 28451023, '17', 29498720)]",0.0,[],0.0,[],[],1,{},[],0.0,0,1,0.5,high
HCC1419_BREAST,1,29,circular,1793207,6,2,"[('17', 49560892, 49564439), ('17', 49560665, 49557579), ('20', 44675621, 44710393), ('20', 49802964, 49448996), ('20', 58629246, 59464367), ('20', 53152709, 53715420)]","[('17', 49564439, '17', 49560665), ('17', 49557579, '20', 44675621), ('20', 44710393, '20', 49802964), ('20', 49448996, '20', 58629246), ('20', 59464367, '20', 53152709), ('20', 53715420, '17', 49560892)]",1.0,"[('17', 49564439, '17', 49560665), ('17', 49557579, '20', 44675621), ('20', 44710393, '20', 49802964), ('20', 49448996, '20', 58629246), ('20', 59464367, '20', 53152709), ('20', 53715420, '17', 49560892)]",0.0,[],0.0,[],0.0,[],[],0,"{'20': {'GNAS': {'type': ['oncogene'], 'loc': ('58839718', '58911192')}}}",['GNAS'],1.0,1,1,0.875,high
HCC1419_BREAST,1,30,linear,1686694,6,1,"[('17', 14046412, 14048134), ('17', 47856278, 48538440), ('17', 48539858, 48664610), ('17', 48734032, 48539858), ('17', 48538440, 47856278), ('17', 14048134, 14046412)]","[('17', 14048134, '17', 47856278), ('17', 48538440, '17', 48539858), ('17', 48664610, '17', 48734032), ('17', 48539858, '17', 48538440), ('17', 47856278, '17', 14048134), ('17', 14046412, '17', 14046412)]",1.0,"[('17', 14048134, '17', 47856278), ('17', 48664610, '17', 48734032), ('17', 47856278, '17', 14048134)]",0.0,[],0.0,[],0.0,[],[],3,{},[],0.0,0,1,0.5,high
HCC1419_BREAST,1,31,linear,1135055,1,1,"[('8', 85644221, 84509165)]","[('8', 84509165, '8', 85644221)]",0.0,[],1.0,"[('8', 84509165, '8', 85644221)]",0.0,[],1.0,"[('8', 85644221)]",['High Signal Region'],0,{},[],0.0,0,2,2.0625,low
HCC1419_BREAST,1,41,linear,1263315,3,1,"[('20', 44662903, 44677933), ('20', 56589255, 55986795), ('20', 42133525, 41487699)]","[('20', 44677933, '20', 56589255), ('20', 55986795, '20', 42133525), ('20', 41487699, '20', 44662903)]",0.6666666666666666,"[('20', 44677933, '20', 56589255), ('20', 55986795, '20', 42133525)]",0.3333333333333333,"[('20', 41487699, '20', 44662903)]",0.0,[],0.0,[],[],0,{},[],0.0,0,1,0.5,high
HCC1419_BREAST,2,1,linear,89997,1,1,"[('6', 384993, 294995)]","[('6', 294995, '6', 384993)]",0.0,[],1.0,"[('6', 294995, '6', 384993)]",0.0,[],1.0,"[('6', 294995)]",['High Signal Region'],0,{},[],0.0,0,2,2.0625,low
HCC1419_BREAST,5,1,circular,1518,1,1,"[('9', 137102248, 137103765)]","[('9', 137103765, '9', 137102248)]",1.0,"[('9', 137103765, '9', 137102248)]",0.0,[],0.0,[],0.0,[],[],0,{},[],0.0,1,1,0.5,high
HCC1419_BREAST,5,2,linear,829989,1,1,"[('9', 137129731, 136299741)]","[('9', 136299741, '9', 137129731)]",0.0,[],1.0,"[('9', 136299741, '9', 137129731)]",0.0,[],0.0,[],[],0,"{'9': {'NOTCH1': {'type': ['oncogene', ' TSG', ' fusion'], 'loc': ('136494433', '136545786')}}}",['NOTCH1'],0.0,0,0,1.5,medium
HCC1428_BREAST,3,1,linear,109999,1,1,"[('6', 151711260, 151601260)]","[('6', 151601260, '6', 151711260)]",0.0,[],1.0,"[('6', 151601260, '6', 151711260)]",0.0,[],0.0,[],[],0,{},[],0.0,0,0,1.5,medium
HCC1428_BREAST,5,1,linear,89987,1,1,"[('16', 22700944, 22610956)]","[('16', 22610956, '16', 22700944)]",0.0,[],1.0,"[('16', 22610956, '16', 22700944)]",0.0,[],0.0,[],[],0,{},[],0.0,0,0,1.5,medium
HCC1500_BREAST,2,1,circular,191333,2,1,"[('8', 37806599, 37806064), ('8', 37786646, 37977444)]","[('8', 37806064, '8', 37786646), ('8', 37977444, '8', 37806599)]",1.0,"[('8', 37806064, '8', 37786646), ('8', 37977444, '8', 37806599)]",0.0,[],0.0,[],0.0,[],[],0,{},[],0.0,1,1,0.5,high
HCC1500_BREAST,3,1,linear,159998,1,1,"[('8', 128233802, 128073803)]","[('8', 128073803, '8', 128233802)]",0.0,[],1.0,"[('8', 128073803, '8', 128233802)]",0.0,[],0.0,[],[],0,{},[],0.0,0,0,1.5,medium
HCC1500_BREAST,6,1,linear,114982,1,1,"[('11', 77774705, 77659722)]","[('11', 77659722, '11', 77774705)]",0.0,[],1.0,"[('11', 77659722, '11', 77774705)]",0.0,[],0.0,[],[],0,{},[],0.0,0,0,1.5,medium
HCC1500_BREAST,8,1,linear,869870,1,1,"[('11', 80549296, 79679425)]","[('11', 79679425, '11', 80549296)]",0.0,[],1.0,"[('11', 79679425, '11', 80549296)]",0.0,[],0.0,[],[],0,{},[],0.0,0,0,1.5,medium
HCC1500_BREAST,9,2,linear,852041,2,1,"[('12', 18775800, 19208887), ('12', 19194754, 18775800)]","[('12', 19208887, '12', 19194754), ('12', 18775800, '12', 18775800)]",1.0,"[('12', 19208887, '12', 19194754)]",0.0,[],0.0,[],0.0,[],[],1,{},[],0.0,0,1,0.5,high
HCC1569_BREAST,7,1,linear,719992,1,1,"[('8', 127913805, 127193812)]","[('8', 127193812, '8', 127913805)]",0.0,[],1.0,"[('8', 127193812, '8', 127913805)]",0.0,[],0.0,[],[],0,"{'8': {'MYC': {'type': ['oncogene', ' fusion'], 'loc': ('127735434', '127741434')}}}",['MYC'],0.0,0,0,1.5,medium
HCC1569_BREAST,8,1,circular,168253,1,1,"[('17', 39672301, 39840553)]","[('17', 39840553, '17', 39672301)]",1.0,"[('17', 39840553, '17', 39672301)]",0.0,[],0.0,[],0.0,[],[],0,"{'17': {'ERBB2': {'type': ['oncogene', ' fusion'], 'loc': ('39687914', '39730426')}}}",['ERBB2'],0.0,1,1,0.5,high
HCC1569_BREAST,8,2,linear,234598,1,1,"[('17', 39734099, 39499500)]","[('17', 39499500, '17', 39734099)]",0.0,[],1.0,"[('17', 39499500, '17', 39734099)]",0.0,[],0.0,[],[],0,"{'17': {'ERBB2': {'type': ['oncogene', ' fusion'], 'loc': ('39687914', '39730426')}}}",['ERBB2'],0.0,0,0,1.5,medium
HCC1599_BREAST,1,1,linear,175000,1,1,"[('2', 49520376, 49345375)]","[('2', 49345375, '2', 49520376)]",0.0,[],1.0,"[('2', 49345375, '2', 49520376)]",0.0,[],0.0,[],[],0,{},[],0.0,0,0,1.5,medium
HCC1599_BREAST,4,1,linear,4613751,3,1,"[('19', 34191260, 30798808), ('19', 30796597, 29902193), ('19', 29897906, 29571008)]","[('19', 30798808, '19', 30796597), ('19', 29902193, '19', 29897906), ('19', 29571008, '19', 34191260)]",0.6666666666666666,"[('19', 30798808, '19', 30796597), ('19', 29902193, '19', 29897906)]",0.3333333333333333,"[('19', 29571008, '19', 34191260)]",0.0,[],0.0,[],[],0,"{'19': {'CCNE1': {'type': ['oncogene'], 'loc': ('29811898', '29824308')}, 'CEBPA': {'type': ['TSG'], 'loc': ('33299934', '33302564')}, 'CEP89': {'type': ['fusion'], 'loc': ('32875925', '32971991')}}}","['CCNE1', 'CEBPA', 'CEP89']",1.0,0,1,0.875,high
HCC1599_BREAST,5,1,linear,735039,1,1,"[('19', 35356324, 34621284)]","[('19', 34621284, '19', 35356324)]",0.0,[],1.0,"[('19', 34621284, '19', 35356324)]",0.0,[],0.0,[],[],0,{},[],0.0,0,0,1.5,medium
HCC1833_LUNG,1,1,circular,949,1,1,"[('16', 26374049, 26374997)]","[('16', 26374997, '16', 26374049)]",1.0,"[('16', 26374997, '16', 26374049)]",0.0,[],0.0,[],0.0,[],[],0,{},[],1.0,1,1,0.875,high
HCC1833_LUNG,1,3,circular,4063674,4,1,"[('1', 93238573, 93822818), ('1', 93825700, 95267860), ('1', 95264703, 93825700), ('1', 93822818, 93224552)]","[('1', 93822818, '1', 93825700), ('1', 95267860, '1', 95264703), ('1', 93825700, '1', 93822818), ('1', 93224552, '1', 93238573)]",1.0,"[('1', 93822818, '1', 93825700), ('1', 95267860, '1', 95264703), ('1', 93825700, '1', 93822818), ('1', 93224552, '1', 93238573)]",0.0,[],0.0,[],0.0,[],[],0,{},[],1.0,1,1,0.875,high
HCC1833_LUNG,1,4,linear,160241,1,1,"[('16', 28659299, 28499057)]","[('16', 28499057, '16', 28659299)]",0.0,[],1.0,"[('16', 28499057, '16', 28659299)]",0.0,[],0.0,[],[],0,{},[],0.0,0,0,1.5,medium
HCC1833_LUNG,1,6,linear,2986708,2,1,"[('1', 117466360, 115690219), ('1', 115686864, 114476295)]","[('1', 115690219, '1', 115686864), ('1', 114476295, '1', 117466360)]",0.5,"[('1', 115690219, '1', 115686864)]",0.5,"[('1', 114476295, '1', 117466360)]",0.0,[],0.0,[],[],0,"{'1': {'ATP1A1': {'type': ['oncogene', ' TSG'], 'loc': ('116372668', '116410261')}, 'NRAS': {'type': ['oncogene'], 'loc': ('114704469', '114716894')}}}","['ATP1A1', 'NRAS']",1.0,0,1,0.875,high
HCC1833_LUNG,3,1,linear,419945,1,1,"[('16', 21401111, 20981165)]","[('16', 20981165, '16', 21401111)]",0.0,[],1.0,"[('16', 20981165, '16', 21401111)]",0.0,[],0.0,[],[],0,{},[],0.0,0,0,1.5,medium
HCC1833_LUNG,4,1,linear,319026,2,1,"[('16', 22510956, 22699429), ('16', 21583120, 21452567)]","[('16', 22699429, '16', 21583120), ('16', 21452567, '16', 22510956)]",0.5,"[('16', 22699429, '16', 21583120)]",0.5,"[('16', 21452567, '16', 22510956)]",0.0,[],0.0,[],[],0,{},[],0.0,0,1,0.5,high
HCC1833_LUNG,6,1,linear,564927,1,1,"[('16', 31344835, 30779907)]","[('16', 30779907, '16', 31344835)]",0.0,[],1.0,"[('16', 30779907, '16', 31344835)]",0.0,[],0.0,[],[],0,"{'16': {'FUS': {'type': ['TSG', ' fusion'], 'loc': ('31180110', '31194871')}}}",['FUS'],0.0,0,0,1.5,medium
HCC1937_BREAST,1,1,linear,1639979,3,1,"[('8', 145078636, 144832447), ('8', 144831650, 143632522), ('8', 143618317, 143423652)]","[('8', 144832447, '8', 144831650), ('8', 143632522, '8', 143618317), ('8', 143423652, '8', 145078636)]",0.5,"[('8', 143632522, '8', 143618317)]",0.5,"[('8', 143423652, '8', 145078636)]",0.0,[],0.0,[],[],1,"{'8': {'PLEC': {'type': ['fusion'], 'loc': ('143915147', '143976734')}, 'RECQL4': {'type': ['oncogene', ' TSG'], 'loc': ('144511288', '144517845')}}}","['PLEC', 'RECQL4']",0.0,0,1,0.5,high
HCC1954_BREAST,2,1,circular,1241,1,1,"[('5', 2490233, 2491473)]","[('5', 2491473, '5', 2490233)]",1.0,"[('5', 2491473, '5', 2490233)]",0.0,[],0.0,[],1.0,"[('5', 2491473), ('5', 2490233)]","['High Signal Region', 'High Signal Region']",0,{},[],0.0,1,1,1.0625,medium
HCC1954_BREAST,2,2,circular,814521,2,2,"[('8', 110881701, 111694760), ('5', 181242307, 181243767)]","[('8', 111694760, '5', 181242307), ('5', 181243767, '8', 110881701)]",1.0,"[('8', 111694760, '5', 181242307), ('5', 181243767, '8', 110881701)]",0.0,[],0.0,[],1.0,"[('5', 181242307), ('5', 181243767)]","['High Signal Region', 'High Signal Region']",0,{},[],0.0,1,1,1.0625,medium
HCC1954_BREAST,2,4,linear,209997,1,1,"[('8', 125028833, 124818835)]","[('8', 124818835, '8', 125028833)]",0.0,[],1.0,"[('8', 124818835, '8', 125028833)]",0.0,[],0.0,[],[],0,{},[],0.0,0,0,1.5,medium
HCC1954_BREAST,2,5,linear,839991,1,1,"[('8', 120943874, 120103882)]","[('8', 120103882, '8', 120943874)]",0.0,[],1.0,"[('8', 120103882, '8', 120943874)]",0.0,[],0.0,[],[],0,{},[],0.0,0,0,1.5,medium
HCC1954_BREAST,2,7,linear,210597,1,1,"[('8', 123452640, 123242042)]","[('8', 123242042, '8', 123452640)]",0.0,[],1.0,"[('8', 123242042, '8', 123452640)]",0.0,[],0.0,[],[],0,{},[],0.0,0,0,1.5,medium
HCC1954_BREAST,2,8,linear,114997,1,1,"[('22', 21969453, 21854455)]","[('22', 21854455, '22', 21969453)]",0.0,[],1.0,"[('22', 21854455, '22', 21969453)]",0.0,[],0.0,[],[],0,{},[],0.0,0,0,1.5,medium
HCC1954_BREAST,2,9,linear,184998,1,1,"[('8', 113608946, 113423947)]","[('8', 113423947, '8', 113608946)]",0.0,[],1.0,"[('8', 113423947, '8', 113608946)]",0.0,[],0.0,[],[],0,{},[],0.0,0,0,1.5,medium
HCC1954_BREAST,2,10,circular,1330,1,1,"[('5', 282283, 283612)]","[('5', 283612, '5', 282283)]",1.0,"[('5', 283612, '5', 282283)]",0.0,[],0.0,[],0.0,[],[],0,{},[],0.0,1,1,0.5,high
HCC1954_BREAST,2,11,linear,10596,1,1,"[('11', 70036353, 70025756)]","[('11', 70025756, '11', 70036353)]",0.0,[],1.0,"[('11', 70025756, '11', 70036353)]",0.0,[],0.0,[],[],0,{},[],0.0,0,0,1.5,medium
HCC1954_BREAST,2,12,linear,589995,1,1,"[('8', 99364088, 98774092)]","[('8', 98774092, '8', 99364088)]",0.0,[],1.0,"[('8', 98774092, '8', 99364088)]",0.0,[],0.0,[],[],0,{},[],0.0,0,0,1.5,medium
HCC1954_BREAST,2,13,linear,3147841,9,2,"[('5', 838200, 1627023), ('5', 1628726, 1924476), ('5', 1925088, 1968299), ('5', 1971468, 2840199), ('5', 1974321, 1971468), ('5', 1968299, 1925088), ('5', 1924476, 1628726), ('5', 1627023, 838200), ('8', 106222454, 106243142)]","[('5', 1627023, '5', 1628726), ('5', 1924476, '5', 1925088), ('5', 1968299, '5', 1971468), ('5', 2840199, '8', 106222454), ('8', 106243142, '5', 1974321), ('5', 1971468, '5', 1968299), ('5', 1925088, '5', 1924476), ('5', 1628726, '5', 1627023), ('5', 838200, '5', 838200)]",1.0,"[('5', 1968299, '5', 1971468), ('5', 2840199, '8', 106222454), ('8', 106243142, '5', 1974321), ('5', 1971468, '5', 1968299)]",0.0,[],0.0,[],0.0,[],[],5,"{'5': {'TERT': {'type': ['oncogene', ' TSG'], 'loc': ('1253147', '1295069')}}}","['TERT', 'TERT']",1.0,0,1,0.875,high
HCC1954_BREAST,2,14,linear,471898,1,1,"[('5', 746099, 274200)]","[('5', 274200, '5', 746099)]",0.0,[],1.0,"[('5', 274200, '5', 746099)]",0.0,[],0.0,[],[],0,{},[],0.0,0,0,1.5,medium
HCC1954_BREAST,2,15,linear,871562,6,2,"[('8', 131319599, 131165034), ('8', 131356435, 131389758), ('8', 131041904, 130869323), ('8', 126910528, 126843763), ('8', 129465063, 129838786), ('5', 177098809, 177028202)]","[('8', 131165034, '8', 131356435), ('8', 131389758, '8', 131041904), ('8', 130869323, '5', 177098809), ('5', 177028202, '8', 126910528), ('8', 126843763, '8', 129465063), ('8', 129838786, '8', 131319599)]",0.8333333333333334,"[('8', 131165034, '8', 131356435), ('8', 131389758, '8', 131041904), ('8', 130869323, '5', 177098809), ('5', 177028202, '8', 126910528), ('8', 126843763, '8', 129465063)]",0.1666666666666666,"[('8', 129838786, '8', 131319599)]",0.0,[],0.0,[],[],0,"{'5': {'FGFR4': {'type': ['oncogene'], 'loc': ('177086886', '177098144')}}}",['FGFR4'],0.0,0,1,0.5,high
HCC1954_BREAST,2,16,linear,469993,1,1,"[('5', 113599058, 113129064)]","[('5', 113129064, '5', 113599058)]",0.0,[],1.0,"[('5', 113129064, '5', 113599058)]",0.0,[],0.0,[],[],0,{},[],0.0,0,0,1.5,medium
HCC1954_BREAST,2,21,linear,749855,2,1,"[('8', 107489399, 107058986), ('8', 106829644, 106510200)]","[('8', 107058986, '8', 106829644), ('8', 106510200, '8', 107489399)]",0.5,"[('8', 107058986, '8', 106829644)]",0.5,"[('8', 106510200, '8', 107489399)]",0.0,[],0.0,[],[],0,{},[],0.0,0,1,0.5,high
HCC1954_BREAST,4,1,linear,20596,1,1,"[('11', 70126479, 70105882)]","[('11', 70105882, '11', 70126479)]",0.0,[],1.0,"[('11', 70105882, '11', 70126479)]",0.0,[],0.0,[],[],0,{},[],0.0,0,0,1.5,medium
HCC1954_BREAST,5,1,linear,2709972,1,1,"[('8', 96274117, 93564144)]","[('8', 93564144, '8', 96274117)]",0.0,[],1.0,"[('8', 93564144, '8', 96274117)]",0.0,[],0.0,[],[],0,"{'8': {'CDH17': {'type': ['oncogene'], 'loc': ('94127171', '94217303')}}}",['CDH17'],1.0,0,0,1.875,medium
HCC1954_BREAST,6,1,linear,1879980,1,1,"[('8', 101859062, 99979081)]","[('8', 99979081, '8', 101859062)]",0.0,[],1.0,"[('8', 99979081, '8', 101859062)]",0.0,[],0.0,[],[],0,"{'8': {'PABPC1': {'type': ['oncogene', ' TSG'], 'loc': ('100685816', '100722809')}}}",['PABPC1'],1.0,0,0,1.875,medium
HCC1954_BREAST,8,1,linear,474990,1,1,"[('15', 27276760, 26801769)]","[('15', 26801769, '15', 27276760)]",0.0,[],1.0,"[('15', 26801769, '15', 27276760)]",0.0,[],0.0,[],[],0,{},[],0.0,0,0,1.5,medium
HCC1954_BREAST,9,1,circular,978226,2,1,"[('17', 39489391, 39981519), ('17', 39980057, 39493959)]","[('17', 39981519, '17', 39980057), ('17', 39493959, '17', 39489391)]",1.0,"[('17', 39493959, '17', 39489391)]",0.0,[],0.0,[],0.0,[],[],1,"{'17': {'ERBB2': {'type': ['oncogene', ' fusion'], 'loc': ('39687914', '39730426')}, 'IKZF3': {'type': ['oncogene', ' TSG', ' fusion'], 'loc': ('39757715', '39864188')}}}","['ERBB2', 'ERBB2', 'IKZF3', 'IKZF3']",0.0,1,1,0.5,high
HCC202_BREAST,1,1,linear,1300855,3,2,"[('22', 24138150, 24027545), ('22', 24926810, 24682101), ('X', 150742964, 149797420)]","[('22', 24027545, 'X', 150742964), ('X', 149797420, '22', 24926810), ('22', 24682101, '22', 24138150)]",0.6666666666666666,"[('22', 24027545, 'X', 150742964), ('X', 149797420, '22', 24926810)]",0.3333333333333333,"[('22', 24682101, '22', 24138150)]",0.0,[],0.0,[],[],0,{},[],0.0,0,1,0.5,high
HCC202_BREAST,1,2,circular,1334533,1,1,"[('22', 25961311, 27295843)]","[('22', 27295843, '22', 25961311)]",1.0,"[('22', 27295843, '22', 25961311)]",0.0,[],0.0,[],0.0,[],[],0,{},[],0.0,1,1,0.5,high
HCC202_BREAST,2,1,linear,85001,1,1,"[('17', 28256017, 28171015)]","[('17', 28171015, '17', 28256017)]",0.0,[],1.0,"[('17', 28171015, '17', 28256017)]",0.0,[],0.0,[],[],0,{},[],0.0,0,0,1.5,medium
HCC202_BREAST,3,1,circular,1590,1,1,"[('17', 48538268, 48539857)]","[('17', 48539857, '17', 48538268)]",1.0,"[('17', 48539857, '17', 48538268)]",0.0,[],0.0,[],0.0,[],[],0,{},[],0.0,1,1,0.5,high
HCC202_BREAST,3,2,circular,1062701,3,1,"[('17', 39392438, 39909306), ('17', 48392335, 48538441), ('17', 48539858, 48939582)]","[('17', 39909306, '17', 48392335), ('17', 48538441, '17', 48539858), ('17', 48939582, '17', 39392438)]",1.0,"[('17', 39909306, '17', 48392335), ('17', 48939582, '17', 39392438)]",0.0,[],0.0,[],0.0,[],[],1,"{'17': {'CDK12': {'type': ['TSG'], 'loc': ('39461511', '39564907')}, 'ERBB2': {'type': ['oncogene', ' fusion'], 'loc': ('39687914', '39730426')}, 'IKZF3': {'type': ['oncogene', ' TSG', ' fusion'], 'loc': ('39757715', '39864188')}}}","['CDK12', 'ERBB2', 'IKZF3']",0.0,1,1,0.5,high
HCC202_BREAST,4,1,linear,80001,1,1,"[('17', 38021295, 37941293)]","[('17', 37941293, '17', 38021295)]",0.0,[],1.0,"[('17', 37941293, '17', 38021295)]",0.0,[],0.0,[],[],0,{},[],0.0,0,0,1.5,medium
HCC2157_BREAST,3,1,linear,309997,1,1,"[('1', 143779582, 143469584)]","[('1', 143469584, '1', 143779582)]",0.0,[],1.0,"[('1', 143469584, '1', 143779582)]",0.0,[],1.0,"[('1', 143469584)]",['High Signal Region'],0,{},[],0.0,0,2,2.0625,low
HCC2157_BREAST,4,1,linear,184998,1,1,"[('1', 155969483, 155784484)]","[('1', 155784484, '1', 155969483)]",0.0,[],1.0,"[('1', 155784484, '1', 155969483)]",0.0,[],0.0,[],[],0,{},[],0.0,0,0,1.5,medium
HCC2157_BREAST,9,1,linear,175004,1,1,"[('11', 34680919, 34505914)]","[('11', 34505914, '11', 34680919)]",0.0,[],1.0,"[('11', 34505914, '11', 34680919)]",0.0,[],0.0,[],[],0,{},[],0.0,0,0,1.5,medium
HCC33_LUNG,1,1,circular,31574,1,1,"[('12', 132271607, 132303180)]","[('12', 132303180, '12', 132271607)]",1.0,"[('12', 132303180, '12', 132271607)]",0.0,[],0.0,[],0.0,[],[],0,{},[],0.0,1,1,0.5,high
HCC33_LUNG,1,4,circular,2268,1,1,"[('12', 132303379, 132305646)]","[('12', 132305646, '12', 132303379)]",1.0,"[('12', 132305646, '12', 132303379)]",0.0,[],0.0,[],0.0,[],[],0,{},[],0.0,1,1,0.5,high
HCC33_LUNG,1,5,circular,5249,1,1,"[('12', 132025377, 132030625)]","[('12', 132030625, '12', 132025377)]",1.0,"[('12', 132030625, '12', 132025377)]",0.0,[],0.0,[],0.0,[],[],0,{},[],0.0,1,1,0.5,high
HCC33_LUNG,1,9,circular,6508,1,1,"[('12', 132199376, 132205883)]","[('12', 132205883, '12', 132199376)]",1.0,"[('12', 132205883, '12', 132199376)]",0.0,[],0.0,[],0.0,[],[],0,{},[],0.0,1,1,0.5,high
HCC33_LUNG,1,10,circular,4630,1,1,"[('12', 132186343, 132190972)]","[('12', 132190972, '12', 132186343)]",1.0,"[('12', 132190972, '12', 132186343)]",0.0,[],0.0,[],0.0,[],[],0,{},[],0.0,1,1,0.5,high
HCC33_LUNG,1,12,circular,477,1,1,"[('1', 2986458, 2986934)]","[('1', 2986934, '1', 2986458)]",1.0,"[('1', 2986934, '1', 2986458)]",0.0,[],0.0,[],0.0,[],[],0,{},[],1.0,1,1,0.875,high
HCC33_LUNG,1,15,circular,1762883,5,2,"[('1', 918052, 934324), ('1', 934888, 1272057), ('1', 40183222, 39830829), ('12', 131953827, 132223361), ('12', 132224442, 133011954)]","[('1', 934324, '1', 934888), ('1', 1272057, '1', 40183222), ('1', 39830829, '12', 131953827), ('12', 132223361, '12', 132224442), ('12', 133011954, '1', 918052)]",1.0,"[('1', 1272057, '1', 40183222), ('1', 39830829, '12', 131953827), ('12', 133011954, '1', 918052)]",0.0,[],0.0,[],1.0,"[('12', 132223361), ('12', 132224442)]","['High Signal Region', 'High Signal Region']",2,"{'1': {'MYCL': {'type': ['oncogene'], 'loc': ('39895426', '39902256')}}, '12': {'POLE': {'type': ['TSG'], 'loc': ('132623753', '132687365')}}}","['MYCL', 'POLE']",1.0,1,1,1.4375,medium
HCC44_LUNG,1,1,circular,597,1,1,"[('5', 1272957, 1273553)]","[('5', 1273553, '5', 1272957)]",1.0,"[('5', 1273553, '5', 1272957)]",0.0,[],0.0,[],0.0,[],[],0,{},[],1.0,1,1,0.875,high
HCC44_LUNG,1,2,circular,835,2,1,"[('5', 754189, 754579), ('5', 846634, 847077)]","[('5', 754579, '5', 846634), ('5', 847077, '5', 754189)]",1.0,"[('5', 754579, '5', 846634), ('5', 847077, '5', 754189)]",0.0,[],0.0,[],0.0,[],[],0,{},[],1.0,1,1,0.875,high
HCC44_LUNG,1,3,linear,10387,1,1,"[('5', 18409314, 18398926)]","[('5', 18398926, '5', 18409314)]",0.0,[],1.0,"[('5', 18398926, '5', 18409314)]",0.0,[],0.0,[],[],0,{},[],0.0,0,0,1.5,medium
HCC44_LUNG,1,4,circular,91365,1,1,"[('5', 697418, 788782)]","[('5', 788782, '5', 697418)]",1.0,"[('5', 788782, '5', 697418)]",0.0,[],0.0,[],0.0,[],[],0,{},[],0.0,1,1,0.5,high
HCC44_LUNG,2,1,linear,210005,1,1,"[('5', 6120191, 5910185)]","[('5', 5910185, '5', 6120191)]",0.0,[],1.0,"[('5', 5910185, '5', 6120191)]",0.0,[],0.0,[],[],0,{},[],0.0,0,0,1.5,medium
HCC44_LUNG,2,2,linear,100001,1,1,"[('5', 6585205, 6485203)]","[('5', 6485203, '5', 6585205)]",0.0,[],1.0,"[('5', 6485203, '5', 6585205)]",0.0,[],0.0,[],[],0,{},[],0.0,0,0,1.5,medium
HCC44_LUNG,3,2,circular,1263,1,1,"[('8', 127569217, 127570479)]","[('8', 127570479, '8', 127569217)]",1.0,"[('8', 127570479, '8', 127569217)]",0.0,[],0.0,[],0.0,[],[],0,{},[],0.0,1,1,0.5,high
HCC44_LUNG,3,3,circular,1130,1,1,"[('8', 128190086, 128191215)]","[('8', 128191215, '8', 128190086)]",1.0,"[('8', 128191215, '8', 128190086)]",0.0,[],0.0,[],0.0,[],[],0,{},[],0.0,1,1,0.5,high
HCC44_LUNG,3,4,circular,573,1,1,"[('8', 128187247, 128187819)]","[('8', 128187819, '8', 128187247)]",1.0,"[('8', 128187819, '8', 128187247)]",0.0,[],0.0,[],0.0,[],[],0,{},[],1.0,1,1,0.875,high
HCC44_LUNG,3,5,circular,1016,1,1,"[('8', 128163149, 128164164)]","[('8', 128164164, '8', 128163149)]",1.0,"[('8', 128164164, '8', 128163149)]",0.0,[],0.0,[],0.0,[],[],0,{},[],1.0,1,1,0.875,high
HCC44_LUNG,3,6,circular,449,1,1,"[('8', 127415748, 127416196)]","[('8', 127416196, '8', 127415748)]",1.0,"[('8', 127416196, '8', 127415748)]",0.0,[],0.0,[],0.0,[],[],0,{},[],1.0,1,1,0.875,high
HCC44_LUNG,3,7,circular,919,1,1,"[('8', 127616343, 127617261)]","[('8', 127617261, '8', 127616343)]",1.0,"[('8', 127617261, '8', 127616343)]",0.0,[],0.0,[],0.0,[],[],0,{},[],1.0,1,1,0.875,high
HCC44_LUNG,3,8,circular,911737,2,1,"[('8', 127325594, 128233512), ('8', 129048607, 129052424)]","[('8', 128233512, '8', 129048607), ('8', 129052424, '8', 127325594)]",1.0,"[('8', 128233512, '8', 129048607), ('8', 129052424, '8', 127325594)]",0.0,[],0.0,[],0.0,[],[],0,"{'8': {'MYC': {'type': ['oncogene', ' fusion'], 'loc': ('127735434', '127741434')}}}",['MYC'],0.0,1,1,0.5,high
HCC44_LUNG,3,9,circular,1053,1,1,"[('8', 128552926, 128553978)]","[('8', 128553978, '8', 128552926)]",1.0,"[('8', 128553978, '8', 128552926)]",0.0,[],0.0,[],0.0,[],[],0,{},[],1.0,1,1,0.875,high
HCC44_LUNG,3,10,circular,573,1,1,"[('8', 128136509, 128137081)]","[('8', 128137081, '8', 128136509)]",1.0,"[('8', 128137081, '8', 128136509)]",0.0,[],0.0,[],0.0,[],[],0,{},[],1.0,1,1,0.875,high
HCC44_LUNG,3,11,circular,987,1,1,"[('8', 127641367, 127642353)]","[('8', 127642353, '8', 127641367)]",1.0,"[('8', 127642353, '8', 127641367)]",0.0,[],0.0,[],0.0,[],[],0,{},[],1.0,1,1,0.875,high
HCC44_LUNG,3,12,circular,1352,1,1,"[('8', 127661564, 127662915)]","[('8', 127662915, '8', 127661564)]",1.0,"[('8', 127662915, '8', 127661564)]",0.0,[],0.0,[],0.0,[],[],0,{},[],0.0,1,1,0.5,high
HCC44_LUNG,3,13,circular,453,1,1,"[('8', 127196295, 127196747)]","[('8', 127196747, '8', 127196295)]",1.0,"[('8', 127196747, '8', 127196295)]",0.0,[],0.0,[],0.0,[],[],0,{},[],1.0,1,1,0.875,high
HCC44_LUNG,3,14,circular,805,1,1,"[('8', 127594711, 127595515)]","[('8', 127595515, '8', 127594711)]",1.0,"[('8', 127595515, '8', 127594711)]",0.0,[],0.0,[],0.0,[],[],0,{},[],1.0,1,1,0.875,high
HCC70_BREAST,2,1,linear,129996,1,1,"[('6', 384993, 254996)]","[('6', 254996, '6', 384993)]",0.0,[],1.0,"[('6', 254996, '6', 384993)]",0.0,[],0.0,[],[],0,{},[],0.0,0,0,1.5,medium
HCC827_LUNG,1,1,linear,20635,1,1,"[('7', 60933273, 60912637)]","[('7', 60912637, '7', 60933273)]",0.0,[],1.0,"[('7', 60912637, '7', 60933273)]",0.0,[],1.0,"[('7', 60912637), ('7', 60933273)]","['High Signal Region', 'High Signal Region']",0,{},[],0.0,0,2,2.0625,low
HCC827_LUNG,1,2,linear,320635,1,1,"[('7', 62429770, 62109134)]","[('7', 62109134, '7', 62429770)]",0.0,[],1.0,"[('7', 62109134, '7', 62429770)]",0.0,[],0.0,[],[],0,{},[],0.0,0,0,1.5,medium
HCC827_LUNG,1,3,circular,1181,2,2,"[('7', 61026568, 61027231), ('16', 36124795, 36124277)]","[('7', 61027231, '16', 36124795), ('16', 36124277, '7', 61026568)]",1.0,"[('7', 61027231, '16', 36124795), ('16', 36124277, '7', 61026568)]",0.0,[],0.0,[],1.0,"[('7', 61027231), ('7', 61026568)]","['High Signal Region', 'High Signal Region']",0,{},[],0.0,1,1,1.0625,medium
HCC827_LUNG,1,4,linear,61584,1,1,"[('7', 61067668, 61006083)]","[('7', 61006083, '7', 61067668)]",0.0,[],1.0,"[('7', 61006083, '7', 61067668)]",0.0,[],1.0,"[('7', 61067668)]",['High Signal Region'],0,{},[],0.0,0,2,2.0625,low
HCC827_LUNG,1,5,linear,1707083,3,1,"[('7', 58094660, 58042706), ('7', 58041437, 57899668), ('7', 57898024, 56384661)]","[('7', 58042706, '7', 58041437), ('7', 57899668, '7', 57898024), ('7', 56384661, '7', 58094660)]",0.0,[],1.0,"[('7', 56384661, '7', 58094660)]",0.0,[],1.0,"[('7', 58042706), ('7', 58041437), ('7', 58094660)]","['High Signal Region', 'High Signal Region', 'High Signal Region']",2,"{'7': {'ZNF479': {'type': [''], 'loc': ('57119614', '57139864')}}}",['ZNF479'],0.0,0,2,2.0625,low
HCC827_LUNG,1,6,linear,40635,1,1,"[('17', 26868777, 26828141)]","[('17', 26828141, '17', 26868777)]",0.0,[],1.0,"[('17', 26828141, '17', 26868777)]",0.0,[],1.0,"[('17', 26828141), ('17', 26868777)]","['High Signal Region', 'High Signal Region']",0,{},[],0.0,0,2,2.0625,low
HCC827_LUNG,1,7,linear,89861,1,1,"[('1', 125175217, 125085355)]","[('1', 125085355, '1', 125175217)]",0.0,[],1.0,"[('1', 125085355, '1', 125175217)]",0.0,[],1.0,"[('1', 125085355), ('1', 125175217)]","['High Signal Region', 'High Signal Region']",0,{},[],0.0,0,2,2.0625,low
HCC827_LUNG,1,8,linear,20635,1,1,"[('17', 26790692, 26770056)]","[('17', 26770056, '17', 26790692)]",0.0,[],1.0,"[('17', 26770056, '17', 26790692)]",0.0,[],1.0,"[('17', 26770056), ('17', 26790692)]","['High Signal Region', 'High Signal Region']",0,{},[],0.0,0,2,2.0625,low
HCC827_LUNG,1,9,linear,51202,2,2,"[('7', 58094660, 58064094), ('16', 36124083, 36144719)]","[('7', 58064094, '16', 36124083), ('16', 36144719, '7', 58094660)]",0.5,"[('7', 58064094, '16', 36124083)]",0.5,"[('16', 36144719, '7', 58094660)]",0.0,[],1.0,"[('7', 58064094), ('7', 58094660)]","['High Signal Region', 'High Signal Region']",0,{},[],0.0,0,2,1.0625,medium
HCC827_LUNG,2,1,linear,350998,1,1,"[('6', 11859899, 11508900)]","[('6', 11508900, '6', 11859899)]",0.0,[],1.0,"[('6', 11508900, '6', 11859899)]",0.0,[],0.0,[],[],0,{},[],0.0,0,0,1.5,medium
HCC827_LUNG,2,3,linear,278026,2,1,"[('12', 64436700, 64636587), ('12', 64473407, 64395268)]","[('12', 64636587, '12', 64473407), ('12', 64395268, '12', 64436700)]",0.5,"[('12', 64636587, '12', 64473407)]",0.5,"[('12', 64395268, '12', 64436700)]",0.0,[],0.0,[],[],0,{},[],0.0,0,1,0.5,high
HCC827_LUNG,2,4,linear,144199,1,1,"[('12', 54489200, 54345000)]","[('12', 54345000, '12', 54489200)]",0.0,[],1.0,"[('12', 54345000, '12', 54489200)]",0.0,[],0.0,[],[],0,{},[],0.0,0,0,1.5,medium
HCC827_LUNG,2,5,linear,41436,4,1,"[('12', 64648499, 64643849), ('12', 64515833, 64530641), ('12', 64629480, 64642506), ('12', 64445652, 64436700)]","[('12', 64643849, '12', 64515833), ('12', 64530641, '12', 64629480), ('12', 64642506, '12', 64445652), ('12', 64436700, '12', 64648499)]",0.75,"[('12', 64643849, '12', 64515833), ('12', 64530641, '12', 64629480), ('12', 64642506, '12', 64445652)]",0.25,"[('12', 64436700, '12', 64648499)]",0.0,[],0.0,[],[],0,{},[],0.0,0,1,0.5,high
HCC827_LUNG,3,6,circular,2464763,4,1,"[('7', 54404664, 54528798), ('7', 54529738, 55632113), ('7', 55631348, 54529738), ('7', 54528798, 54392154)]","[('7', 54528798, '7', 54529738), ('7', 55632113, '7', 55631348), ('7', 54529738, '7', 54528798), ('7', 54392154, '7', 54404664)]",1.0,"[('7', 54392154, '7', 54404664)]",0.0,[],0.0,[],0.0,[],[],3,"{'7': {'EGFR': {'type': ['oncogene'], 'loc': ('55019021', '55211628')}}}","['EGFR', 'EGFR']",1.0,1,1,0.875,high
HCC827_LUNG,4,1,linear,130636,1,1,"[('21', 5393065, 5262428)]","[('21', 5262428, '21', 5393065)]",0.0,[],1.0,"[('21', 5262428, '21', 5393065)]",0.0,[],1.0,"[('21', 5262428), ('21', 5393065)]","['High Signal Region', 'High Signal Region']",0,{},[],0.0,0,2,2.0625,low
HCC827_LUNG,4,2,linear,120636,1,1,"[('21', 10160005, 10039368)]","[('21', 10039368, '21', 10160005)]",0.0,[],1.0,"[('21', 10039368, '21', 10160005)]",0.0,[],1.0,"[('21', 10039368), ('21', 10160005)]","['High Signal Region', 'High Signal Region']",0,{},[],0.0,0,2,2.0625,low
HCC827_LUNG,4,3,linear,20635,1,1,"[('20', 29870547, 29849911)]","[('20', 29849911, '20', 29870547)]",0.0,[],1.0,"[('20', 29849911, '20', 29870547)]",0.0,[],0.0,[],[],0,{},[],0.0,0,0,1.5,medium
HCC827_LUNG,4,4,linear,7048,2,2,"[('9', 43187469, 43185427), ('18', 15408157, 15403149)]","[('9', 43185427, '18', 15408157), ('18', 15403149, '9', 43187469)]",0.5,"[('9', 43185427, '18', 15408157)]",0.5,"[('18', 15403149, '9', 43187469)]",0.0,[],1.0,"[('18', 15408157), ('18', 15403149)]","['High Signal Region', 'High Signal Region']",0,{},[],0.0,0,2,1.0625,medium
HCC827_LUNG,4,5,linear,2131008,2,1,"[('8', 75193704, 74454725), ('8', 74450637, 73058606)]","[('8', 74454725, '8', 74450637), ('8', 73058606, '8', 75193704)]",0.5,"[('8', 74454725, '8', 74450637)]",0.5,"[('8', 73058606, '8', 75193704)]",0.0,[],0.0,[],[],0,{},[],1.0,0,1,0.875,high
HCC827_LUNG,4,6,linear,24889,2,1,"[('8', 58629662, 58633914), ('8', 61339077, 61318440)]","[('8', 58633914, '8', 61339077), ('8', 61318440, '8', 58629662)]",0.5,"[('8', 58633914, '8', 61339077)]",0.5,"[('8', 61318440, '8', 58629662)]",0.0,[],0.0,[],[],0,{},[],0.0,0,1,0.5,high
HCC827_LUNG,5,1,linear,176698,1,1,"[('12', 57751499, 57574800)]","[('12', 57574800, '12', 57751499)]",0.0,[],1.0,"[('12', 57574800, '12', 57751499)]",0.0,[],0.0,[],[],0,{},[],0.0,0,0,1.5,medium
HCC827_LUNG,6,1,linear,49198,1,1,"[('12', 62397599, 62348400)]","[('12', 62348400, '12', 62397599)]",0.0,[],1.0,"[('12', 62348400, '12', 62397599)]",0.0,[],0.0,[],[],0,{},[],0.0,0,0,1.5,medium
HCC95_LUNG,3,1,linear,20593,1,1,"[('9', 90865180, 90844586)]","[('9', 90844586, '9', 90865180)]",0.0,[],1.0,"[('9', 90844586, '9', 90865180)]",0.0,[],0.0,[],[],0,{},[],0.0,0,0,1.5,medium
HCC95_LUNG,4,2,linear,171953,1,1,"[('21', 5388354, 5216400)]","[('21', 5216400, '21', 5388354)]",0.0,[],1.0,"[('21', 5216400, '21', 5388354)]",0.0,[],1.0,"[('21', 5216400), ('21', 5388354)]","['High Signal Region', 'High Signal Region']",0,{},[],0.0,0,2,2.0625,low
HCC95_LUNG,4,3,circular,2080750,1,1,"[('11', 34169494, 36250243)]","[('11', 36250243, '11', 34169494)]",1.0,"[('11', 36250243, '11', 34169494)]",0.0,[],0.0,[],0.0,[],[],0,{},[],1.0,1,1,0.875,high
HCC95_LUNG,4,5,circular,1352,2,2,"[('8', 51817582, 51818921), ('11', 38791107, 38791118)]","[('8', 51818921, '11', 38791107), ('11', 38791118, '8', 51817582)]",1.0,"[('8', 51818921, '11', 38791107), ('11', 38791118, '8', 51817582)]",0.0,[],0.0,[],0.0,[],[],0,{},[],0.0,1,1,0.5,high
HCC95_LUNG,4,6,circular,784,2,1,"[('11', 48727091, 48727146), ('11', 55124827, 55125554)]","[('11', 48727146, '11', 55124827), ('11', 55125554, '11', 48727091)]",1.0,"[('11', 48727146, '11', 55124827), ('11', 55125554, '11', 48727091)]",0.0,[],0.0,[],0.0,[],[],0,{},[],1.0,1,1,0.875,high
HCC95_LUNG,4,8,linear,198747,1,1,"[('11', 50821348, 50622600)]","[('11', 50622600, '11', 50821348)]",0.0,[],1.0,"[('11', 50622600, '11', 50821348)]",0.0,[],1.0,"[('11', 50821348)]",['High Signal Region'],0,{},[],0.0,0,2,2.0625,low
HCC95_LUNG,4,9,linear,20593,1,1,"[('14', 16140287, 16119693)]","[('14', 16119693, '14', 16140287)]",0.0,[],1.0,"[('14', 16119693, '14', 16140287)]",0.0,[],1.0,"[('14', 16119693), ('14', 16140287)]","['High Signal Region', 'High Signal Region']",0,{},[],0.0,0,2,2.0625,low
HCC95_LUNG,4,10,linear,34805,1,1,"[('11', 50821348, 50786542)]","[('11', 50786542, '11', 50821348)]",0.0,[],1.0,"[('11', 50786542, '11', 50821348)]",0.0,[],1.0,"[('11', 50821348)]",['High Signal Region'],0,{},[],0.0,0,2,2.0625,low
HCC95_LUNG,4,11,linear,9673,1,1,"[('20', 28783930, 28774256)]","[('20', 28774256, '20', 28783930)]",0.0,[],1.0,"[('20', 28774256, '20', 28783930)]",0.0,[],1.0,"[('20', 28774256), ('20', 28783930)]","['High Signal Region', 'High Signal Region']",0,{},[],0.0,0,2,2.0625,low
HCC95_LUNG,4,12,linear,4070,4,1,"[('11', 54416262, 54415668), ('11', 54549149, 54548176), ('11', 54544100, 54543544), ('11', 54542711, 54540760)]","[('11', 54415668, '11', 54549149), ('11', 54548176, '11', 54544100), ('11', 54543544, '11', 54542711), ('11', 54540760, '11', 54416262)]",0.6666666666666666,"[('11', 54415668, '11', 54549149), ('11', 54548176, '11', 54544100)]",0.3333333333333333,"[('11', 54540760, '11', 54416262)]",0.0,[],0.0,[],[],1,{},[],0.0,0,1,0.5,high
HCC95_LUNG,4,13,linear,10976996,6,1,"[('8', 32395499, 32156382), ('8', 32287721, 32822490), ('8', 32833743, 37193366), ('8', 37194335, 39374486), ('8', 39529709, 40325336), ('8', 40332295, 43200000)]","[('8', 32156382, '8', 32287721), ('8', 32822490, '8', 32833743), ('8', 37193366, '8', 37194335), ('8', 39374486, '8', 39529709), ('8', 40325336, '8', 40332295), ('8', 43200000, '8', 32395499)]",0.8,"[('8', 32156382, '8', 32287721), ('8', 32822490, '8', 32833743), ('8', 39374486, '8', 39529709), ('8', 40325336, '8', 40332295)]",0.2,"[('8', 43200000, '8', 32395499)]",0.0,[],0.0,[],[],1,"{'8': {'ANK1': {'type': [''], 'loc': ('41653220', '41896762')}, 'FGFR1': {'type': ['oncogene', ' fusion'], 'loc': ('38411138', '38468834')}, 'HOOK3': {'type': ['fusion'], 'loc': ('42896932', '43030539')}, 'IKBKB': {'type': ['oncogene'], 'loc': ('42271302', '42332653')}, 'KAT6A': {'type': ['oncogene', ' fusion'], 'loc': ('41929479', '42051990')}, 'NSD3': {'type': ['oncogene', ' fusion'], 'loc': ('38269697', '38382272')}}}","['ANK1', 'FGFR1', 'HOOK3', 'IKBKB', 'KAT6A', 'NSD3']",1.0,0,1,0.875,high
HCC95_LUNG,4,14,linear,3469780,6,1,"[('11', 50056799, 48860187), ('11', 48859223, 48789567), ('11', 48788955, 48693521), ('11', 48692515, 48331955), ('11', 39281548, 37614774), ('11', 34169680, 34088930)]","[('11', 48860187, '11', 48859223), ('11', 48789567, '11', 48788955), ('11', 48693521, '11', 48692515), ('11', 48331955, '11', 39281548), ('11', 37614774, '11', 34169680), ('11', 34088930, '11', 50056799)]",0.6666666666666666,"[('11', 48331955, '11', 39281548), ('11', 37614774, '11', 34169680)]",0.3333333333333333,"[('11', 34088930, '11', 50056799)]",0.0,[],0.0,[],[],3,{},[],1.0,0,1,0.875,high
HCC95_LUNG,4,15,circular,6203,1,1,"[('11', 50709790, 50715992)]","[('11', 50715992, '11', 50709790)]",1.0,"[('11', 50715992, '11', 50709790)]",0.0,[],0.0,[],0.0,[],[],0,{},[],0.0,1,1,0.5,high
HCC95_LUNG,7,2,linear,142755,1,1,"[('21', 9669899, 9527143)]","[('21', 9527143, '21', 9669899)]",0.0,[],1.0,"[('21', 9527143, '21', 9669899)]",0.0,[],1.0,"[('21', 9527143), ('21', 9669899)]","['High Signal Region', 'High Signal Region']",0,{},[],0.0,0,2,2.0625,low
HDQP1_BREAST,1,1,linear,3394246,4,1,"[('8', 145078636, 144832446), ('8', 144831662, 143632522), ('8', 143618316, 142734009), ('8', 142733282, 141668669)]","[('8', 144832446, '8', 144831662), ('8', 143632522, '8', 143618316), ('8', 142734009, '8', 142733282), ('8', 141668669, '8', 145078636)]",0.5,"[('8', 143632522, '8', 143618316)]",0.5,"[('8', 141668669, '8', 145078636)]",0.0,[],0.0,[],[],2,"{'8': {'PLEC': {'type': ['fusion'], 'loc': ('143915147', '143976734')}, 'RECQL4': {'type': ['oncogene', ' TSG'], 'loc': ('144511288', '144517845')}}}","['PLEC', 'RECQL4']",1.0,0,1,0.875,high
HDQP1_BREAST,2,1,circular,15709,1,1,"[('11', 66280898, 66296606)]","[('11', 66296606, '11', 66280898)]",1.0,"[('11', 66296606, '11', 66280898)]",0.0,[],0.0,[],0.0,[],[],0,{},[],0.0,1,1,0.5,high
HDQP1_BREAST,2,2,linear,95138,1,1,"[('11', 71154599, 71059460)]","[('11', 71059460, '11', 71154599)]",0.0,[],1.0,"[('11', 71059460, '11', 71154599)]",0.0,[],0.0,[],[],0,{},[],0.0,0,0,1.5,medium
HDQP1_BREAST,3,1,linear,140004,1,1,"[('13', 99163423, 99023418)]","[('13', 99023418, '13', 99163423)]",0.0,[],1.0,"[('13', 99023418, '13', 99163423)]",0.0,[],0.0,[],[],0,{},[],0.0,0,0,1.5,medium
HDQP1_BREAST,5,1,linear,95002,1,1,"[('17', 57076839, 56981836)]","[('17', 56981836, '17', 57076839)]",0.0,[],1.0,"[('17', 56981836, '17', 57076839)]",0.0,[],0.0,[],[],0,{},[],0.0,0,0,1.5,medium
HEL9217_HAEMATOPOIETIC_AND_LYMPHOID_TISSUE,1,1,linear,2250111,1,1,"[('9', 6480323, 4230211)]","[('9', 4230211, '9', 6480323)]",0.0,[],1.0,"[('9', 4230211, '9', 6480323)]",0.0,[],0.0,[],[],0,"{'9': {'CD274': {'type': ['TSG', ' fusion'], 'loc': ('5450503', '5470566')}, 'JAK2': {'type': ['oncogene', ' fusion'], 'loc': ('4984390', '5128183')}, 'PDCD1LG2': {'type': ['oncogene', ' fusion'], 'loc': ('5510570', '5571254')}}}","['CD274', 'JAK2', 'PDCD1LG2']",1.0,0,0,1.875,medium
HEL9217_HAEMATOPOIETIC_AND_LYMPHOID_TISSUE,1,2,linear,460022,1,1,"[('9', 3195159, 2735136)]","[('9', 2735136, '9', 3195159)]",0.0,[],1.0,"[('9', 2735136, '9', 3195159)]",0.0,[],0.0,[],[],0,{},[],0.0,0,0,1.5,medium
HEL9217_HAEMATOPOIETIC_AND_LYMPHOID_TISSUE,1,3,linear,10616,1,1,"[('9', 9807318, 9796701)]","[('9', 9796701, '9', 9807318)]",0.0,[],1.0,"[('9', 9796701, '9', 9807318)]",0.0,[],0.0,[],[],0,{},[],0.0,0,0,1.5,medium
HEL9217_HAEMATOPOIETIC_AND_LYMPHOID_TISSUE,1,4,linear,1325064,1,1,"[('9', 26541330, 25216265)]","[('9', 25216265, '9', 26541330)]",0.0,[],1.0,"[('9', 25216265, '9', 26541330)]",0.0,[],0.0,[],[],0,{},[],0.0,0,0,1.5,medium
HEL9217_HAEMATOPOIETIC_AND_LYMPHOID_TISSUE,2,1,linear,1664953,1,1,"[('11', 129166781, 127501827)]","[('11', 127501827, '11', 129166781)]",0.0,[],1.0,"[('11', 127501827, '11', 129166781)]",0.0,[],0.0,[],[],0,"{'11': {'FLI1': {'type': ['oncogene', ' fusion'], 'loc': ('128686535', '128813267')}, 'KCNJ5': {'type': ['oncogene'], 'loc': ('128891356', '128921035')}}}","['FLI1', 'KCNJ5']",0.0,0,0,1.5,medium
HEL9217_HAEMATOPOIETIC_AND_LYMPHOID_TISSUE,3,1,linear,484986,1,1,"[('11', 132546690, 132061703)]","[('11', 132061703, '11', 132546690)]",0.0,[],1.0,"[('11', 132061703, '11', 132546690)]",0.0,[],0.0,[],[],0,{},[],0.0,0,0,1.5,medium
HEL9217_HAEMATOPOIETIC_AND_LYMPHOID_TISSUE,4,1,linear,144995,1,1,"[('19', 10519563, 10374567)]","[('19', 10374567, '19', 10519563)]",0.0,[],1.0,"[('19', 10374567, '19', 10519563)]",0.0,[],0.0,[],[],0,"{'19': {'KEAP1': {'type': ['TSG'], 'loc': ('10486120', '10503741')}}}",['KEAP1'],0.0,0,0,1.5,medium
HEL9217_HAEMATOPOIETIC_AND_LYMPHOID_TISSUE,5,1,linear,114994,1,1,"[('19', 15124369, 15009374)]","[('19', 15009374, '19', 15124369)]",0.0,[],1.0,"[('19', 15009374, '19', 15124369)]",0.0,[],0.0,[],[],0,{},[],0.0,0,0,1.5,medium
HGC27_STOMACH,2,1,linear,119702,1,1,"[('6', 374699, 254996)]","[('6', 254996, '6', 374699)]",0.0,[],1.0,"[('6', 254996, '6', 374699)]",0.0,[],1.0,"[('6', 374699)]",['High Signal Region'],0,{},[],0.0,0,2,2.0625,low
HGC27_STOMACH,3,1,circular,7789,1,1,"[('8', 122534717, 122542505)]","[('8', 122542505, '8', 122534717)]",1.0,"[('8', 122542505, '8', 122534717)]",0.0,[],0.0,[],0.0,[],[],0,{},[],0.0,1,1,0.5,high
HGC27_STOMACH,3,4,circular,950285,3,1,"[('8', 118373383, 118342673), ('8', 127293609, 127274792), ('8', 126792206, 127692965)]","[('8', 118342673, '8', 127293609), ('8', 127274792, '8', 126792206), ('8', 127692965, '8', 118373383)]",1.0,"[('8', 118342673, '8', 127293609), ('8', 127274792, '8', 126792206), ('8', 127692965, '8', 118373383)]",0.0,[],0.0,[],0.0,[],[],0,{},[],0.0,1,1,0.5,high
HGC27_STOMACH,3,5,circular,20935,1,1,"[('8', 125408531, 125429465)]","[('8', 125429465, '8', 125408531)]",1.0,"[('8', 125429465, '8', 125408531)]",0.0,[],0.0,[],0.0,[],[],0,{},[],0.0,1,1,0.5,high
HGC27_STOMACH,3,7,linear,1818281,4,1,"[('8', 122399099, 122335540), ('8', 127689151, 128437423), ('8', 113035518, 113738371), ('8', 122144097, 121840500)]","[('8', 122335540, '8', 127689151), ('8', 128437423, '8', 113035518), ('8', 113738371, '8', 122144097), ('8', 121840500, '8', 122399099)]",0.75,"[('8', 122335540, '8', 127689151), ('8', 128437423, '8', 113035518), ('8', 113738371, '8', 122144097)]",0.25,"[('8', 121840500, '8', 122399099)]",0.0,[],0.0,[],[],0,"{'8': {'MYC': {'type': ['oncogene', ' fusion'], 'loc': ('127735434', '127741434')}}}",['MYC'],1.0,0,1,0.875,high
HGC27_STOMACH,3,8,circular,32552,2,1,"[('8', 125248639, 125276865), ('8', 125282921, 125287245)]","[('8', 125276865, '8', 125282921), ('8', 125287245, '8', 125248639)]",1.0,"[('8', 125276865, '8', 125282921), ('8', 125287245, '8', 125248639)]",0.0,[],0.0,[],0.0,[],[],0,{},[],0.0,1,1,0.5,high
HGC27_STOMACH,3,9,linear,5551604,2,1,"[('8', 120419099, 117165511), ('8', 121993783, 124291799)]","[('8', 117165511, '8', 121993783), ('8', 124291799, '8', 120419099)]",0.5,"[('8', 117165511, '8', 121993783)]",0.5,"[('8', 124291799, '8', 120419099)]",0.0,[],0.0,[],[],0,"{'8': {'EXT1': {'type': ['TSG', ' fusion'], 'loc': ('117794490', '118111853')}}}",['EXT1'],1.0,0,1,0.875,high
HGC27_STOMACH,4,1,linear,260294,1,1,"[('16', 33753114, 33492819)]","[('16', 33492819, '16', 33753114)]",0.0,[],1.0,"[('16', 33492819, '16', 33753114)]",0.0,[],0.0,[],[],0,{},[],0.0,0,0,1.5,medium
HS746T_STOMACH,2,1,circular,894,1,1,"[('7', 117324066, 117324959)]","[('7', 117324959, '7', 117324066)]",1.0,"[('7', 117324959, '7', 117324066)]",0.0,[],0.0,[],0.0,[],[],0,{},[],1.0,1,1,0.875,high
HS746T_STOMACH,2,2,circular,2686,1,1,"[('7', 116570632, 116573317)]","[('7', 116573317, '7', 116570632)]",1.0,"[('7', 116573317, '7', 116570632)]",0.0,[],0.0,[],0.0,[],[],0,{},[],0.0,1,1,0.5,high
HS746T_STOMACH,2,4,circular,779,1,1,"[('7', 116627540, 116628318)]","[('7', 116628318, '7', 116627540)]",1.0,"[('7', 116628318, '7', 116627540)]",0.0,[],0.0,[],0.0,[],[],0,{},[],1.0,1,1,0.875,high
HS746T_STOMACH,2,5,circular,2731436,4,2,"[('7', 116311749, 117677715), ('7', 127465345, 127460328), ('7', 117671096, 116310824), ('9', 4001234, 4001415)]","[('7', 117677715, '7', 127465345), ('7', 127460328, '7', 117671096), ('7', 116310824, '9', 4001234), ('9', 4001415, '7', 116311749)]",1.0,"[('7', 117677715, '7', 127465345), ('7', 127460328, '7', 117671096), ('7', 116310824, '9', 4001234), ('9', 4001415, '7', 116311749)]",0.0,[],0.0,[],0.0,[],[],0,"{'7': {'MET': {'type': ['oncogene'], 'loc': ('116672390', '116798386')}}}","['MET', 'MET']",1.0,1,1,0.875,high
HS746T_STOMACH,2,6,circular,744,2,2,"[('7', 116954481, 116954985), ('9', 90727653, 90727891)]","[('7', 116954985, '9', 90727653), ('9', 90727891, '7', 116954481)]",1.0,"[('7', 116954985, '9', 90727653), ('9', 90727891, '7', 116954481)]",0.0,[],0.0,[],0.0,[],[],0,{},[],1.0,1,1,0.875,high
HS746T_STOMACH,2,7,linear,360434,1,1,"[('7', 66101229, 65740794)]","[('7', 65740794, '7', 66101229)]",0.0,[],1.0,"[('7', 65740794, '7', 66101229)]",0.0,[],0.0,[],[],0,{},[],0.0,0,0,1.5,medium
HS746T_STOMACH,2,8,linear,5330267,2,1,"[('3', 32066825, 32066391), ('3', 32060559, 26730724)]","[('3', 32066391, '3', 32060559), ('3', 26730724, '3', 32066825)]",0.5,"[('3', 32066391, '3', 32060559)]",0.5,"[('3', 26730724, '3', 32066825)]",0.0,[],0.0,[],[],0,"{'3': {'TGFBR2': {'type': ['TSG'], 'loc': ('30606502', '30694142')}}}",['TGFBR2'],1.0,0,1,0.875,high
HS746T_STOMACH,2,9,linear,2915673,4,3,"[('9', 92655261, 90727653), ('7', 116954985, 115968087), ('7', 111529985, 111529550), ('12', 103789124, 103789858)]","[('9', 90727653, '7', 116954985), ('7', 115968087, '12', 103789124), ('12', 103789858, '7', 111529985), ('7', 111529550, '9', 92655261)]",0.75,"[('9', 90727653, '7', 116954985), ('7', 115968087, '12', 103789124), ('12', 103789858, '7', 111529985)]",0.25,"[('7', 111529550, '9', 92655261)]",0.0,[],0.0,[],[],0,"{'9': {'OMD': {'type': ['fusion'], 'loc': ('92414245', '92424461')}, 'SYK': {'type': ['oncogene', ' fusion'], 'loc': ('90801787', '90898549')}}, '7': {'MET': {'type': ['oncogene'], 'loc': ('116672390', '116798386')}}}","['OMD', 'SYK', 'MET']",1.0,0,1,0.875,high
HS746T_STOMACH,3,1,linear,660017,1,1,"[('3', 26340713, 25680695)]","[('3', 25680695, '3', 26340713)]",0.0,[],1.0,"[('3', 25680695, '3', 26340713)]",0.0,[],0.0,[],[],0,{},[],0.0,0,0,1.5,medium
HS746T_STOMACH,4,1,linear,2275002,1,1,"[('10', 111400440, 109125437)]","[('10', 109125437, '10', 111400440)]",0.0,[],1.0,"[('10', 109125437, '10', 111400440)]",0.0,[],0.0,[],[],0,{},[],1.0,0,0,1.875,medium
HS746T_STOMACH,6,1,linear,1299984,1,1,"[('7', 107881234, 106581249)]","[('7', 106581249, '7', 107881234)]",0.0,[],1.0,"[('7', 106581249, '7', 107881234)]",0.0,[],0.0,[],[],0,{},[],0.0,0,0,1.5,medium
HS746T_STOMACH,7,1,linear,429999,1,1,"[('10', 114165443, 113735443)]","[('10', 113735443, '10', 114165443)]",0.0,[],1.0,"[('10', 113735443, '10', 114165443)]",0.0,[],0.0,[],[],0,{},[],0.0,0,0,1.5,medium
HS944T_SKIN,1,1,linear,260000,1,1,"[('1', 84825645, 84565644)]","[('1', 84565644, '1', 84825645)]",0.0,[],1.0,"[('1', 84565644, '1', 84825645)]",0.0,[],0.0,[],[],0,{},[],0.0,0,0,1.5,medium
HS944T_SKIN,2,1,linear,375009,1,1,"[('11', 57565184, 57190174)]","[('11', 57190174, '11', 57565184)]",0.0,[],1.0,"[('11', 57190174, '11', 57565184)]",0.0,[],0.0,[],[],0,{},[],0.0,0,0,1.5,medium
HSC3_UPPER_AERODIGESTIVE_TRACT,2,1,linear,1364973,1,1,"[('6', 54603961, 53238987)]","[('6', 53238987, '6', 54603961)]",0.0,[],1.0,"[('6', 53238987, '6', 54603961)]",0.0,[],0.0,[],[],0,{},[],0.0,0,0,1.5,medium
HSC3_UPPER_AERODIGESTIVE_TRACT,3,1,linear,1401240,2,1,"[('11', 70545674, 70530099), ('11', 70526298, 69140631)]","[('11', 70530099, '11', 70526298), ('11', 69140631, '11', 70545674)]",0.5,"[('11', 70530099, '11', 70526298)]",0.5,"[('11', 69140631, '11', 70545674)]",0.0,[],0.0,[],[],0,"{'11': {'CCND1': {'type': ['oncogene', ' fusion'], 'loc': ('69641087', '69654474')}, 'FADD': {'type': [''], 'loc': ('70203163', '70207390')}}}","['CCND1', 'FADD']",0.0,0,1,0.5,high
HT115_LARGE_INTESTINE,1,4,circular,132847,2,1,"[('5', 127849075, 127972046), ('5', 128128671, 128138545)]","[('5', 127972046, '5', 128128671), ('5', 128138545, '5', 127849075)]",1.0,"[('5', 127972046, '5', 128128671), ('5', 128138545, '5', 127849075)]",0.0,[],0.0,[],0.0,[],[],0,{},[],0.0,1,1,0.5,high
HT1376_URINARY_TRACT,1,1,linear,135002,1,1,"[('1', 43439743, 43304740)]","[('1', 43304740, '1', 43439743)]",0.0,[],1.0,"[('1', 43304740, '1', 43439743)]",0.0,[],0.0,[],[],0,"{'1': {'MPL': {'type': ['oncogene'], 'loc': ('43337849', '43352772')}}}",['MPL'],0.0,0,0,1.5,medium
HT29_LARGE_INTESTINE,1,1,linear,50450,1,1,"[('22', 12428414, 12377963)]","[('22', 12377963, '22', 12428414)]",0.0,[],1.0,"[('22', 12377963, '22', 12428414)]",0.0,[],1.0,"[('22', 12377963), ('22', 12428414)]","['High Signal Region', 'High Signal Region']",0,{},[],0.0,0,2,2.0625,low
HT29_LARGE_INTESTINE,1,2,linear,103464,1,1,"[('15', 17103465, 17000000)]","[('15', 17000000, '15', 17103465)]",0.0,[],1.0,"[('15', 17000000, '15', 17103465)]",0.0,[],1.0,"[('15', 17000000), ('15', 17103465)]","['High Signal Region', 'High Signal Region']",0,{},[],0.0,0,2,2.0625,low
HT29_LARGE_INTESTINE,2,1,linear,275007,1,1,"[('17', 37926293, 37651285)]","[('17', 37651285, '17', 37926293)]",0.0,[],1.0,"[('17', 37651285, '17', 37926293)]",0.0,[],0.0,[],[],0,{},[],0.0,0,0,1.5,medium
JHH1_LIVER,2,1,circular,878164,1,1,"[('3', 168650109, 169528272)]","[('3', 169528272, '3', 168650109)]",1.0,"[('3', 169528272, '3', 168650109)]",0.0,[],0.0,[],0.0,[],[],0,{},[],0.0,1,1,0.5,high
JHH7_LIVER,2,1,circular,128761,1,1,"[('11', 68515196, 68643956)]","[('11', 68643956, '11', 68515196)]",1.0,"[('11', 68643956, '11', 68515196)]",0.0,[],0.0,[],0.0,[],[],0,{},[],0.0,1,1,0.5,high
JHH7_LIVER,3,2,circular,2091,1,1,"[('6', 167386180, 167388270)]","[('6', 167388270, '6', 167386180)]",1.0,"[('6', 167388270, '6', 167386180)]",0.0,[],0.0,[],0.0,[],[],0,{},[],0.0,1,1,0.5,high
JHH7_LIVER,3,3,linear,1930016,1,1,"[('6', 167581394, 165651377)]","[('6', 165651377, '6', 167581394)]",0.0,[],1.0,"[('6', 165651377, '6', 167581394)]",0.0,[],0.0,[],[],0,"{'6': {'FGFR1OP': {'type': ['fusion'], 'loc': ('166999182', '167094789')}}}",['FGFR1OP'],1.0,0,0,1.875,medium
JHH7_LIVER,4,1,linear,144221,2,1,"[('17', 21814292, 21825846), ('17', 21795808, 21663141)]","[('17', 21825846, '17', 21795808), ('17', 21663141, '17', 21814292)]",0.5,"[('17', 21825846, '17', 21795808)]",0.5,"[('17', 21663141, '17', 21814292)]",0.0,[],1.0,"[('17', 21825846), ('17', 21795808), ('17', 21814292)]","['High Signal Region', 'High Signal Region', 'High Signal Region']",0,{},[],0.0,0,2,1.0625,medium
JHH7_LIVER,4,2,linear,16815,1,1,"[('17', 21679957, 21663141)]","[('17', 21663141, '17', 21679957)]",0.0,[],1.0,"[('17', 21663141, '17', 21679957)]",0.0,[],0.0,[],[],0,{},[],0.0,0,0,1.5,medium
JHH7_LIVER,4,3,linear,118304,2,1,"[('17', 21655731, 21613976), ('17', 22089449, 22165998)]","[('17', 21613976, '17', 22089449), ('17', 22165998, '17', 21655731)]",0.5,"[('17', 21613976, '17', 22089449)]",0.5,"[('17', 22165998, '17', 21655731)]",0.0,[],0.0,[],[],0,{},[],0.0,0,1,0.5,high
JHH7_LIVER,4,4,linear,10585,1,1,"[('7', 63016427, 63005841)]","[('7', 63005841, '7', 63016427)]",0.0,[],1.0,"[('7', 63005841, '7', 63016427)]",0.0,[],0.0,[],[],0,{},[],0.0,0,0,1.5,medium
JHH7_LIVER,4,5,linear,155698,1,1,"[('17', 21440699, 21285000)]","[('17', 21285000, '17', 21440699)]",0.0,[],1.0,"[('17', 21285000, '17', 21440699)]",0.0,[],0.0,[],[],0,{},[],0.0,0,0,1.5,medium
JHH7_LIVER,6,1,linear,80003,1,1,"[('15', 85545142, 85465138)]","[('15', 85465138, '15', 85545142)]",0.0,[],1.0,"[('15', 85465138, '15', 85545142)]",0.0,[],0.0,[],[],0,{},[],0.0,0,0,1.5,medium
JHOS2_OVARY,2,1,circular,1224,1,1,"[('16', 84050688, 84051911)]","[('16', 84051911, '16', 84050688)]",1.0,"[('16', 84051911, '16', 84050688)]",0.0,[],0.0,[],0.0,[],[],0,{},[],0.0,1,1,0.5,high
JHOS2_OVARY,5,1,linear,230006,1,1,"[('20', 64044141, 63814134)]","[('20', 63814134, '20', 64044141)]",0.0,[],1.0,"[('20', 63814134, '20', 64044141)]",0.0,[],0.0,[],[],0,{},[],0.0,0,0,1.5,medium
JHOS2_OVARY,8,1,linear,402774,1,1,"[('X', 115733972, 115331197)]","[('X', 115331197, 'X', 115733972)]",0.0,[],1.0,"[('X', 115331197, 'X', 115733972)]",0.0,[],1.0,"[('X', 115733972)]",['High Signal Region'],0,{},[],0.0,0,2,2.0625,low
JHUEM1_ENDOMETRIUM,1,1,linear,14039,1,1,"[('20', 28795483, 28781443)]","[('20', 28781443, '20', 28795483)]",0.0,[],1.0,"[('20', 28781443, '20', 28795483)]",0.0,[],1.0,"[('20', 28781443), ('20', 28795483)]","['High Signal Region', 'High Signal Region']",0,{},[],0.0,0,2,2.0625,low
KARPAS299_HAEMATOPOIETIC_AND_LYMPHOID_TISSUE,1,1,linear,736686,3,2,"[('1', 150049531, 150079125), ('10', 24499262, 24089512), ('10', 24087907, 23790564)]","[('1', 150079125, '10', 24499262), ('10', 24089512, '10', 24087907), ('10', 23790564, '1', 150049531)]",0.5,"[('1', 150079125, '10', 24499262)]",0.5,"[('10', 23790564, '1', 150049531)]",0.0,[],0.0,[],[],1,{},[],0.0,0,1,0.5,high
KARPAS299_HAEMATOPOIETIC_AND_LYMPHOID_TISSUE,4,1,linear,88472,1,1,"[('16', 22699429, 22610956)]","[('16', 22610956, '16', 22699429)]",0.0,[],1.0,"[('16', 22610956, '16', 22699429)]",0.0,[],0.0,[],[],0,{},[],0.0,0,0,1.5,medium
KATOIII_STOMACH,1,3,circular,3902,1,1,"[('10', 120326585, 120330486)]","[('10', 120330486, '10', 120326585)]",1.0,"[('10', 120330486, '10', 120326585)]",0.0,[],0.0,[],0.0,[],[],0,{},[],0.0,1,1,0.5,high
KATOIII_STOMACH,1,4,circular,4731,1,1,"[('10', 120366379, 120371109)]","[('10', 120371109, '10', 120366379)]",1.0,"[('10', 120371109, '10', 120366379)]",0.0,[],0.0,[],0.0,[],[],0,{},[],0.0,1,1,0.5,high
KATOIII_STOMACH,1,5,circular,4819,1,1,"[('10', 120372906, 120377724)]","[('10', 120377724, '10', 120372906)]",1.0,"[('10', 120377724, '10', 120372906)]",0.0,[],0.0,[],0.0,[],[],0,{},[],0.0,1,1,0.5,high
KATOIII_STOMACH,1,6,circular,5739,1,1,"[('10', 121212953, 121218691)]","[('10', 121218691, '10', 121212953)]",1.0,"[('10', 121218691, '10', 121212953)]",0.0,[],0.0,[],0.0,[],[],0,{},[],0.0,1,1,0.5,high
KATOIII_STOMACH,1,7,circular,10220,1,1,"[('10', 120335714, 120345933)]","[('10', 120345933, '10', 120335714)]",1.0,"[('10', 120345933, '10', 120335714)]",0.0,[],0.0,[],0.0,[],[],0,{},[],0.0,1,1,0.5,high
KATOIII_STOMACH,1,8,circular,8240,1,1,"[('10', 121497699, 121505938)]","[('10', 121505938, '10', 121497699)]",1.0,"[('10', 121505938, '10', 121497699)]",0.0,[],0.0,[],0.0,[],[],0,{},[],0.0,1,1,0.5,high
KATOIII_STOMACH,1,9,circular,6325,1,1,"[('10', 121490602, 121496926)]","[('10', 121496926, '10', 121490602)]",1.0,"[('10', 121496926, '10', 121490602)]",0.0,[],0.0,[],0.0,[],[],0,{},[],0.0,1,1,0.5,high
KATOIII_STOMACH,1,10,circular,8325,1,1,"[('10', 121138897, 121147221)]","[('10', 121147221, '10', 121138897)]",1.0,"[('10', 121147221, '10', 121138897)]",0.0,[],0.0,[],0.0,[],[],0,{},[],0.0,1,1,0.5,high
KATOIII_STOMACH,1,11,circular,7339,1,1,"[('10', 121181893, 121189231)]","[('10', 121189231, '10', 121181893)]",1.0,"[('10', 121189231, '10', 121181893)]",0.0,[],0.0,[],0.0,[],[],0,{},[],0.0,1,1,0.5,high
KATOIII_STOMACH,1,12,circular,7919,1,1,"[('10', 121535092, 121543010)]","[('10', 121543010, '10', 121535092)]",1.0,"[('10', 121543010, '10', 121535092)]",0.0,[],0.0,[],0.0,[],[],0,{},[],0.0,1,1,0.5,high
KATOIII_STOMACH,1,13,circular,1008,1,1,"[('10', 120421563, 120422570)]","[('10', 120422570, '10', 120421563)]",1.0,"[('10', 120422570, '10', 120421563)]",0.0,[],0.0,[],0.0,[],[],0,{},[],1.0,1,1,0.875,high
KATOIII_STOMACH,1,14,circular,3654,1,1,"[('10', 121167510, 121171163)]","[('10', 121171163, '10', 121167510)]",1.0,"[('10', 121171163, '10', 121167510)]",0.0,[],0.0,[],0.0,[],[],0,{},[],0.0,1,1,0.5,high
KATOIII_STOMACH,1,15,circular,6284,1,1,"[('10', 121483513, 121489796)]","[('10', 121489796, '10', 121483513)]",1.0,"[('10', 121489796, '10', 121483513)]",0.0,[],0.0,[],0.0,[],[],0,{},[],0.0,1,1,0.5,high
KATOIII_STOMACH,1,16,circular,12194,1,1,"[('10', 121516314, 121528507)]","[('10', 121528507, '10', 121516314)]",1.0,"[('10', 121528507, '10', 121516314)]",0.0,[],0.0,[],0.0,[],[],0,{},[],0.0,1,1,0.5,high
KATOIII_STOMACH,1,17,circular,5494,1,1,"[('10', 121219611, 121225104)]","[('10', 121225104, '10', 121219611)]",1.0,"[('10', 121225104, '10', 121219611)]",0.0,[],0.0,[],0.0,[],[],0,{},[],0.0,1,1,0.5,high
KATOIII_STOMACH,1,18,circular,6449,1,1,"[('10', 120347785, 120354233)]","[('10', 120354233, '10', 120347785)]",1.0,"[('10', 120354233, '10', 120347785)]",0.0,[],0.0,[],0.0,[],[],0,{},[],0.0,1,1,0.5,high
KATOIII_STOMACH,1,19,circular,3980,1,1,"[('10', 121159103, 121163082)]","[('10', 121163082, '10', 121159103)]",1.0,"[('10', 121163082, '10', 121159103)]",0.0,[],0.0,[],0.0,[],[],0,{},[],0.0,1,1,0.5,high
KATOIII_STOMACH,1,20,circular,9082,1,1,"[('10', 121331859, 121340940)]","[('10', 121340940, '10', 121331859)]",1.0,"[('10', 121340940, '10', 121331859)]",0.0,[],0.0,[],0.0,[],[],0,{},[],0.0,1,1,0.5,high
KATOIII_STOMACH,1,21,circular,233373,1,1,"[('3', 41056740, 41290112)]","[('3', 41290112, '3', 41056740)]",1.0,"[('3', 41290112, '3', 41056740)]",0.0,[],0.0,[],0.0,[],[],0,"{'3': {'CTNNB1': {'type': ['oncogene', ' fusion'], 'loc': ('41194741', '41260096')}}}",['CTNNB1'],0.0,1,1,0.5,high
KATOIII_STOMACH,1,22,circular,6225,1,1,"[('10', 121283786, 121290010)]","[('10', 121290010, '10', 121283786)]",1.0,"[('10', 121290010, '10', 121283786)]",0.0,[],0.0,[],0.0,[],[],0,{},[],0.0,1,1,0.5,high
KATOIII_STOMACH,1,23,circular,5328,1,1,"[('10', 120318340, 120323667)]","[('10', 120323667, '10', 120318340)]",1.0,"[('10', 120323667, '10', 120318340)]",0.0,[],0.0,[],0.0,[],[],0,{},[],0.0,1,1,0.5,high
KATOIII_STOMACH,1,24,circular,423190,2,1,"[('10', 121325375, 121137799), ('10', 121480360, 121715974)]","[('10', 121137799, '10', 121480360), ('10', 121715974, '10', 121325375)]",1.0,"[('10', 121137799, '10', 121480360), ('10', 121715974, '10', 121325375)]",0.0,[],0.0,[],0.0,[],[],0,{},[],0.0,1,1,0.5,high
KATOIII_STOMACH,1,25,circular,7195,1,1,"[('10', 121456766, 121463960)]","[('10', 121463960, '10', 121456766)]",1.0,"[('10', 121463960, '10', 121456766)]",0.0,[],0.0,[],0.0,[],[],0,{},[],0.0,1,1,0.5,high
KATOIII_STOMACH,1,26,circular,7659,1,1,"[('10', 120403355, 120411013)]","[('10', 120411013, '10', 120403355)]",1.0,"[('10', 120411013, '10', 120403355)]",0.0,[],0.0,[],0.0,[],[],0,{},[],0.0,1,1,0.5,high
KATOIII_STOMACH,1,27,circular,4707,1,1,"[('10', 121664904, 121669610)]","[('10', 121669610, '10', 121664904)]",1.0,"[('10', 121669610, '10', 121664904)]",0.0,[],0.0,[],0.0,[],[],0,{},[],0.0,1,1,0.5,high
KATOIII_STOMACH,1,28,circular,5474,1,1,"[('10', 121295392, 121300865)]","[('10', 121300865, '10', 121295392)]",1.0,"[('10', 121300865, '10', 121295392)]",0.0,[],0.0,[],0.0,[],[],0,{},[],0.0,1,1,0.5,high
KATOIII_STOMACH,1,29,circular,2244,1,1,"[('10', 121467820, 121470063)]","[('10', 121470063, '10', 121467820)]",1.0,"[('10', 121470063, '10', 121467820)]",0.0,[],0.0,[],0.0,[],[],0,{},[],0.0,1,1,0.5,high
KATOIII_STOMACH,1,30,circular,5443,1,1,"[('10', 121590717, 121596159)]","[('10', 121596159, '10', 121590717)]",1.0,"[('10', 121596159, '10', 121590717)]",0.0,[],0.0,[],0.0,[],[],0,{},[],0.0,1,1,0.5,high
KATOIII_STOMACH,1,31,circular,4725,1,1,"[('10', 121607165, 121611889)]","[('10', 121611889, '10', 121607165)]",1.0,"[('10', 121611889, '10', 121607165)]",0.0,[],0.0,[],0.0,[],[],0,{},[],0.0,1,1,0.5,high
KATOIII_STOMACH,1,32,circular,5761,1,1,"[('10', 121258171, 121263931)]","[('10', 121263931, '10', 121258171)]",1.0,"[('10', 121263931, '10', 121258171)]",0.0,[],0.0,[],0.0,[],[],0,{},[],0.0,1,1,0.5,high
KATOIII_STOMACH,1,33,circular,1142,1,1,"[('10', 121563947, 121565088)]","[('10', 121565088, '10', 121563947)]",1.0,"[('10', 121565088, '10', 121563947)]",0.0,[],0.0,[],0.0,[],[],0,{},[],0.0,1,1,0.5,high
KATOIII_STOMACH,1,34,circular,3647,1,1,"[('10', 121706816, 121710462)]","[('10', 121710462, '10', 121706816)]",1.0,"[('10', 121710462, '10', 121706816)]",0.0,[],0.0,[],0.0,[],[],0,{},[],0.0,1,1,0.5,high
KATOIII_STOMACH,1,35,circular,455,1,1,"[('3', 41286511, 41286965)]","[('3', 41286965, '3', 41286511)]",1.0,"[('3', 41286965, '3', 41286511)]",0.0,[],0.0,[],0.0,[],[],0,{},[],1.0,1,1,0.875,high
KATOIII_STOMACH,1,37,circular,1703,1,1,"[('10', 121713005, 121714707)]","[('10', 121714707, '10', 121713005)]",1.0,"[('10', 121714707, '10', 121713005)]",0.0,[],0.0,[],0.0,[],[],0,{},[],0.0,1,1,0.5,high
KATOIII_STOMACH,1,38,circular,1345082,3,1,"[('10', 120422898, 120316892), ('10', 120319966, 120467176), ('10', 120469265, 121561130)]","[('10', 120316892, '10', 120319966), ('10', 120467176, '10', 120469265), ('10', 121561130, '10', 120422898)]",1.0,"[('10', 120316892, '10', 120319966), ('10', 120467176, '10', 120469265), ('10', 121561130, '10', 120422898)]",0.0,[],0.0,[],0.0,[],[],0,{},[],0.0,1,1,0.5,high
KE39_STOMACH,1,1,linear,150000,1,1,"[('7', 148850859, 148700858)]","[('7', 148700858, '7', 148850859)]",0.0,[],1.0,"[('7', 148700858, '7', 148850859)]",0.0,[],0.0,[],[],0,{},[],0.0,0,0,1.5,medium
KE39_STOMACH,3,1,circular,448860,2,1,"[('12', 24663330, 24768141), ('12', 24914792, 25258839)]","[('12', 24768141, '12', 24914792), ('12', 25258839, '12', 24663330)]",1.0,"[('12', 24768141, '12', 24914792), ('12', 25258839, '12', 24663330)]",0.0,[],0.0,[],0.0,[],[],0,"{'12': {'KRAS': {'type': ['oncogene'], 'loc': ('25204789', '25250936')}}}",['KRAS'],0.0,1,1,0.5,high
KE39_STOMACH,3,17,circular,3284667,3,1,"[('12', 21899889, 24141093), ('12', 24522082, 24768141), ('12', 24914792, 25712193)]","[('12', 24141093, '12', 24522082), ('12', 24768141, '12', 24914792), ('12', 25712193, '12', 21899889)]",1.0,"[('12', 24141093, '12', 24522082), ('12', 24768141, '12', 24914792), ('12', 25712193, '12', 21899889)]",0.0,[],0.0,[],0.0,[],[],0,"{'12': {'ETNK1': {'type': ['TSG'], 'loc': ('22625075', '22690665')}, 'KRAS': {'type': ['oncogene'], 'loc': ('25204789', '25250936')}}}","['ETNK1', 'KRAS']",1.0,1,1,0.875,high
KE39_STOMACH,4,1,linear,234987,1,1,"[('16', 47560619, 47325631)]","[('16', 47325631, '16', 47560619)]",0.0,[],1.0,"[('16', 47325631, '16', 47560619)]",0.0,[],0.0,[],[],0,{},[],0.0,0,0,1.5,medium
KE39_STOMACH,5,1,linear,1084355,2,1,"[('20', 32822142, 32740229), ('20', 32739517, 31737073)]","[('20', 32740229, '20', 32739517), ('20', 31737073, '20', 32822142)]",0.0,[],1.0,"[('20', 31737073, '20', 32822142)]",0.0,[],0.0,[],[],1,"{'20': {'ASXL1': {'type': ['TSG'], 'loc': ('32358330', '32439319')}}}",['ASXL1'],0.0,0,0,1.5,medium
KLE_ENDOMETRIUM,1,1,linear,99993,1,1,"[('1', 16184198, 16084204)]","[('1', 16084204, '1', 16184198)]",0.0,[],1.0,"[('1', 16084204, '1', 16184198)]",0.0,[],0.0,[],[],0,{},[],0.0,0,0,1.5,medium
KLE_ENDOMETRIUM,2,5,linear,5211699,2,1,"[('12', 23859582, 26475728), ('12', 26455135, 23859582)]","[('12', 26475728, '12', 26455135), ('12', 23859582, '12', 23859582)]",1.0,"[('12', 26475728, '12', 26455135)]",0.0,[],0.0,[],0.0,[],[],1,"{'12': {'KRAS': {'type': ['oncogene'], 'loc': ('25204789', '25250936')}}}","['KRAS', 'KRAS']",1.0,0,1,0.875,high
KLE_ENDOMETRIUM,7,1,linear,54997,1,1,"[('22', 41308792, 41253794)]","[('22', 41253794, '22', 41308792)]",0.0,[],1.0,"[('22', 41253794, '22', 41308792)]",0.0,[],0.0,[],[],0,{},[],0.0,0,0,1.5,medium
KMS11_HAEMATOPOIETIC_AND_LYMPHOID_TISSUE,2,1,linear,1664986,1,1,"[('1', 148624543, 146959556)]","[('1', 146959556, '1', 148624543)]",0.0,[],1.0,"[('1', 146959556, '1', 148624543)]",0.0,[],0.0,[],[],0,"{'1': {'BCL9': {'type': ['oncogene', ' fusion'], 'loc': ('147541412', '147626216')}}}",['BCL9'],0.0,0,0,1.5,medium
KMS11_HAEMATOPOIETIC_AND_LYMPHOID_TISSUE,3,1,linear,804067,2,1,"[('1', 152459511, 152309440), ('1', 152308516, 151654518)]","[('1', 152309440, '1', 152308516), ('1', 151654518, '1', 152459511)]",0.0,[],1.0,"[('1', 151654518, '1', 152459511)]",0.0,[],0.0,[],[],1,{},[],0.0,0,0,1.5,medium
KMS11_HAEMATOPOIETIC_AND_LYMPHOID_TISSUE,6,1,linear,409999,1,1,"[('12', 65115268, 64705268)]","[('12', 64705268, '12', 65115268)]",0.0,[],1.0,"[('12', 64705268, '12', 65115268)]",0.0,[],0.0,[],[],0,{},[],0.0,0,0,1.5,medium
KNS62_LUNG,1,1,linear,20554,1,1,"[('20', 28793850, 28773295)]","[('20', 28773295, '20', 28793850)]",0.0,[],1.0,"[('20', 28773295, '20', 28793850)]",0.0,[],1.0,"[('20', 28773295), ('20', 28793850)]","['High Signal Region', 'High Signal Region']",0,{},[],0.0,0,2,2.0625,low
KNS62_LUNG,1,2,linear,177448,1,1,"[('15', 17200009, 17022560)]","[('15', 17022560, '15', 17200009)]",0.0,[],1.0,"[('15', 17022560, '15', 17200009)]",0.0,[],1.0,"[('15', 17022560), ('15', 17200009)]","['High Signal Region', 'High Signal Region']",0,{},[],0.0,0,2,2.0625,low
KNS62_LUNG,1,3,linear,30462,2,1,"[('20', 28925238, 28954275), ('20', 28774720, 28773295)]","[('20', 28954275, '20', 28774720), ('20', 28773295, '20', 28925238)]",0.5,"[('20', 28954275, '20', 28774720)]",0.5,"[('20', 28773295, '20', 28925238)]",0.0,[],1.0,"[('20', 28954275), ('20', 28774720), ('20', 28773295)]","['High Signal Region', 'High Signal Region', 'High Signal Region']",0,{},[],0.0,0,2,1.0625,medium
KNS62_LUNG,1,4,linear,26060,1,1,"[('15', 17026061, 17000000)]","[('15', 17000000, '15', 17026061)]",0.0,[],1.0,"[('15', 17000000, '15', 17026061)]",0.0,[],1.0,"[('15', 17000000), ('15', 17026061)]","['High Signal Region', 'High Signal Region']",0,{},[],0.0,0,2,2.0625,low
KU1919_URINARY_TRACT,1,1,linear,1550030,1,1,"[('1', 119266399, 117716368)]","[('1', 117716368, '1', 119266399)]",0.0,[],1.0,"[('1', 117716368, '1', 119266399)]",0.0,[],0.0,[],[],0,{},[],0.0,0,0,1.5,medium
KU1919_URINARY_TRACT,2,1,linear,1850012,1,1,"[('2', 87390663, 85540650)]","[('2', 85540650, '2', 87390663)]",0.0,[],1.0,"[('2', 85540650, '2', 87390663)]",0.0,[],1.0,"[('2', 87390663)]",['High Signal Region'],0,{},[],1.0,0,2,2.4375,low
KU1919_URINARY_TRACT,3,1,linear,545002,1,1,"[('2', 89090676, 88545673)]","[('2', 88545673, '2', 89090676)]",0.0,[],1.0,"[('2', 88545673, '2', 89090676)]",0.0,[],0.0,[],[],0,{},[],0.0,0,0,1.5,medium
KU1919_URINARY_TRACT,3,2,linear,20593,1,1,"[('2', 90095839, 90075245)]","[('2', 90075245, '2', 90095839)]",0.0,[],1.0,"[('2', 90075245, '2', 90095839)]",0.0,[],0.0,[],[],0,{},[],0.0,0,0,1.5,medium
KU1919_URINARY_TRACT,4,1,circular,3039,1,1,"[('11', 63931433, 63934471)]","[('11', 63934471, '11', 63931433)]",1.0,"[('11', 63934471, '11', 63931433)]",0.0,[],0.0,[],0.0,[],[],0,{},[],0.0,1,1,0.5,high
KU1919_URINARY_TRACT,5,1,linear,54996,1,1,"[('16', 70174413, 70119416)]","[('16', 70119416, '16', 70174413)]",0.0,[],1.0,"[('16', 70119416, '16', 70174413)]",0.0,[],0.0,[],[],0,{},[],0.0,0,0,1.5,medium
KYSE180_OESOPHAGUS,2,1,linear,464996,1,1,"[('7', 99291338, 98826341)]","[('7', 98826341, '7', 99291338)]",0.0,[],1.0,"[('7', 98826341, '7', 99291338)]",0.0,[],0.0,[],[],0,"{'7': {'TRRAP': {'type': ['oncogene'], 'loc': ('98877933', '99050831')}}}",['TRRAP'],0.0,0,0,1.5,medium
KYSE180_OESOPHAGUS,3,1,linear,1549983,1,1,"[('8', 128368800, 126818816)]","[('8', 126818816, '8', 128368800)]",0.0,[],1.0,"[('8', 126818816, '8', 128368800)]",0.0,[],0.0,[],[],0,"{'8': {'MYC': {'type': ['oncogene', ' fusion'], 'loc': ('127735434', '127741434')}}}",['MYC'],0.0,0,0,1.5,medium
KYSE180_OESOPHAGUS,4,1,linear,509994,1,1,"[('8', 132553759, 132043764)]","[('8', 132043764, '8', 132553759)]",0.0,[],1.0,"[('8', 132043764, '8', 132553759)]",0.0,[],0.0,[],[],0,{},[],0.0,0,0,1.5,medium
KYSE30_OESOPHAGUS,7,1,circular,106076,1,1,"[('3', 195615112, 195721187)]","[('3', 195721187, '3', 195615112)]",1.0,"[('3', 195721187, '3', 195615112)]",0.0,[],0.0,[],1.0,"[('3', 195721187)]",['High Signal Region'],0,{},[],0.0,1,1,1.0625,medium
KYSE30_OESOPHAGUS,7,2,circular,8546,1,1,"[('3', 195779885, 195788430)]","[('3', 195788430, '3', 195779885)]",1.0,"[('3', 195788430, '3', 195779885)]",0.0,[],0.0,[],1.0,"[('3', 195788430), ('3', 195779885)]","['High Signal Region', 'High Signal Region']",0,{},[],0.0,1,1,1.0625,medium
KYSE30_OESOPHAGUS,9,1,linear,194106,1,1,"[('5', 46100000, 45905893)]","[('5', 45905893, '5', 46100000)]",0.0,[],1.0,"[('5', 45905893, '5', 46100000)]",0.0,[],0.0,[],[],0,{},[],0.0,0,0,1.5,medium
KYSE410_OESOPHAGUS,7,1,linear,54999,1,1,"[('7', 40954755, 40899755)]","[('7', 40899755, '7', 40954755)]",0.0,[],1.0,"[('7', 40899755, '7', 40954755)]",0.0,[],0.0,[],[],0,{},[],0.0,0,0,1.5,medium
KYSE410_OESOPHAGUS,8,1,linear,1474697,3,1,"[('7', 48814708, 47615359), ('7', 47614508, 47615348), ('7', 47614226, 47339717)]","[('7', 47615359, '7', 47614508), ('7', 47615348, '7', 47614226), ('7', 47339717, '7', 48814708)]",0.0,[],1.0,"[('7', 47339717, '7', 48814708)]",0.0,[],0.0,[],[],2,{},[],0.0,0,0,1.5,medium
KYSE410_OESOPHAGUS,9,1,linear,159997,1,1,"[('7', 104796270, 104636272)]","[('7', 104636272, '7', 104796270)]",0.0,[],1.0,"[('7', 104636272, '7', 104796270)]",0.0,[],0.0,[],[],0,{},[],0.0,0,0,1.5,medium
KYSE450_OESOPHAGUS,1,1,linear,20423,1,1,"[('7', 60933085, 60912661)]","[('7', 60912661, '7', 60933085)]",0.0,[],1.0,"[('7', 60912661, '7', 60933085)]",0.0,[],1.0,"[('7', 60912661), ('7', 60933085)]","['High Signal Region', 'High Signal Region']",0,{},[],0.0,0,2,2.0625,low
KYSE450_OESOPHAGUS,1,2,linear,89849,1,1,"[('1', 125175205, 125085355)]","[('1', 125085355, '1', 125175205)]",0.0,[],1.0,"[('1', 125085355, '1', 125175205)]",0.0,[],1.0,"[('1', 125085355), ('1', 125175205)]","['High Signal Region', 'High Signal Region']",0,{},[],0.0,0,2,2.0625,low
KYSE450_OESOPHAGUS,1,3,linear,54085,2,2,"[('7', 61080228, 61026567), ('16', 36124353, 36124777)]","[('7', 61026567, '16', 36124353), ('16', 36124777, '7', 61080228)]",0.5,"[('7', 61026567, '16', 36124353)]",0.5,"[('16', 36124777, '7', 61080228)]",0.0,[],1.0,"[('7', 61026567)]",['High Signal Region'],0,{},[],0.0,0,2,1.0625,medium
KYSE450_OESOPHAGUS,1,4,linear,20423,1,1,"[('16', 36124777, 36104353)]","[('16', 36104353, '16', 36124777)]",0.0,[],1.0,"[('16', 36104353, '16', 36124777)]",0.0,[],0.0,[],[],0,{},[],0.0,0,0,1.5,medium
KYSE450_OESOPHAGUS,2,1,linear,99999,1,1,"[('2', 109444528, 109344528)]","[('2', 109344528, '2', 109444528)]",0.0,[],1.0,"[('2', 109344528, '2', 109444528)]",0.0,[],0.0,[],[],0,{},[],0.0,0,0,1.5,medium
KYSE450_OESOPHAGUS,4,1,linear,937688,2,1,"[('7', 55674667, 55221368), ('7', 55219064, 54734673)]","[('7', 55221368, '7', 55219064), ('7', 54734673, '7', 55674667)]",0.5,"[('7', 55221368, '7', 55219064)]",0.5,"[('7', 54734673, '7', 55674667)]",0.0,[],0.0,[],[],0,"{'7': {'EGFR': {'type': ['oncogene'], 'loc': ('55019021', '55211628')}}}",['EGFR'],0.0,0,1,0.5,high
KYSE450_OESOPHAGUS,6,1,circular,928891,2,1,"[('8', 127183026, 128111402), ('8', 128172734, 128172219)]","[('8', 128111402, '8', 128172734), ('8', 128172219, '8', 127183026)]",1.0,"[('8', 128111402, '8', 128172734), ('8', 128172219, '8', 127183026)]",0.0,[],0.0,[],0.0,[],[],0,"{'8': {'MYC': {'type': ['oncogene', ' fusion'], 'loc': ('127735434', '127741434')}}}",['MYC'],0.0,1,1,0.5,high
KYSE450_OESOPHAGUS,6,2,circular,179380,1,1,"[('8', 127990992, 128170371)]","[('8', 128170371, '8', 127990992)]",1.0,"[('8', 128170371, '8', 127990992)]",0.0,[],0.0,[],0.0,[],[],0,{},[],0.0,1,1,0.5,high
KYSE450_OESOPHAGUS,6,3,circular,1796,1,1,"[('8', 128065673, 128067468)]","[('8', 128067468, '8', 128065673)]",1.0,"[('8', 128067468, '8', 128065673)]",0.0,[],0.0,[],0.0,[],[],0,{},[],0.0,1,1,0.5,high
KYSE450_OESOPHAGUS,6,4,circular,3933,1,1,"[('8', 128080156, 128084088)]","[('8', 128084088, '8', 128080156)]",1.0,"[('8', 128084088, '8', 128080156)]",0.0,[],0.0,[],0.0,[],[],0,{},[],0.0,1,1,0.5,high
KYSE450_OESOPHAGUS,6,5,circular,3141,1,1,"[('8', 128032130, 128035270)]","[('8', 128035270, '8', 128032130)]",1.0,"[('8', 128035270, '8', 128032130)]",0.0,[],0.0,[],0.0,[],[],0,{},[],0.0,1,1,0.5,high
KYSE450_OESOPHAGUS,6,6,circular,3887,1,1,"[('8', 128056542, 128060428)]","[('8', 128060428, '8', 128056542)]",1.0,"[('8', 128060428, '8', 128056542)]",0.0,[],0.0,[],0.0,[],[],0,{},[],0.0,1,1,0.5,high
KYSE450_OESOPHAGUS,6,8,circular,1297,1,1,"[('8', 128000187, 128001483)]","[('8', 128001483, '8', 128000187)]",1.0,"[('8', 128001483, '8', 128000187)]",0.0,[],0.0,[],0.0,[],[],0,{},[],0.0,1,1,0.5,high
KYSE450_OESOPHAGUS,6,9,circular,1752,1,1,"[('8', 127568868, 127570619)]","[('8', 127570619, '8', 127568868)]",1.0,"[('8', 127570619, '8', 127568868)]",0.0,[],0.0,[],0.0,[],[],0,{},[],0.0,1,1,0.5,high
KYSE450_OESOPHAGUS,6,10,circular,1288,1,1,"[('8', 127679954, 127681241)]","[('8', 127681241, '8', 127679954)]",1.0,"[('8', 127681241, '8', 127679954)]",0.0,[],0.0,[],0.0,[],[],0,{},[],0.0,1,1,0.5,high
KYSE450_OESOPHAGUS,6,11,circular,2639,1,1,"[('8', 128044646, 128047284)]","[('8', 128047284, '8', 128044646)]",1.0,"[('8', 128047284, '8', 128044646)]",0.0,[],0.0,[],0.0,[],[],0,{},[],0.0,1,1,0.5,high
KYSE450_OESOPHAGUS,6,12,circular,1196,1,1,"[('8', 127712518, 127713713)]","[('8', 127713713, '8', 127712518)]",1.0,"[('8', 127713713, '8', 127712518)]",0.0,[],0.0,[],0.0,[],[],0,{},[],0.0,1,1,0.5,high
KYSE450_OESOPHAGUS,6,13,circular,2096,1,1,"[('8', 128038203, 128040298)]","[('8', 128040298, '8', 128038203)]",1.0,"[('8', 128040298, '8', 128038203)]",0.0,[],0.0,[],0.0,[],[],0,{},[],0.0,1,1,0.5,high
KYSE520_OESOPHAGUS,9,1,linear,105005,1,1,"[('18', 265014, 160008)]","[('18', 160008, '18', 265014)]",0.0,[],1.0,"[('18', 160008, '18', 265014)]",0.0,[],0.0,[],[],0,{},[],0.0,0,0,1.5,medium
KYSE70_OESOPHAGUS,2,1,circular,126668,2,1,"[('3', 179178532, 179117695), ('3', 179117698, 179183529)]","[('3', 179117695, '3', 179117698), ('3', 179183529, '3', 179178532)]",1.0,"[('3', 179183529, '3', 179178532)]",0.0,[],0.0,[],0.0,[],[],1,{},[],0.0,1,1,0.5,high
KYSE70_OESOPHAGUS,5,1,linear,124999,1,1,"[('10', 31729923, 31604923)]","[('10', 31604923, '10', 31729923)]",0.0,[],1.0,"[('10', 31604923, '10', 31729923)]",0.0,[],0.0,[],[],0,{},[],0.0,0,0,1.5,medium
KYSE70_OESOPHAGUS,7,1,circular,1313424,2,1,"[('18', 634973, 1292237), ('18', 1302608, 646448)]","[('18', 1292237, '18', 1302608), ('18', 646448, '18', 634973)]",1.0,"[('18', 1292237, '18', 1302608), ('18', 646448, '18', 634973)]",0.0,[],0.0,[],0.0,[],[],0,{},[],0.0,1,1,0.5,high
LC1F_LUNG,2,1,linear,1200746,2,1,"[('3', 186870560, 186867495), ('3', 186863243, 185665560)]","[('3', 186867495, '3', 186863243), ('3', 185665560, '3', 186870560)]",0.5,"[('3', 186867495, '3', 186863243)]",0.5,"[('3', 185665560, '3', 186870560)]",0.0,[],0.0,[],[],0,"{'3': {'EIF4A2': {'type': ['fusion'], 'loc': ('186783205', '186789900')}, 'ETV5': {'type': ['oncogene', ' fusion'], 'loc': ('186046308', '186110318')}}}","['EIF4A2', 'ETV5']",0.0,0,1,0.5,high
LC1F_LUNG,4,1,linear,370001,1,1,"[('2', 15645118, 15275116)]","[('2', 15275116, '2', 15645118)]",0.0,[],1.0,"[('2', 15275116, '2', 15645118)]",0.0,[],0.0,[],[],0,{},[],0.0,0,0,1.5,medium
LC1F_LUNG,5,1,circular,1476,1,1,"[('3', 197390188, 197391663)]","[('3', 197391663, '3', 197390188)]",1.0,"[('3', 197391663, '3', 197390188)]",0.0,[],0.0,[],1.0,"[('3', 197391663), ('3', 197390188)]","['High Signal Region', 'High Signal Region']",0,{},[],0.0,1,1,1.0625,medium
LC1F_LUNG,5,2,circular,6526,1,1,"[('3', 197384425, 197390950)]","[('3', 197390950, '3', 197384425)]",1.0,"[('3', 197390950, '3', 197384425)]",0.0,[],0.0,[],1.0,"[('3', 197390950), ('3', 197384425)]","['High Signal Region', 'High Signal Region']",0,{},[],0.0,1,1,1.0625,medium
LC1F_LUNG,5,3,circular,1483,1,1,"[('3', 195784197, 195785679)]","[('3', 195785679, '3', 195784197)]",1.0,"[('3', 195785679, '3', 195784197)]",0.0,[],0.0,[],1.0,"[('3', 195785679), ('3', 195784197)]","['High Signal Region', 'High Signal Region']",0,{},[],0.0,1,1,1.0625,medium
LC1F_LUNG,5,4,circular,105898,1,1,"[('3', 195615179, 195721076)]","[('3', 195721076, '3', 195615179)]",1.0,"[('3', 195721076, '3', 195615179)]",0.0,[],0.0,[],1.0,"[('3', 195721076)]",['High Signal Region'],0,{},[],0.0,1,1,1.0625,medium
LC1F_LUNG,5,5,circular,14183,1,1,"[('3', 195491183, 195505365)]","[('3', 195505365, '3', 195491183)]",1.0,"[('3', 195505365, '3', 195491183)]",0.0,[],0.0,[],1.0,"[('3', 195505365), ('3', 195491183)]","['High Signal Region', 'High Signal Region']",0,{},[],0.0,1,1,1.0625,medium
LC1F_LUNG,6,1,linear,1739999,1,1,"[('3', 182945561, 181205561)]","[('3', 181205561, '3', 182945561)]",0.0,[],1.0,"[('3', 181205561, '3', 182945561)]",0.0,[],0.0,[],[],0,"{'3': {'SOX2': {'type': ['oncogene'], 'loc': ('181711924', '181714436')}}}",['SOX2'],1.0,0,0,1.875,medium
LC1F_LUNG,7,1,linear,194999,1,1,"[('3', 184995560, 184800560)]","[('3', 184800560, '3', 184995560)]",0.0,[],1.0,"[('3', 184800560, '3', 184995560)]",0.0,[],0.0,[],[],0,{},[],0.0,0,0,1.5,medium
LC1F_LUNG,8,1,linear,109999,1,1,"[('3', 189415560, 189305560)]","[('3', 189305560, '3', 189415560)]",0.0,[],1.0,"[('3', 189305560, '3', 189415560)]",0.0,[],0.0,[],[],0,{},[],0.0,0,0,1.5,medium
LK2_LUNG,1,1,linear,18507,1,1,"[('1', 152709510, 152691002)]","[('1', 152691002, '1', 152709510)]",0.0,[],1.0,"[('1', 152691002, '1', 152709510)]",0.5,"[('1', 152691002, '1', 152601300)]",0.0,[],[],0,{},[],0.0,0,0,1.75,medium
LN18_CENTRAL_NERVOUS_SYSTEM,2,1,linear,68627,1,1,"[('16', 35300000, 35231372)]","[('16', 35231372, '16', 35300000)]",0.0,[],1.0,"[('16', 35231372, '16', 35300000)]",0.0,[],0.0,[],[],0,{},[],0.0,0,0,1.5,medium
LN18_CENTRAL_NERVOUS_SYSTEM,2,2,circular,904,1,1,"[('16', 26374050, 26374953)]","[('16', 26374953, '16', 26374050)]",1.0,"[('16', 26374953, '16', 26374050)]",0.0,[],0.0,[],0.0,[],[],0,{},[],1.0,1,1,0.875,high
LN18_CENTRAL_NERVOUS_SYSTEM,3,1,linear,369981,1,1,"[('16', 54445252, 54075270)]","[('16', 54075270, '16', 54445252)]",0.0,[],1.0,"[('16', 54075270, '16', 54445252)]",0.0,[],0.0,[],[],0,{},[],0.0,0,0,1.5,medium
LN18_CENTRAL_NERVOUS_SYSTEM,4,1,linear,84988,1,1,"[('16', 28190240, 28105251)]","[('16', 28105251, '16', 28190240)]",0.0,[],1.0,"[('16', 28105251, '16', 28190240)]",0.0,[],0.0,[],[],0,{},[],0.0,0,0,1.5,medium
MCF7_BREAST,1,1,circular,1483,2,1,"[('20', 47895011, 47896045), ('20', 48516420, 48515971)]","[('20', 47896045, '20', 48516420), ('20', 48515971, '20', 47895011)]",1.0,"[('20', 47896045, '20', 48516420), ('20', 48515971, '20', 47895011)]",0.0,[],0.0,[],1.0,"[('20', 47896045), ('20', 47895011)]","['High Signal Region', 'High Signal Region']",0,{},[],0.0,1,1,1.0625,medium
MCF7_BREAST,1,3,circular,999648,15,2,"[('17', 61210339, 61909172), ('17', 62004941, 61924311), ('17', 62017131, 62018501), ('17', 62110862, 62113549), ('17', 63002552, 62961839), ('17', 62135636, 62138532), ('17', 62131689, 62129904), ('20', 55576907, 55581876), ('20', 47143281, 47141441), ('20', 55582438, 55582945), ('20', 55586339, 55584207), ('20', 63658047, 63657379), ('20', 47159654, 47156831), ('20', 50656701, 50814042), ('20', 60270796, 60270341)]","[('17', 61909172, '20', 55576907), ('20', 55581876, '17', 62004941), ('17', 61924311, '20', 47143281), ('20', 47141441, '20', 55582438), ('20', 55582945, '20', 55586339), ('20', 55584207, '17', 62017131), ('17', 62018501, '17', 62110862), ('17', 62113549, '20', 63658047), ('20', 63657379, '20', 47159654), ('20', 47156831, '17', 63002552), ('17', 62961839, '17', 62135636), ('17', 62138532, '17', 62131689), ('17', 62129904, '20', 50656701), ('20', 50814042, '20', 60270796), ('20', 60270341, '17', 61210339)]",1.0,"[('17', 61909172, '20', 55576907), ('20', 55581876, '17', 62004941), ('17', 61924311, '20', 47143281), ('20', 47141441, '20', 55582438), ('20', 55582945, '20', 55586339), ('20', 55584207, '17', 62017131), ('17', 62018501, '17', 62110862), ('17', 62113549, '20', 63658047), ('20', 63657379, '20', 47159654), ('20', 47156831, '17', 63002552), ('17', 62961839, '17', 62135636), ('17', 62138532, '17', 62131689), ('17', 62129904, '20', 50656701), ('20', 50814042, '20', 60270796), ('20', 60270341, '17', 61210339)]",0.0,[],0.0,[],0.0,[],[],0,"{'17': {'BRIP1': {'type': ['TSG'], 'loc': ('61681266', '61863521')}}}",['BRIP1'],0.0,1,1,0.5,high
MCF7_BREAST,1,4,linear,165890,2,1,"[('17', 64447046, 64310628), ('17', 64310628, 64340100)]","[('17', 64310628, '17', 64310628), ('17', 64340100, '17', 64447046)]",0.0,[],1.0,"[('17', 64340100, '17', 64447046)]",0.0,[],0.0,[],[],1,{},[],0.0,0,0,1.5,medium
MCF7_BREAST,1,5,circular,3440113,22,2,"[('20', 55576907, 55581876), ('20', 47150459, 47149695), ('20', 47143281, 47141441), ('20', 55582438, 55582945), ('20', 55586339, 55584207), ('20', 63658047, 63657379), ('20', 47159654, 47156831), ('20', 63664881, 63665642), ('20', 50657065, 50656701), ('20', 57100407, 57279987), ('20', 53565247, 54201363), ('20', 42389765, 42374556), ('17', 62004941, 62000914), ('17', 61924535, 61924311), ('17', 62017131, 62018501), ('17', 62110862, 62113549), ('17', 63002552, 63001504), ('17', 62129904, 62131689), ('17', 62138532, 62135636), ('17', 62961839, 62965941), ('17', 58625791, 59122424), ('17', 59829564, 61909172)]","[('20', 55581876, '17', 62004941), ('17', 62000914, '20', 47150459), ('20', 47149695, '17', 61924535), ('17', 61924311, '20', 47143281), ('20', 47141441, '20', 55582438), ('20', 55582945, '20', 55586339), ('20', 55584207, '17', 62017131), ('17', 62018501, '17', 62110862), ('17', 62113549, '20', 63658047), ('20', 63657379, '20', 47159654), ('20', 47156831, '17', 63002552), ('17', 63001504, '20', 63664881), ('20', 63665642, '20', 50657065), ('20', 50656701, '17', 62129904), ('17', 62131689, '17', 62138532), ('17', 62135636, '17', 62961839), ('17', 62965941, '20', 57100407), ('20', 57279987, '20', 53565247), ('20', 54201363, '20', 42389765), ('20', 42374556, '17', 58625791), ('17', 59122424, '17', 59829564), ('17', 61909172, '20', 55576907)]",1.0,"[('20', 55581876, '17', 62004941), ('17', 62000914, '20', 47150459), ('20', 47149695, '17', 61924535), ('17', 61924311, '20', 47143281), ('20', 47141441, '20', 55582438), ('20', 55582945, '20', 55586339), ('20', 55584207, '17', 62017131), ('17', 62018501, '17', 62110862), ('17', 62113549, '20', 63658047), ('20', 63657379, '20', 47159654), ('20', 47156831, '17', 63002552), ('17', 63001504, '20', 63664881), ('20', 63665642, '20', 50657065), ('20', 50656701, '17', 62129904), ('17', 62131689, '17', 62138532), ('17', 62135636, '17', 62961839), ('17', 62965941, '20', 57100407), ('20', 57279987, '20', 53565247), ('20', 54201363, '20', 42389765), ('20', 42374556, '17', 58625791), ('17', 59122424, '17', 59829564), ('17', 61909172, '20', 55576907)]",0.0,[],0.0,[],0.0,[],[],0,"{'17': {'BRIP1': {'type': ['TSG'], 'loc': ('61681266', '61863521')}, 'PPM1D': {'type': ['oncogene'], 'loc': ('60600183', '60666280')}, 'RAD51C': {'type': ['TSG'], 'loc': ('58692573', '58735611')}}}","['BRIP1', 'PPM1D', 'RAD51C']",1.0,1,1,0.875,high
MCF7_BREAST,1,6,linear,2090770,1,1,"[('20', 59198837, 57108066)]","[('20', 57108066, '20', 59198837)]",0.0,[],1.0,"[('20', 57108066, '20', 59198837)]",0.0,[],0.0,[],[],0,"{'20': {'GNAS': {'type': ['oncogene'], 'loc': ('58839718', '58911192')}}}",['GNAS'],1.0,0,0,1.875,medium
MCF7_BREAST,1,7,circular,62004,14,2,"[('20', 50656701, 50657065), ('20', 63665642, 63664881), ('20', 47156831, 47159654), ('20', 63657379, 63658047), ('20', 47150459, 47149697), ('20', 47143281, 47141441), ('20', 55582438, 55582945), ('20', 55586339, 55584207), ('17', 63001504, 63002552), ('17', 62113549, 62110862), ('17', 62018501, 62000914), ('17', 62017131, 62018501), ('17', 62110862, 62131689), ('17', 62138532, 62129904)]","[('20', 50657065, '20', 63665642), ('20', 63664881, '17', 63001504), ('17', 63002552, '20', 47156831), ('20', 47159654, '20', 63657379), ('20', 63658047, '17', 62113549), ('17', 62110862, '17', 62018501), ('17', 62000914, '20', 47150459), ('20', 47149697, '20', 47143281), ('20', 47141441, '20', 55582438), ('20', 55582945, '20', 55586339), ('20', 55584207, '17', 62017131), ('17', 62018501, '17', 62110862), ('17', 62131689, '17', 62138532), ('17', 62129904, '20', 50656701)]",1.0,"[('20', 50657065, '20', 63665642), ('20', 63664881, '17', 63001504), ('17', 63002552, '20', 47156831), ('20', 47159654, '20', 63657379), ('20', 63658047, '17', 62113549), ('17', 62110862, '17', 62018501), ('17', 62000914, '20', 47150459), ('20', 47149697, '20', 47143281), ('20', 47141441, '20', 55582438), ('20', 55582945, '20', 55586339), ('20', 55584207, '17', 62017131), ('17', 62018501, '17', 62110862), ('17', 62131689, '17', 62138532), ('17', 62129904, '20', 50656701)]",0.0,[],0.0,[],0.0,[],[],0,{},[],0.0,1,1,0.5,high
MCF7_BREAST,1,8,linear,455026,1,1,"[('20', 52023374, 51568347)]","[('20', 51568347, '20', 52023374)]",0.0,[],1.0,"[('20', 51568347, '20', 52023374)]",0.0,[],0.0,[],[],0,"{'20': {'SALL4': {'type': ['oncogene'], 'loc': ('51782331', '51802520')}}}",['SALL4'],0.0,0,0,1.5,medium
MCF7_BREAST,1,11,linear,1056,1,1,"[('1', 53955194, 53954137)]","[('1', 53954137, '1', 53955194)]",0.0,[],1.0,"[('1', 53954137, '1', 53955194)]",0.0,[],0.0,[],[],0,{},[],1.0,0,0,1.875,medium
MCF7_BREAST,1,12,linear,2525628,3,2,"[('3', 64960199, 63976822), ('17', 58731200, 57612553), ('17', 57610449, 57186842)]","[('3', 63976822, '17', 58731200), ('17', 57612553, '17', 57610449), ('17', 57186842, '3', 64960199)]",0.6666666666666666,"[('3', 63976822, '17', 58731200), ('17', 57612553, '17', 57610449)]",0.3333333333333333,"[('17', 57186842, '3', 64960199)]",0.0,[],0.0,[],[],0,"{'17': {'RNF43': {'type': ['TSG'], 'loc': ('58352500', '58417595')}}}",['RNF43'],1.0,0,1,0.875,high
MCF7_BREAST,1,14,linear,20616,1,1,"[('20', 62222413, 62201796)]","[('20', 62201796, '20', 62222413)]",0.0,[],1.0,"[('20', 62201796, '20', 62222413)]",0.5,"[('20', 62201796, '20', 51569451)]",0.0,[],[],0,{},[],0.0,0,0,1.75,medium
MCF7_BREAST,1,16,linear,20616,1,1,"[('20', 63884837, 63864220)]","[('20', 63864220, '20', 63884837)]",0.0,[],1.0,"[('20', 63864220, '20', 63884837)]",0.5,"[('20', 63864220, '20', 50678546)]",0.0,[],[],0,{},[],0.0,0,0,1.75,medium
MCF7_BREAST,1,17,circular,2874334,8,2,"[('17', 64310699, 63001504), ('17', 62129904, 62131689), ('17', 62138532, 62135636), ('17', 62961839, 62965941), ('20', 63664881, 63665642), ('20', 50657065, 50656701), ('20', 57100407, 57279987), ('20', 53565247, 54940896)]","[('17', 63001504, '20', 63664881), ('20', 63665642, '20', 50657065), ('20', 50656701, '17', 62129904), ('17', 62131689, '17', 62138532), ('17', 62135636, '17', 62961839), ('17', 62965941, '20', 57100407), ('20', 57279987, '20', 53565247), ('20', 54940896, '17', 64310699)]",1.0,"[('17', 63001504, '20', 63664881), ('20', 63665642, '20', 50657065), ('20', 50656701, '17', 62129904), ('17', 62131689, '17', 62138532), ('17', 62135636, '17', 62961839), ('17', 62965941, '20', 57100407), ('20', 57279987, '20', 53565247), ('20', 54940896, '17', 64310699)]",0.0,[],0.0,[],0.0,[],[],0,"{'17': {'CD79B': {'type': ['oncogene'], 'loc': ('63928740', '63932354')}}}",['CD79B'],1.0,1,1,0.875,high
MCF7_BREAST,1,18,linear,226689,5,2,"[('20', 55694824, 55582438), ('20', 47141441, 47143281), ('20', 47149693, 47150459), ('20', 55581876, 55474207), ('17', 62000914, 62004941)]","[('20', 55582438, '20', 47141441), ('20', 47143281, '20', 47149693), ('20', 47150459, '17', 62000914), ('17', 62004941, '20', 55581876), ('20', 55474207, '20', 55694824)]",0.8,"[('20', 55582438, '20', 47141441), ('20', 47143281, '20', 47149693), ('20', 47150459, '17', 62000914), ('17', 62004941, '20', 55581876)]",0.2,"[('20', 55474207, '20', 55694824)]",0.0,[],0.0,[],[],0,{},[],0.0,0,1,0.5,high
MCF7_BREAST,1,19,linear,211801,4,1,"[('20', 57273299, 57243065), ('20', 42187001, 42213165), ('20', 42215682, 42241219), ('20', 42220342, 42090476)]","[('20', 57243065, '20', 42187001), ('20', 42213165, '20', 42215682), ('20', 42241219, '20', 42220342), ('20', 42090476, '20', 57273299)]",0.75,"[('20', 57243065, '20', 42187001), ('20', 42213165, '20', 42215682), ('20', 42241219, '20', 42220342)]",0.25,"[('20', 42090476, '20', 57273299)]",0.0,[],0.0,[],[],0,{},[],0.0,0,1,0.5,high
MCF7_BREAST,2,1,linear,339996,1,1,"[('1', 215623999, 215284002)]","[('1', 215284002, '1', 215623999)]",0.0,[],1.0,"[('1', 215284002, '1', 215623999)]",0.0,[],0.0,[],[],0,{},[],0.0,0,0,1.5,medium
MCF7_BREAST,3,1,linear,54999,1,1,"[('8', 89964180, 89909180)]","[('8', 89909180, '8', 89964180)]",0.0,[],1.0,"[('8', 89909180, '8', 89964180)]",0.0,[],0.0,[],[],0,{},[],0.0,0,0,1.5,medium
MCF7_BREAST,4,1,linear,114998,1,1,"[('8', 101559065, 101444066)]","[('8', 101444066, '8', 101559065)]",0.0,[],1.0,"[('8', 101444066, '8', 101559065)]",0.0,[],0.0,[],[],0,{},[],0.0,0,0,1.5,medium
MCF7_BREAST,5,1,linear,189997,1,1,"[('8', 128263801, 128073803)]","[('8', 128073803, '8', 128263801)]",0.0,[],1.0,"[('8', 128073803, '8', 128263801)]",0.0,[],0.0,[],[],0,{},[],0.0,0,0,1.5,medium
MCF7_BREAST,7,1,linear,90003,1,1,"[('20', 41172678, 41082674)]","[('20', 41082674, '20', 41172678)]",0.0,[],1.0,"[('20', 41082674, '20', 41172678)]",0.0,[],0.0,[],[],0,{},[],0.0,0,0,1.5,medium
MDAMB134VI_BREAST,1,2,linear,3752826,7,2,"[('11', 70950686, 70700304), ('11', 67173516, 67742114), ('11', 74612392, 75431199), ('11', 71395008, 71064945), ('8', 37763901, 37194334), ('8', 37193366, 36572234), ('8', 21473839, 22068117)]","[('11', 70700304, '11', 67173516), ('11', 67742114, '8', 37763901), ('8', 37194334, '8', 37193366), ('8', 36572234, '11', 74612392), ('11', 75431199, '8', 21473839), ('8', 22068117, '11', 71395008), ('11', 71064945, '11', 70950686)]",0.8333333333333334,"[('11', 70700304, '11', 67173516), ('11', 67742114, '8', 37763901), ('8', 36572234, '11', 74612392), ('11', 75431199, '8', 21473839), ('8', 22068117, '11', 71395008)]",0.1666666666666666,"[('11', 71064945, '11', 70950686)]",0.0,[],0.0,[],[],1,{},[],1.0,0,1,0.875,high
MDAMB134VI_BREAST,1,3,linear,7696608,15,2,"[('11', 70950686, 69586634), ('11', 69586074, 68929962), ('11', 76698639, 76146981), ('11', 74612903, 73656129), ('11', 78184645, 77449564), ('11', 75423981, 75431199), ('11', 71395008, 71064945), ('8', 42112081, 41673395), ('8', 42112207, 42113869), ('8', 40722113, 39779806), ('8', 34807393, 34925566), ('8', 35038209, 36035580), ('8', 36040309, 36040936), ('8', 36571937, 36569388), ('8', 21473839, 22068117)]","[('11', 69586634, '11', 69586074), ('11', 68929962, '8', 42112081), ('8', 41673395, '8', 42112207), ('8', 42113869, '8', 40722113), ('8', 39779806, '11', 76698639), ('11', 76146981, '8', 34807393), ('8', 34925566, '8', 35038209), ('8', 36035580, '8', 36040309), ('8', 36040936, '8', 36571937), ('8', 36569388, '11', 74612903), ('11', 73656129, '11', 78184645), ('11', 77449564, '11', 75423981), ('11', 75431199, '8', 21473839), ('8', 22068117, '11', 71395008), ('11', 71064945, '11', 70950686)]",0.9285714285714286,"[('11', 68929962, '8', 42112081), ('8', 41673395, '8', 42112207), ('8', 42113869, '8', 40722113), ('8', 39779806, '11', 76698639), ('11', 76146981, '8', 34807393), ('8', 34925566, '8', 35038209), ('8', 36035580, '8', 36040309), ('8', 36040936, '8', 36571937), ('8', 36569388, '11', 74612903), ('11', 73656129, '11', 78184645), ('11', 77449564, '11', 75423981), ('11', 75431199, '8', 21473839), ('8', 22068117, '11', 71395008)]",0.0714285714285714,"[('11', 71064945, '11', 70950686)]",0.0,[],0.0,[],[],1,"{'11': {'CCND1': {'type': ['oncogene', ' fusion'], 'loc': ('69641087', '69654474')}, 'FADD': {'type': [''], 'loc': ('70203163', '70207390')}}, '8': {'KAT6A': {'type': ['oncogene', ' fusion'], 'loc': ('41929479', '42051990')}}}","['CCND1', 'FADD', 'KAT6A']",1.0,0,1,0.875,high
MDAMB157_BREAST,4,1,circular,1567,1,1,"[('17', 83134145, 83135711)]","[('17', 83135711, '17', 83134145)]",1.0,"[('17', 83135711, '17', 83134145)]",0.0,[],0.0,[],0.0,[],[],0,{},[],0.0,1,1,0.5,high
MDAMB157_BREAST,4,2,linear,104993,1,1,"[('17', 83167447, 83062453)]","[('17', 83062453, '17', 83167447)]",0.0,[],1.0,"[('17', 83062453, '17', 83167447)]",0.0,[],0.0,[],[],0,{},[],0.0,0,0,1.5,medium
MDAMB157_BREAST,5,1,linear,2140767,3,1,"[('19', 30251035, 29902191), ('19', 29897897, 29465260), ('19', 29459289, 28100000)]","[('19', 29902191, '19', 29897897), ('19', 29465260, '19', 29459289), ('19', 28100000, '19', 30251035)]",0.6666666666666666,"[('19', 29902191, '19', 29897897), ('19', 29465260, '19', 29459289)]",0.3333333333333333,"[('19', 28100000, '19', 30251035)]",0.0,[],0.0,[],[],0,"{'19': {'CCNE1': {'type': ['oncogene'], 'loc': ('29811898', '29824308')}}}",['CCNE1'],1.0,0,1,0.875,high
MDAMB361_BREAST,1,1,linear,20599,1,1,"[('17', 66812375, 66791775)]","[('17', 66791775, '17', 66812375)]",0.0,[],1.0,"[('17', 66791775, '17', 66812375)]",0.0,[],0.0,[],[],0,{},[],0.0,0,0,1.5,medium
MDAMB361_BREAST,1,2,linear,480012,1,1,"[('17', 49646626, 49166613)]","[('17', 49166613, '17', 49646626)]",0.0,[],1.0,"[('17', 49166613, '17', 49646626)]",0.0,[],0.0,[],[],0,{},[],0.0,0,0,1.5,medium
MDAMB361_BREAST,1,3,linear,403360,1,1,"[('17', 39929699, 39526338)]","[('17', 39526338, '17', 39929699)]",0.0,[],1.0,"[('17', 39526338, '17', 39929699)]",0.0,[],0.0,[],[],0,"{'17': {'ERBB2': {'type': ['oncogene', ' fusion'], 'loc': ('39687914', '39730426')}, 'IKZF3': {'type': ['oncogene', ' TSG', ' fusion'], 'loc': ('39757715', '39864188')}}}","['ERBB2', 'IKZF3']",0.0,0,0,1.5,medium
MDAMB361_BREAST,1,4,circular,984,1,1,"[('17', 74732543, 74733526)]","[('17', 74733526, '17', 74732543)]",1.0,"[('17', 74733526, '17', 74732543)]",0.0,[],0.0,[],0.0,[],[],0,{},[],1.0,1,1,0.875,high
MDAMB361_BREAST,1,5,linear,2984151,2,1,"[('17', 65722085, 64136777), ('17', 64135848, 62737003)]","[('17', 64136777, '17', 64135848), ('17', 62737003, '17', 65722085)]",0.0,[],1.0,"[('17', 62737003, '17', 65722085)]",0.0,[],0.0,[],[],1,"{'17': {'AXIN2': {'type': ['TSG'], 'loc': ('65528563', '65561647')}, 'CD79B': {'type': ['oncogene'], 'loc': ('63928740', '63932354')}, 'DDX5': {'type': ['oncogene', ' fusion'], 'loc': ('64499616', '64508199')}}}","['AXIN2', 'CD79B', 'DDX5']",1.0,0,0,1.875,medium
MDAMB361_BREAST,1,6,linear,235005,1,1,"[('17', 58931891, 58696885)]","[('17', 58696885, '17', 58931891)]",0.0,[],1.0,"[('17', 58696885, '17', 58931891)]",0.0,[],0.0,[],[],0,{},[],0.0,0,0,1.5,medium
MDAMB361_BREAST,1,7,linear,29698,2,1,"[('17', 62620383, 62611284), ('17', 61938576, 61917975)]","[('17', 62611284, '17', 61938576), ('17', 61917975, '17', 62620383)]",0.5,"[('17', 62611284, '17', 61938576)]",0.5,"[('17', 61917975, '17', 62620383)]",0.0,[],0.0,[],[],0,{},[],0.0,0,1,0.5,high
MDAMB361_BREAST,1,8,linear,20599,1,1,"[('17', 58524606, 58504006)]","[('17', 58504006, '17', 58524606)]",0.0,[],1.0,"[('17', 58504006, '17', 58524606)]",0.0,[],0.0,[],[],0,{},[],0.0,0,0,1.5,medium
MDAMB361_BREAST,1,9,linear,970026,1,1,"[('17', 60296930, 59326903)]","[('17', 59326903, '17', 60296930)]",0.0,[],1.0,"[('17', 59326903, '17', 60296930)]",0.0,[],0.0,[],[],0,"{'17': {'CLTC': {'type': ['TSG', ' fusion'], 'loc': ('59619689', '59696956')}}}",['CLTC'],0.0,0,0,1.5,medium
MDAMB361_BREAST,1,10,linear,765016,1,1,"[('17', 74897344, 74132327)]","[('17', 74132327, '17', 74897344)]",0.0,[],1.0,"[('17', 74132327, '17', 74897344)]",0.0,[],0.0,[],[],0,{},[],0.0,0,0,1.5,medium
MDAMB361_BREAST,1,11,linear,20599,1,1,"[('17', 52177974, 52157374)]","[('17', 52157374, '17', 52177974)]",0.0,[],1.0,"[('17', 52157374, '17', 52177974)]",0.0,[],0.0,[],[],0,{},[],0.0,0,0,1.5,medium
MDAMB361_BREAST,1,12,linear,10599,1,1,"[('17', 61964182, 61953582)]","[('17', 61953582, '17', 61964182)]",0.0,[],1.0,"[('17', 61953582, '17', 61964182)]",0.0,[],0.0,[],[],0,{},[],0.0,0,0,1.5,medium
MDAMB453_BREAST,1,1,linear,110591,1,1,"[('3', 197680792, 197570200)]","[('3', 197570200, '3', 197680792)]",0.0,[],1.0,"[('3', 197570200, '3', 197680792)]",0.0,[],1.0,"[('3', 197680792)]",['High Signal Region'],0,{},[],0.0,0,2,2.0625,low
MDAMB453_BREAST,1,2,circular,2756,1,1,"[('3', 195785824, 195788579)]","[('3', 195788579, '3', 195785824)]",1.0,"[('3', 195788579, '3', 195785824)]",0.0,[],0.0,[],1.0,"[('3', 195788579), ('3', 195785824)]","['High Signal Region', 'High Signal Region']",0,{},[],0.0,1,1,1.0625,medium
MFE319_ENDOMETRIUM,1,1,circular,133735,1,1,"[('3', 168954522, 169088256)]","[('3', 169088256, '3', 168954522)]",1.0,"[('3', 169088256, '3', 168954522)]",0.0,[],0.0,[],0.0,[],[],0,{},[],0.0,1,1,0.5,high
MKN1_STOMACH,2,1,circular,996,1,1,"[('12', 25590144, 25591139)]","[('12', 25591139, '12', 25590144)]",1.0,"[('12', 25591139, '12', 25590144)]",0.0,[],0.0,[],0.0,[],[],0,{},[],1.0,1,1,0.875,high
MKN1_STOMACH,2,3,circular,2574239,2,1,"[('12', 24748900, 27323062), ('12', 28443853, 28443776)]","[('12', 27323062, '12', 28443853), ('12', 28443776, '12', 24748900)]",1.0,"[('12', 27323062, '12', 28443853), ('12', 28443776, '12', 24748900)]",0.0,[],0.0,[],0.0,[],[],0,"{'12': {'KRAS': {'type': ['oncogene'], 'loc': ('25204789', '25250936')}}}",['KRAS'],1.0,1,1,0.875,high
MKN1_STOMACH,4,1,linear,404214,2,1,"[('8', 144988637, 144832450), ('8', 144831669, 144583640)]","[('8', 144832450, '8', 144831669), ('8', 144583640, '8', 144988637)]",0.0,[],1.0,"[('8', 144583640, '8', 144988637)]",0.0,[],0.0,[],[],1,{},[],0.0,0,0,1.5,medium
MKN1_STOMACH,6,1,circular,3944,1,1,"[('19', 28015599, 28019542)]","[('19', 28019542, '19', 28015599)]",1.0,"[('19', 28019542, '19', 28015599)]",0.0,[],0.0,[],0.0,[],[],0,{},[],0.0,1,1,0.5,high
MKN1_STOMACH,7,1,linear,415023,1,1,"[('20', 49908239, 49493215)]","[('20', 49493215, '20', 49908239)]",0.0,[],1.0,"[('20', 49493215, '20', 49908239)]",0.0,[],0.0,[],[],0,{},[],0.0,0,0,1.5,medium
MKN45_STOMACH,2,1,linear,439988,1,1,"[('11', 93772740, 93332751)]","[('11', 93332751, '11', 93772740)]",0.0,[],1.0,"[('11', 93332751, '11', 93772740)]",0.0,[],0.0,[],[],0,{},[],0.0,0,0,1.5,medium
MKN45_STOMACH,2,2,circular,1152626,1,1,"[('11', 26907984, 28060609)]","[('11', 28060609, '11', 26907984)]",1.0,"[('11', 28060609, '11', 26907984)]",0.0,[],0.0,[],0.0,[],[],0,{},[],0.0,1,1,0.5,high
MKN45_STOMACH,2,3,linear,739979,1,1,"[('11', 88912871, 88172891)]","[('11', 88172891, '11', 88912871)]",0.0,[],1.0,"[('11', 88172891, '11', 88912871)]",0.0,[],0.0,[],[],0,{},[],0.0,0,0,1.5,medium
MKN45_STOMACH,4,1,linear,639984,1,1,"[('11', 90072842, 89432857)]","[('11', 89432857, '11', 90072842)]",0.0,[],1.0,"[('11', 89432857, '11', 90072842)]",0.0,[],0.0,[],[],0,{},[],0.0,0,0,1.5,medium
MKN45_STOMACH,6,1,linear,1370000,1,1,"[('12', 71680272, 70310271)]","[('12', 70310271, '12', 71680272)]",0.0,[],1.0,"[('12', 70310271, '12', 71680272)]",0.0,[],0.0,[],[],0,"{'12': {'PTPRB': {'type': ['TSG'], 'loc': ('70515866', '70637440')}}}",['PTPRB'],0.0,0,0,1.5,medium
MKN74_STOMACH,2,1,linear,1864981,1,1,"[('8', 131068774, 129203792)]","[('8', 129203792, '8', 131068774)]",0.0,[],1.0,"[('8', 129203792, '8', 131068774)]",0.0,[],0.0,[],[],0,{},[],1.0,0,0,1.875,medium
MKN74_STOMACH,3,1,linear,99998,1,1,"[('8', 133458750, 133358751)]","[('8', 133358751, '8', 133458750)]",0.0,[],1.0,"[('8', 133358751, '8', 133458750)]",0.0,[],0.0,[],[],0,{},[],0.0,0,0,1.5,medium
MKN74_STOMACH,4,1,circular,1114,1,1,"[('9', 35913306, 35914419)]","[('9', 35914419, '9', 35913306)]",1.0,"[('9', 35914419, '9', 35913306)]",0.0,[],0.0,[],1.0,"[('9', 35914419), ('9', 35913306)]","['High Signal Region', 'High Signal Region']",0,{},[],1.0,1,1,1.4375,medium
MKN74_STOMACH,6,1,linear,39478,1,1,"[('22', 21294479, 21255000)]","[('22', 21255000, '22', 21294479)]",0.0,[],1.0,"[('22', 21255000, '22', 21294479)]",0.0,[],1.0,"[('22', 21255000), ('22', 21294479)]","['High Signal Region', 'High Signal Region']",0,{},[],0.0,0,2,2.0625,low
MKN74_STOMACH,6,2,linear,1233026,2,1,"[('22', 21204899, 20357778), ('22', 20355424, 19969517)]","[('22', 20357778, '22', 20355424), ('22', 19969517, '22', 21204899)]",0.5,"[('22', 20357778, '22', 20355424)]",0.5,"[('22', 19969517, '22', 21204899)]",0.0,[],1.0,"[('22', 21204899)]",['High Signal Region'],0,"{'22': {'DGCR8': {'type': ['oncogene'], 'loc': ('20080232', '20111877')}, 'LZTR1': {'type': ['TSG'], 'loc': ('20982013', '20999038')}}}","['DGCR8', 'LZTR1']",0.0,0,2,1.0625,medium
MSTO211H_PLEURA,2,1,circular,498155,1,1,"[('8', 127709483, 128207637)]","[('8', 128207637, '8', 127709483)]",1.0,"[('8', 128207637, '8', 127709483)]",0.0,[],0.0,[],0.0,[],[],0,"{'8': {'MYC': {'type': ['oncogene', ' fusion'], 'loc': ('127735434', '127741434')}}}",['MYC'],0.0,1,1,0.5,high
MSTO211H_PLEURA,3,1,linear,171413,1,1,"[('16', 74434499, 74263085)]","[('16', 74263085, '16', 74434499)]",0.0,[],1.0,"[('16', 74263085, '16', 74434499)]",0.0,[],0.0,[],[],0,{},[],0.0,0,0,1.5,medium
MSTO211H_PLEURA,3,2,linear,151482,1,1,"[('16', 70170899, 70019416)]","[('16', 70019416, '16', 70170899)]",0.0,[],1.0,"[('16', 70019416, '16', 70170899)]",0.0,[],0.0,[],[],0,{},[],0.0,0,0,1.5,medium
NCIH1092_LUNG,2,4,circular,90419,2,1,"[('1', 39848170, 39912124), ('1', 40174608, 40148143)]","[('1', 39912124, '1', 40174608), ('1', 40148143, '1', 39848170)]",1.0,"[('1', 39912124, '1', 40174608), ('1', 40148143, '1', 39848170)]",0.0,[],0.0,[],0.0,[],[],0,"{'1': {'MYCL': {'type': ['oncogene'], 'loc': ('39895426', '39902256')}}}",['MYCL'],0.0,1,1,0.5,high
NCIH1092_LUNG,2,5,circular,3817,1,1,"[('1', 39897578, 39901394)]","[('1', 39901394, '1', 39897578)]",1.0,"[('1', 39901394, '1', 39897578)]",0.0,[],0.0,[],0.0,[],[],0,{},[],0.0,1,1,0.5,high
NCIH1092_LUNG,2,6,circular,179917,2,1,"[('1', 39722500, 39676138), ('1', 39675929, 39809484)]","[('1', 39676138, '1', 39675929), ('1', 39809484, '1', 39722500)]",1.0,"[('1', 39809484, '1', 39722500)]",0.0,[],0.0,[],0.0,[],[],1,{},[],0.0,1,1,0.5,high
NCIH1092_LUNG,2,7,circular,1376,1,1,"[('1', 39892864, 39894239)]","[('1', 39894239, '1', 39892864)]",1.0,"[('1', 39894239, '1', 39892864)]",0.0,[],0.0,[],0.0,[],[],0,{},[],0.0,1,1,0.5,high
NCIH1092_LUNG,2,8,circular,393917,5,1,"[('1', 40181807, 40341589), ('1', 40176894, 40175593), ('1', 39696095, 39634087), ('1', 39985770, 39840715), ('1', 39580153, 39554379)]","[('1', 40341589, '1', 40176894), ('1', 40175593, '1', 39696095), ('1', 39634087, '1', 39985770), ('1', 39840715, '1', 39580153), ('1', 39554379, '1', 40181807)]",1.0,"[('1', 40341589, '1', 40176894), ('1', 40175593, '1', 39696095), ('1', 39634087, '1', 39985770), ('1', 39840715, '1', 39580153), ('1', 39554379, '1', 40181807)]",0.0,[],0.0,[],0.0,[],[],0,"{'1': {'MYCL': {'type': ['oncogene'], 'loc': ('39895426', '39902256')}}}",['MYCL'],0.0,1,1,0.5,high
NCIH1299_LUNG,1,1,linear,20432,1,1,"[('1', 125175213, 125154780)]","[('1', 125154780, '1', 125175213)]",0.0,[],1.0,"[('1', 125154780, '1', 125175213)]",0.0,[],1.0,"[('1', 125154780), ('1', 125175213)]","['High Signal Region', 'High Signal Region']",0,{},[],0.0,0,2,2.0625,low
NCIH1341_LUNG,1,2,circular,33421,1,1,"[('8', 127760308, 127793728)]","[('8', 127793728, '8', 127760308)]",1.0,"[('8', 127793728, '8', 127760308)]",0.0,[],0.0,[],0.0,[],[],0,{},[],0.0,1,1,0.5,high
NCIH1435_LUNG,2,3,circular,163081,2,1,"[('11', 77569796, 77676722), ('11', 77733320, 77677165)]","[('11', 77676722, '11', 77733320), ('11', 77677165, '11', 77569796)]",1.0,"[('11', 77676722, '11', 77733320), ('11', 77677165, '11', 77569796)]",0.0,[],0.0,[],0.0,[],[],0,{},[],0.0,1,1,0.5,high
NCIH1435_LUNG,2,5,circular,1912091,3,1,"[('11', 78579084, 78722227), ('11', 77627050, 78577917), ('11', 79697370, 80515448)]","[('11', 78722227, '11', 77627050), ('11', 78577917, '11', 79697370), ('11', 80515448, '11', 78579084)]",1.0,"[('11', 78722227, '11', 77627050), ('11', 78577917, '11', 79697370), ('11', 80515448, '11', 78579084)]",0.0,[],0.0,[],0.0,[],[],0,{},[],1.0,1,1,0.875,high
NCIH1435_LUNG,2,6,circular,12023,1,1,"[('11', 76683528, 76695550)]","[('11', 76695550, '11', 76683528)]",1.0,"[('11', 76695550, '11', 76683528)]",0.0,[],0.0,[],0.0,[],[],0,{},[],0.0,1,1,0.5,high
NCIH1435_LUNG,4,1,circular,61576,1,1,"[('5', 32106094, 32167669)]","[('5', 32167669, '5', 32106094)]",1.0,"[('5', 32167669, '5', 32106094)]",0.0,[],0.0,[],0.0,[],[],0,{},[],0.0,1,1,0.5,high
NCIH1435_LUNG,6,1,linear,229995,1,1,"[('22', 21034485, 20804489)]","[('22', 20804489, '22', 21034485)]",0.0,[],1.0,"[('22', 20804489, '22', 21034485)]",0.0,[],0.0,[],[],0,"{'22': {'LZTR1': {'type': ['TSG'], 'loc': ('20982013', '20999038')}}}",['LZTR1'],0.0,0,0,1.5,medium
NCIH1436_LUNG,1,2,linear,2596,1,1,"[('1', 143504835, 143502238)]","[('1', 143502238, '1', 143504835)]",0.0,[],1.0,"[('1', 143502238, '1', 143504835)]",0.0,[],1.0,"[('1', 143502238), ('1', 143504835)]","['High Signal Region', 'High Signal Region']",0,{},[],0.0,0,2,2.0625,low
NCIH1436_LUNG,1,3,linear,15690,1,1,"[('7', 58187896, 58172205)]","[('7', 58172205, '7', 58187896)]",0.0,[],1.0,"[('7', 58172205, '7', 58187896)]",0.0,[],1.0,"[('7', 58172205), ('7', 58187896)]","['High Signal Region', 'High Signal Region']",0,{},[],0.0,0,2,2.0625,low
NCIH1436_LUNG,1,4,linear,3268,1,1,"[('7', 61027169, 61023900)]","[('7', 61023900, '7', 61027169)]",0.0,[],1.0,"[('7', 61023900, '7', 61027169)]",0.0,[],1.0,"[('7', 61023900), ('7', 61027169)]","['High Signal Region', 'High Signal Region']",0,{},[],0.0,0,2,2.0625,low
NCIH1436_LUNG,1,5,linear,22758,1,1,"[('1', 125175198, 125152439)]","[('1', 125152439, '1', 125175198)]",0.0,[],1.0,"[('1', 125152439, '1', 125175198)]",0.0,[],1.0,"[('1', 125152439), ('1', 125175198)]","['High Signal Region', 'High Signal Region']",0,{},[],0.0,0,2,2.0625,low
NCIH1436_LUNG,1,6,linear,19765,3,2,"[('7', 62301060, 62309429), ('7', 61055865, 61064501), ('1', 125155198, 125152439)]","[('7', 62309429, '7', 61055865), ('7', 61064501, '1', 125155198), ('1', 125152439, '7', 62301060)]",0.6666666666666666,"[('7', 62309429, '7', 61055865), ('7', 61064501, '1', 125155198)]",0.3333333333333333,"[('1', 125152439, '7', 62301060)]",0.0,[],1.0,"[('7', 62309429), ('7', 61055865), ('7', 61064501), ('1', 125155198), ('1', 125152439), ('7', 62301060)]","['High Signal Region', 'High Signal Region', 'High Signal Region', 'High Signal Region', 'High Signal Region', 'High Signal Region']",0,{},[],0.0,0,2,1.0625,medium
NCIH1436_LUNG,1,7,circular,101124,1,1,"[('7', 62307432, 62408555)]","[('7', 62408555, '7', 62307432)]",1.0,"[('7', 62408555, '7', 62307432)]",0.0,[],0.0,[],1.0,"[('7', 62408555), ('7', 62307432)]","['High Signal Region', 'High Signal Region']",0,{},[],0.0,1,1,1.0625,medium
NCIH1436_LUNG,1,8,linear,173815,1,1,"[('16', 34770299, 34596483)]","[('16', 34596483, '16', 34770299)]",0.0,[],1.0,"[('16', 34596483, '16', 34770299)]",0.0,[],1.0,"[('16', 34596483), ('16', 34770299)]","['High Signal Region', 'High Signal Region']",0,{},[],0.0,0,2,2.0625,low
NCIH1437_LUNG,1,1,linear,175003,1,1,"[('1', 78550510, 78375506)]","[('1', 78375506, '1', 78550510)]",0.0,[],1.0,"[('1', 78375506, '1', 78550510)]",0.0,[],0.0,[],[],0,{},[],0.0,0,0,1.5,medium
NCIH1437_LUNG,2,1,linear,345003,1,1,"[('1', 112096241, 111751237)]","[('1', 111751237, '1', 112096241)]",0.0,[],1.0,"[('1', 111751237, '1', 112096241)]",0.0,[],0.0,[],[],0,{},[],0.0,0,0,1.5,medium
NCIH1437_LUNG,3,1,linear,10077622,2,1,"[('1', 155174489, 152615361), ('1', 152583065, 145064569)]","[('1', 152615361, '1', 152583065), ('1', 145064569, '1', 155174489)]",0.5,"[('1', 152615361, '1', 152583065)]",0.5,"[('1', 145064569, '1', 155174489)]",0.0,[],0.0,[],[],0,"{'1': {'ARNT': {'type': ['oncogene', ' TSG', ' fusion'], 'loc': ('150809705', '150876768')}, 'BCL9': {'type': ['oncogene', ' fusion'], 'loc': ('147541412', '147626216')}, 'MLLT11': {'type': ['fusion'], 'loc': ('151057758', '151068497')}, 'PDE4DIP': {'type': ['fusion'], 'loc': ('148808181', '149048286')}, 'S100A7': {'type': ['fusion'], 'loc': ('153457744', '153460701')}, 'SETDB1': {'type': ['oncogene'], 'loc': ('150926263', '150964744')}, 'TPM3': {'type': ['TSG', ' fusion'], 'loc': ('154155304', '154194648')}}}","['ARNT', 'BCL9', 'MLLT11', 'PDE4DIP', 'S100A7', 'SETDB1', 'TPM3']",1.0,0,1,0.875,high
NCIH1437_LUNG,4,1,circular,714,2,1,"[('5', 754051, 754588), ('5', 846904, 847079)]","[('5', 754588, '5', 846904), ('5', 847079, '5', 754051)]",1.0,"[('5', 754588, '5', 846904), ('5', 847079, '5', 754051)]",0.0,[],0.0,[],0.0,[],[],0,{},[],1.0,1,1,0.875,high
NCIH1437_LUNG,4,2,circular,693,1,1,"[('5', 3323615, 3324307)]","[('5', 3324307, '5', 3323615)]",1.0,"[('5', 3324307, '5', 3323615)]",0.0,[],0.0,[],1.0,"[('5', 3324307), ('5', 3323615)]","['High Signal Region', 'High Signal Region']",0,{},[],1.0,1,1,1.4375,medium
NCIH157DM_LUNG,2,1,linear,1174995,1,1,"[('1', 146294563, 145119567)]","[('1', 145119567, '1', 146294563)]",0.0,[],1.0,"[('1', 145119567, '1', 146294563)]",0.0,[],0.0,[],[],0,{},[],0.0,0,0,1.5,medium
NCIH157DM_LUNG,3,1,linear,1594987,1,1,"[('1', 148704543, 147109555)]","[('1', 147109555, '1', 148704543)]",0.0,[],1.0,"[('1', 147109555, '1', 148704543)]",0.0,[],0.0,[],[],0,"{'1': {'BCL9': {'type': ['oncogene', ' fusion'], 'loc': ('147541412', '147626216')}}}",['BCL9'],0.0,0,0,1.5,medium
NCIH1693_LUNG,2,1,circular,4645,1,1,"[('22', 20356410, 20361054)]","[('22', 20361054, '22', 20356410)]",1.0,"[('22', 20361054, '22', 20356410)]",0.0,[],0.0,[],0.0,[],[],0,{},[],0.0,1,1,0.5,high
NCIH1693_LUNG,2,2,linear,260603,1,1,"[('22', 21593623, 21333019)]","[('22', 21333019, '22', 21593623)]",0.0,[],1.0,"[('22', 21333019, '22', 21593623)]",0.0,[],1.0,"[('22', 21333019)]",['High Signal Region'],0,{},[],0.0,0,2,2.0625,low
NCIH1693_LUNG,2,3,linear,63152,1,1,"[('22', 18902699, 18839546)]","[('22', 18839546, '22', 18902699)]",0.0,[],1.0,"[('22', 18839546, '22', 18902699)]",0.0,[],1.0,"[('22', 18839546), ('22', 18902699)]","['High Signal Region', 'High Signal Region']",0,{},[],0.0,0,2,2.0625,low
NCIH1693_LUNG,2,4,linear,2351544,3,1,"[('22', 21299476, 20599552), ('22', 20596336, 19585578), ('22', 19584065, 18943200)]","[('22', 20599552, '22', 20596336), ('22', 19585578, '22', 19584065), ('22', 18943200, '22', 21299476)]",0.5,"[('22', 20599552, '22', 20596336)]",0.5,"[('22', 18943200, '22', 21299476)]",0.0,[],1.0,"[('22', 18943200), ('22', 21299476)]","['High Signal Region', 'High Signal Region']",1,"{'22': {'CLTCL1': {'type': ['TSG', ' fusion'], 'loc': ('19179473', '19291716')}, 'DGCR8': {'type': ['oncogene'], 'loc': ('20080232', '20111877')}, 'LZTR1': {'type': ['TSG'], 'loc': ('20982013', '20999038')}, 'SEPT5': {'type': ['fusion'], 'loc': ('19714464', '19724224')}}}","['CLTCL1', 'DGCR8', 'LZTR1', 'SEPT5']",1.0,0,2,1.4375,medium
NCIH1693_LUNG,4,1,circular,3009,1,1,"[('12', 40482172, 40485180)]","[('12', 40485180, '12', 40482172)]",1.0,"[('12', 40485180, '12', 40482172)]",0.0,[],0.0,[],0.0,[],[],0,{},[],0.0,1,1,0.5,high
NCIH1693_LUNG,5,1,linear,3509578,7,2,"[('16', 11965964, 12768662), ('17', 39749723, 40235615), ('17', 45204669, 45268109), ('17', 45265670, 45204669), ('17', 40235615, 39757488), ('17', 39750318, 39492259), ('17', 53945245, 52584883)]","[('16', 12768662, '17', 39749723), ('17', 40235615, '17', 45204669), ('17', 45268109, '17', 45265670), ('17', 45204669, '17', 40235615), ('17', 39757488, '17', 39750318), ('17', 39492259, '17', 53945245), ('17', 52584883, '16', 11965964)]",0.8571428571428571,"[('16', 12768662, '17', 39749723), ('17', 40235615, '17', 45204669), ('17', 45268109, '17', 45265670), ('17', 45204669, '17', 40235615), ('17', 39757488, '17', 39750318), ('17', 39492259, '17', 53945245)]",0.1428571428571428,"[('17', 52584883, '16', 11965964)]",0.0,[],0.0,[],[],0,"{'16': {'SNX29': {'type': ['fusion'], 'loc': ('11976737', '12574289')}}, '17': {'ERBB2': {'type': ['oncogene', ' fusion'], 'loc': ('39687914', '39730426')}, 'IKZF3': {'type': ['oncogene', ' TSG', ' fusion'], 'loc': ('39757715', '39864188')}}}","['SNX29', 'ERBB2', 'IKZF3', 'IKZF3']",1.0,0,1,0.875,high
NCIH1693_LUNG,5,2,linear,10602,1,1,"[('16', 11094735, 11084132)]","[('16', 11084132, '16', 11094735)]",0.0,[],1.0,"[('16', 11084132, '16', 11094735)]",0.0,[],0.0,[],[],0,{},[],0.0,0,0,1.5,medium
NCIH1694_LUNG,1,2,circular,5587,1,1,"[('1', 243486637, 243492223)]","[('1', 243492223, '1', 243486637)]",1.0,"[('1', 243492223, '1', 243486637)]",0.0,[],0.0,[],0.0,[],[],0,{},[],0.0,1,1,0.5,high
NCIH1694_LUNG,1,4,circular,3490,1,1,"[('1', 243604689, 243608178)]","[('1', 243608178, '1', 243604689)]",1.0,"[('1', 243608178, '1', 243604689)]",0.0,[],0.0,[],0.0,[],[],0,{},[],0.0,1,1,0.5,high
NCIH1694_LUNG,1,5,circular,2921,1,1,"[('1', 243505196, 243508116)]","[('1', 243508116, '1', 243505196)]",1.0,"[('1', 243508116, '1', 243505196)]",0.0,[],0.0,[],0.0,[],[],0,{},[],0.0,1,1,0.5,high
NCIH1694_LUNG,1,6,circular,4260,1,1,"[('1', 243472303, 243476562)]","[('1', 243476562, '1', 243472303)]",1.0,"[('1', 243476562, '1', 243472303)]",0.0,[],0.0,[],0.0,[],[],0,{},[],0.0,1,1,0.5,high
NCIH1694_LUNG,1,7,circular,1719,1,1,"[('1', 243510279, 243511997)]","[('1', 243511997, '1', 243510279)]",1.0,"[('1', 243511997, '1', 243510279)]",0.0,[],0.0,[],0.0,[],[],0,{},[],0.0,1,1,0.5,high
NCIH1694_LUNG,1,8,circular,2221,1,1,"[('1', 160501346, 160503566)]","[('1', 160503566, '1', 160501346)]",1.0,"[('1', 160503566, '1', 160501346)]",0.0,[],0.0,[],0.0,[],[],0,{},[],0.0,1,1,0.5,high
NCIH1694_LUNG,1,9,circular,4172,1,1,"[('1', 160605655, 160609826)]","[('1', 160609826, '1', 160605655)]",1.0,"[('1', 160609826, '1', 160605655)]",0.0,[],0.0,[],0.0,[],[],0,{},[],0.0,1,1,0.5,high
NCIH1694_LUNG,1,11,circular,460416,1,1,"[('1', 39488432, 39948847)]","[('1', 39948847, '1', 39488432)]",1.0,"[('1', 39948847, '1', 39488432)]",0.0,[],0.0,[],0.0,[],[],0,"{'1': {'MYCL': {'type': ['oncogene'], 'loc': ('39895426', '39902256')}}}",['MYCL'],0.0,1,1,0.5,high
NCIH1694_LUNG,1,12,circular,2607,1,1,"[('1', 230825760, 230828366)]","[('1', 230828366, '1', 230825760)]",1.0,"[('1', 230828366, '1', 230825760)]",0.0,[],0.0,[],0.0,[],[],0,{},[],0.0,1,1,0.5,high
NCIH1694_LUNG,1,13,circular,2393,1,1,"[('1', 39966869, 39969261)]","[('1', 39969261, '1', 39966869)]",1.0,"[('1', 39969261, '1', 39966869)]",0.0,[],0.0,[],0.0,[],[],0,{},[],0.0,1,1,0.5,high
NCIH1694_LUNG,1,14,circular,3719,1,1,"[('1', 243921071, 243924789)]","[('1', 243924789, '1', 243921071)]",1.0,"[('1', 243924789, '1', 243921071)]",0.0,[],0.0,[],0.0,[],[],0,{},[],0.0,1,1,0.5,high
NCIH1694_LUNG,1,16,circular,1266,1,1,"[('1', 243940943, 243942208)]","[('1', 243942208, '1', 243940943)]",1.0,"[('1', 243942208, '1', 243940943)]",0.0,[],0.0,[],0.0,[],[],0,{},[],0.0,1,1,0.5,high
NCIH1694_LUNG,1,17,circular,4508,1,1,"[('1', 39843560, 39848067)]","[('1', 39848067, '1', 39843560)]",1.0,"[('1', 39848067, '1', 39843560)]",0.0,[],0.0,[],0.0,[],[],0,{},[],0.0,1,1,0.5,high
NCIH1694_LUNG,1,18,circular,460,1,1,"[('1', 243460343, 243460802)]","[('1', 243460802, '1', 243460343)]",1.0,"[('1', 243460802, '1', 243460343)]",0.0,[],0.0,[],0.0,[],[],0,{},[],1.0,1,1,0.875,high
NCIH1694_LUNG,1,19,circular,2780,1,1,"[('1', 160513178, 160515957)]","[('1', 160515957, '1', 160513178)]",1.0,"[('1', 160515957, '1', 160513178)]",0.0,[],0.0,[],0.0,[],[],0,{},[],0.0,1,1,0.5,high
NCIH1694_LUNG,1,20,circular,1826,1,1,"[('1', 243535819, 243537644)]","[('1', 243537644, '1', 243535819)]",1.0,"[('1', 243537644, '1', 243535819)]",0.0,[],0.0,[],0.0,[],[],0,{},[],0.0,1,1,0.5,high
NCIH1694_LUNG,1,21,circular,1711,1,1,"[('1', 243307771, 243309481)]","[('1', 243309481, '1', 243307771)]",1.0,"[('1', 243309481, '1', 243307771)]",0.0,[],0.0,[],0.0,[],[],0,{},[],0.0,1,1,0.5,high
NCIH1694_LUNG,1,22,circular,3260,1,1,"[('1', 243569011, 243572270)]","[('1', 243572270, '1', 243569011)]",1.0,"[('1', 243572270, '1', 243569011)]",0.0,[],0.0,[],0.0,[],[],0,{},[],0.0,1,1,0.5,high
NCIH1694_LUNG,1,23,circular,527,1,1,"[('1', 161128461, 161128987)]","[('1', 161128987, '1', 161128461)]",1.0,"[('1', 161128987, '1', 161128461)]",0.0,[],0.0,[],0.0,[],[],0,{},[],1.0,1,1,0.875,high
NCIH1694_LUNG,1,24,circular,508,1,1,"[('1', 39310608, 39311115)]","[('1', 39311115, '1', 39310608)]",1.0,"[('1', 39311115, '1', 39310608)]",0.0,[],0.0,[],0.0,[],[],0,{},[],1.0,1,1,0.875,high
NCIH1694_LUNG,1,25,circular,1782,1,1,"[('1', 230526214, 230527995)]","[('1', 230527995, '1', 230526214)]",1.0,"[('1', 230527995, '1', 230526214)]",0.0,[],0.0,[],0.0,[],[],0,{},[],0.0,1,1,0.5,high
NCIH1694_LUNG,1,26,circular,626,1,1,"[('1', 161130998, 161131623)]","[('1', 161131623, '1', 161130998)]",1.0,"[('1', 161131623, '1', 161130998)]",0.0,[],0.0,[],0.0,[],[],0,{},[],1.0,1,1,0.875,high
NCIH1694_LUNG,1,27,circular,840,1,1,"[('1', 243375921, 243376760)]","[('1', 243376760, '1', 243375921)]",1.0,"[('1', 243376760, '1', 243375921)]",0.0,[],0.0,[],0.0,[],[],0,{},[],1.0,1,1,0.875,high
NCIH1694_LUNG,1,28,circular,952,1,1,"[('1', 230515777, 230516728)]","[('1', 230516728, '1', 230515777)]",1.0,"[('1', 230516728, '1', 230515777)]",0.0,[],0.0,[],0.0,[],[],0,{},[],1.0,1,1,0.875,high
NCIH1694_LUNG,1,29,circular,2026,1,1,"[('1', 39489469, 39491494)]","[('1', 39491494, '1', 39489469)]",1.0,"[('1', 39491494, '1', 39489469)]",0.0,[],0.0,[],0.0,[],[],0,{},[],0.0,1,1,0.5,high
NCIH1694_LUNG,1,30,linear,88386,2,1,"[('1', 164836500, 164899825), ('1', 230534261, 230509200)]","[('1', 164899825, '1', 230534261), ('1', 230509200, '1', 164836500)]",0.5,"[('1', 164899825, '1', 230534261)]",0.5,"[('1', 230509200, '1', 164836500)]",0.0,[],0.0,[],[],0,{},[],0.0,0,1,0.5,high
NCIH1694_LUNG,1,32,circular,3973,1,1,"[('1', 160519578, 160523550)]","[('1', 160523550, '1', 160519578)]",1.0,"[('1', 160523550, '1', 160519578)]",0.0,[],0.0,[],0.0,[],[],0,{},[],0.0,1,1,0.5,high
NCIH1694_LUNG,1,33,circular,592,1,1,"[('1', 164895506, 164896097)]","[('1', 164896097, '1', 164895506)]",1.0,"[('1', 164896097, '1', 164895506)]",0.0,[],0.0,[],0.0,[],[],0,{},[],1.0,1,1,0.875,high
NCIH1694_LUNG,1,34,circular,297981,2,1,"[('1', 39820163, 39943109), ('1', 243387687, 243562720)]","[('1', 39943109, '1', 243387687), ('1', 243562720, '1', 39820163)]",1.0,"[('1', 39943109, '1', 243387687), ('1', 243562720, '1', 39820163)]",0.0,[],0.0,[],0.0,[],[],0,"{'1': {'MYCL': {'type': ['oncogene'], 'loc': ('39895426', '39902256')}}}",['MYCL'],0.0,1,1,0.5,high
NCIH1694_LUNG,2,1,linear,289997,1,1,"[('1', 143779582, 143489584)]","[('1', 143489584, '1', 143779582)]",0.0,[],1.0,"[('1', 143489584, '1', 143779582)]",0.0,[],1.0,"[('1', 143489584)]",['High Signal Region'],0,{},[],0.0,0,2,2.0625,low
NCIH1694_LUNG,3,1,linear,229997,1,1,"[('1', 153969499, 153739501)]","[('1', 153739501, '1', 153969499)]",0.0,[],1.0,"[('1', 153739501, '1', 153969499)]",0.0,[],0.0,[],[],0,{},[],0.0,0,0,1.5,medium
NCIH1694_LUNG,4,1,linear,124998,1,1,"[('1', 156064482, 155939483)]","[('1', 155939483, '1', 156064482)]",0.0,[],1.0,"[('1', 155939483, '1', 156064482)]",0.0,[],0.0,[],[],0,{},[],0.0,0,0,1.5,medium
NCIH1703_LUNG,3,1,circular,998848,2,1,"[('8', 35366139, 34877226), ('8', 34877226, 35387161)]","[('8', 34877226, '8', 34877226), ('8', 35387161, '8', 35366139)]",1.0,"[('8', 35387161, '8', 35366139)]",0.0,[],0.0,[],0.0,[],[],1,{},[],0.0,1,1,0.5,high
NCIH1703_LUNG,5,1,linear,129996,1,1,"[('12', 7974863, 7844866)]","[('12', 7844866, '12', 7974863)]",0.0,[],1.0,"[('12', 7844866, '12', 7974863)]",0.0,[],0.0,[],[],0,{},[],0.0,0,0,1.5,medium
NCIH1792_LUNG,9,3,circular,705111,1,1,"[('8', 127675234, 128380344)]","[('8', 128380344, '8', 127675234)]",1.0,"[('8', 128380344, '8', 127675234)]",0.0,[],0.0,[],0.0,[],[],0,"{'8': {'MYC': {'type': ['oncogene', ' fusion'], 'loc': ('127735434', '127741434')}}}",['MYC'],0.0,1,1,0.5,high
NCIH1793_LUNG,2,1,linear,99819,1,1,"[('14', 18697670, 18597850)]","[('14', 18597850, '14', 18697670)]",0.0,[],1.0,"[('14', 18597850, '14', 18697670)]",0.0,[],1.0,"[('14', 18597850), ('14', 18697670)]","['High Signal Region', 'High Signal Region']",0,{},[],0.0,0,2,2.0625,low
NCIH1836_LUNG,1,1,linear,80001,1,1,"[('1', 18454198, 18374196)]","[('1', 18374196, '1', 18454198)]",0.0,[],1.0,"[('1', 18374196, '1', 18454198)]",0.0,[],0.0,[],[],0,{},[],0.0,0,0,1.5,medium
NCIH1836_LUNG,2,2,linear,1251688,4,1,"[('1', 38661880, 38697602), ('1', 39307502, 40103854), ('1', 37643784, 37721792), ('1', 41109778, 40768174)]","[('1', 38697602, '1', 39307502), ('1', 40103854, '1', 37643784), ('1', 37721792, '1', 41109778), ('1', 40768174, '1', 38661880)]",1.0,"[('1', 38697602, '1', 39307502), ('1', 40103854, '1', 37643784), ('1', 37721792, '1', 41109778), ('1', 40768174, '1', 38661880)]",0.0,[],0.0,[],0.0,[],[],0,"{'1': {'MYCL': {'type': ['oncogene'], 'loc': ('39895426', '39902256')}}}",['MYCL'],0.0,0,1,0.5,high
NCIH1836_LUNG,2,3,circular,1013,1,1,"[('1', 39688628, 39689640)]","[('1', 39689640, '1', 39688628)]",1.0,"[('1', 39689640, '1', 39688628)]",0.0,[],0.0,[],0.0,[],[],0,{},[],1.0,1,1,0.875,high
NCIH1836_LUNG,2,4,circular,856,1,1,"[('1', 40839036, 40839891)]","[('1', 40839891, '1', 40839036)]",1.0,"[('1', 40839891, '1', 40839036)]",0.0,[],0.0,[],0.0,[],[],0,{},[],1.0,1,1,0.875,high
NCIH1836_LUNG,2,5,linear,1350042,1,1,"[('13', 111308837, 109958794)]","[('13', 109958794, '13', 111308837)]",0.0,[],1.0,"[('13', 109958794, '13', 111308837)]",0.0,[],0.0,[],[],0,{},[],0.0,0,0,1.5,medium
NCIH1836_LUNG,2,6,circular,1534,1,1,"[('1', 40096358, 40097891)]","[('1', 40097891, '1', 40096358)]",1.0,"[('1', 40097891, '1', 40096358)]",0.0,[],0.0,[],0.0,[],[],0,{},[],0.0,1,1,0.5,high
NCIH1836_LUNG,2,7,circular,1343,1,1,"[('1', 38694115, 38695457)]","[('1', 38695457, '1', 38694115)]",1.0,"[('1', 38695457, '1', 38694115)]",0.0,[],0.0,[],0.0,[],[],0,{},[],0.0,1,1,0.5,high
NCIH1836_LUNG,2,9,linear,1040035,1,1,"[('13', 95183286, 94143250)]","[('13', 94143250, '13', 95183286)]",0.0,[],1.0,"[('13', 94143250, '13', 95183286)]",0.0,[],0.0,[],[],0,"{'13': {'SOX21': {'type': ['TSG'], 'loc': ('94709622', '94712399')}}}",['SOX21'],0.0,0,0,1.5,medium
NCIH1836_LUNG,3,1,linear,152657,1,1,"[('13', 113670299, 113517641)]","[('13', 113517641, '13', 113670299)]",0.0,[],1.0,"[('13', 113517641, '13', 113670299)]",0.0,[],0.0,[],[],0,{},[],0.0,0,0,1.5,medium
NCIH1836_LUNG,3,2,linear,5052,1,1,"[('13', 113728089, 113723036)]","[('13', 113723036, '13', 113728089)]",0.0,[],1.0,"[('13', 113723036, '13', 113728089)]",0.0,[],0.0,[],[],0,{},[],0.0,0,0,1.5,medium
NCIH1836_LUNG,5,1,linear,60001,1,1,"[('13', 96823342, 96763340)]","[('13', 96763340, '13', 96823342)]",0.0,[],1.0,"[('13', 96763340, '13', 96823342)]",0.0,[],0.0,[],[],0,{},[],0.0,0,0,1.5,medium
NCIH1876_LUNG,2,1,linear,454995,1,1,"[('1', 153474503, 153019507)]","[('1', 153019507, '1', 153474503)]",0.0,[],1.0,"[('1', 153019507, '1', 153474503)]",0.0,[],0.0,[],[],0,"{'1': {'S100A7': {'type': ['fusion'], 'loc': ('153457744', '153460701')}}}",['S100A7'],0.0,0,0,1.5,medium
NCIH1876_LUNG,3,1,linear,4589299,4,1,"[('1', 160439438, 159679867), ('1', 159678917, 158900191), ('1', 158897703, 156559143), ('1', 156556930, 155844484)]","[('1', 159679867, '1', 159678917), ('1', 158900191, '1', 158897703), ('1', 156559143, '1', 156556930), ('1', 155844484, '1', 160439438)]",0.6666666666666666,"[('1', 158900191, '1', 158897703), ('1', 156559143, '1', 156556930)]",0.3333333333333333,"[('1', 155844484, '1', 160439438)]",0.0,[],0.0,[],[],1,"{'1': {'FCRL4': {'type': ['oncogene', ' fusion'], 'loc': ('157573749', '157598080')}, 'LMNA': {'type': ['fusion'], 'loc': ('156082573', '156140089')}, 'NTRK1': {'type': ['oncogene', ' TSG', ' fusion'], 'loc': ('156815640', '156881850')}, 'PRCC': {'type': ['fusion'], 'loc': ('156750610', '156800817')}}}","['FCRL4', 'LMNA', 'NTRK1', 'PRCC']",1.0,0,1,0.875,high
NCIH1930_LUNG,1,1,circular,1767,1,1,"[('4', 55008248, 55010014)]","[('4', 55010014, '4', 55008248)]",1.0,"[('4', 55010014, '4', 55008248)]",0.0,[],0.0,[],0.0,[],[],0,{},[],0.0,1,1,0.5,high
NCIH1930_LUNG,1,2,circular,1711,1,1,"[('4', 54962769, 54964479)]","[('4', 54964479, '4', 54962769)]",1.0,"[('4', 54964479, '4', 54962769)]",0.0,[],0.0,[],0.0,[],[],0,{},[],0.0,1,1,0.5,high
NCIH1930_LUNG,1,3,circular,507,1,1,"[('4', 54870750, 54871256)]","[('4', 54871256, '4', 54870750)]",1.0,"[('4', 54871256, '4', 54870750)]",0.0,[],0.0,[],0.0,[],[],0,{},[],1.0,1,1,0.875,high
NCIH1930_LUNG,1,4,linear,1701757,2,1,"[('4', 54505200, 55353604), ('4', 55358553, 54505200)]","[('4', 55353604, '4', 55358553), ('4', 54505200, '4', 54505200)]",1.0,"[('4', 55353604, '4', 55358553)]",0.0,[],0.0,[],0.0,[],[],1,"{'4': {'KDR': {'type': ['oncogene'], 'loc': ('55078259', '55125595')}, 'KIT': {'type': ['oncogene'], 'loc': ('54657918', '54740715')}}}","['KDR', 'KDR', 'KIT', 'KIT']",0.0,0,1,0.5,high
NCIH1930_LUNG,1,5,circular,1998,1,1,"[('4', 55004762, 55006759)]","[('4', 55006759, '4', 55004762)]",1.0,"[('4', 55006759, '4', 55004762)]",0.0,[],0.0,[],0.0,[],[],0,{},[],0.0,1,1,0.5,high
NCIH1930_LUNG,1,7,circular,40209,2,1,"[('4', 55353604, 55336613), ('4', 55335335, 55358553)]","[('4', 55336613, '4', 55335335), ('4', 55358553, '4', 55353604)]",1.0,"[('4', 55358553, '4', 55353604)]",0.0,[],0.0,[],0.0,[],[],1,{},[],0.0,1,1,0.5,high
NCIH1963_LUNG,1,2,circular,990618,1,1,"[('1', 39666286, 40656903)]","[('1', 40656903, '1', 39666286)]",1.0,"[('1', 40656903, '1', 39666286)]",0.0,[],0.0,[],0.0,[],[],0,"{'1': {'MYCL': {'type': ['oncogene'], 'loc': ('39895426', '39902256')}}}",['MYCL'],0.0,1,1,0.5,high
NCIH1963_LUNG,1,3,circular,3365,1,1,"[('1', 39757567, 39760931)]","[('1', 39760931, '1', 39757567)]",1.0,"[('1', 39760931, '1', 39757567)]",0.0,[],0.0,[],0.0,[],[],0,{},[],0.0,1,1,0.5,high
NCIH1963_LUNG,1,4,circular,1863,1,1,"[('1', 39786042, 39787904)]","[('1', 39787904, '1', 39786042)]",1.0,"[('1', 39787904, '1', 39786042)]",0.0,[],0.0,[],0.0,[],[],0,{},[],0.0,1,1,0.5,high
NCIH1963_LUNG,1,5,circular,2042,1,1,"[('1', 39754376, 39756417)]","[('1', 39756417, '1', 39754376)]",1.0,"[('1', 39756417, '1', 39754376)]",0.0,[],0.0,[],0.0,[],[],0,{},[],0.0,1,1,0.5,high
NCIH1963_LUNG,1,6,circular,2189,1,1,"[('1', 39778520, 39780708)]","[('1', 39780708, '1', 39778520)]",1.0,"[('1', 39780708, '1', 39778520)]",0.0,[],0.0,[],0.0,[],[],0,{},[],0.0,1,1,0.5,high
NCIH1963_LUNG,1,7,circular,2103,1,1,"[('1', 39689423, 39691525)]","[('1', 39691525, '1', 39689423)]",1.0,"[('1', 39691525, '1', 39689423)]",0.0,[],0.0,[],0.0,[],[],0,{},[],0.0,1,1,0.5,high
NCIH1963_LUNG,1,8,circular,1086,1,1,"[('1', 39667851, 39668936)]","[('1', 39668936, '1', 39667851)]",1.0,"[('1', 39668936, '1', 39667851)]",0.0,[],0.0,[],0.0,[],[],0,{},[],1.0,1,1,0.875,high
NCIH1963_LUNG,1,9,circular,1446,1,1,"[('1', 40648800, 40650245)]","[('1', 40650245, '1', 40648800)]",1.0,"[('1', 40650245, '1', 40648800)]",0.0,[],0.0,[],0.0,[],[],0,{},[],0.0,1,1,0.5,high
NCIH1963_LUNG,1,10,circular,1656,1,1,"[('1', 40237066, 40238721)]","[('1', 40238721, '1', 40237066)]",1.0,"[('1', 40238721, '1', 40237066)]",0.0,[],0.0,[],0.0,[],[],0,{},[],0.0,1,1,0.5,high
NCIH1963_LUNG,1,11,circular,1335,1,1,"[('1', 40652419, 40653753)]","[('1', 40653753, '1', 40652419)]",1.0,"[('1', 40653753, '1', 40652419)]",0.0,[],0.0,[],0.0,[],[],0,{},[],0.0,1,1,0.5,high
NCIH1963_LUNG,1,12,circular,2810,1,1,"[('1', 39926596, 39929405)]","[('1', 39929405, '1', 39926596)]",1.0,"[('1', 39929405, '1', 39926596)]",0.0,[],0.0,[],0.0,[],[],0,{},[],0.0,1,1,0.5,high
NCIH1963_LUNG,1,13,circular,458,1,1,"[('1', 40558438, 40558895)]","[('1', 40558895, '1', 40558438)]",1.0,"[('1', 40558895, '1', 40558438)]",0.0,[],0.0,[],0.0,[],[],0,{},[],1.0,1,1,0.875,high
NCIH1963_LUNG,2,1,linear,94995,1,1,"[('18', 68618854, 68523858)]","[('18', 68523858, '18', 68618854)]",0.0,[],1.0,"[('18', 68523858, '18', 68618854)]",0.0,[],0.0,[],[],0,{},[],0.0,0,0,1.5,medium
NCIH2029_LUNG,1,1,circular,751,1,1,"[('1', 41526549, 41527299)]","[('1', 41527299, '1', 41526549)]",1.0,"[('1', 41527299, '1', 41526549)]",0.0,[],0.0,[],0.0,[],[],0,{},[],1.0,1,1,0.875,high
NCIH2029_LUNG,1,2,circular,2554,1,1,"[('1', 36957446, 36959999)]","[('1', 36959999, '1', 36957446)]",1.0,"[('1', 36959999, '1', 36957446)]",0.0,[],0.0,[],0.0,[],[],0,{},[],0.0,1,1,0.5,high
NCIH2029_LUNG,2,1,circular,1288,1,1,"[('14', 35948053, 35949340)]","[('14', 35949340, '14', 35948053)]",1.0,"[('14', 35949340, '14', 35948053)]",0.0,[],0.0,[],1.0,"[('14', 35949340), ('14', 35948053)]","['High Signal Region', 'High Signal Region']",0,{},[],0.0,1,1,1.0625,medium
NCIH2029_LUNG,2,2,circular,6506571,5,1,"[('14', 36521254, 35103155), ('14', 24758476, 25131651), ('14', 30969115, 33958707), ('14', 34909192, 33961680), ('14', 22774692, 23552884)]","[('14', 35103155, '14', 24758476), ('14', 25131651, '14', 30969115), ('14', 33958707, '14', 34909192), ('14', 33961680, '14', 22774692), ('14', 23552884, '14', 36521254)]",1.0,"[('14', 35103155, '14', 24758476), ('14', 25131651, '14', 30969115), ('14', 33958707, '14', 34909192), ('14', 33961680, '14', 22774692), ('14', 23552884, '14', 36521254)]",0.0,[],0.0,[],0.0,[],[],0,"{'14': {'ARHGAP5': {'type': ['oncogene'], 'loc': ('32076114', '32159728')}, 'BAZ1A': {'type': ['TSG'], 'loc': ('34752731', '34875647')}, 'NKX2-1': {'type': ['oncogene', ' TSG'], 'loc': ('36516392', '36521149')}}}","['ARHGAP5', 'BAZ1A', 'NKX2-1']",1.0,1,1,0.875,high
NCIH2030_LUNG,3,1,linear,210000,1,1,"[('4', 77981633, 77771632)]","[('4', 77771632, '4', 77981633)]",0.0,[],1.0,"[('4', 77771632, '4', 77981633)]",0.0,[],0.0,[],[],0,{},[],0.0,0,0,1.5,medium
NCIH2030_LUNG,4,1,linear,1225034,1,1,"[('17', 37921293, 36696258)]","[('17', 36696258, '17', 37921293)]",0.0,[],1.0,"[('17', 36696258, '17', 37921293)]",0.0,[],0.0,[],[],0,{},[],0.0,0,0,1.5,medium
NCIH2030_LUNG,5,1,linear,105005,1,1,"[('15', 17105006, 17000000)]","[('15', 17000000, '15', 17105006)]",0.0,[],1.0,"[('15', 17000000, '15', 17105006)]",0.0,[],1.0,"[('15', 17000000), ('15', 17105006)]","['High Signal Region', 'High Signal Region']",0,{},[],0.0,0,2,2.0625,low
NCIH2030_LUNG,5,2,linear,28504,1,1,"[('20', 28953734, 28925229)]","[('20', 28925229, '20', 28953734)]",0.0,[],1.0,"[('20', 28925229, '20', 28953734)]",0.0,[],1.0,"[('20', 28953734)]",['High Signal Region'],0,{},[],0.0,0,2,2.0625,low
NCIH2030_LUNG,6,1,linear,200034,1,1,"[('17', 80782543, 80582508)]","[('17', 80582508, '17', 80782543)]",0.0,[],1.0,"[('17', 80582508, '17', 80782543)]",0.0,[],0.0,[],[],0,{},[],0.0,0,0,1.5,medium
NCIH2052_PLEURA,1,3,linear,152815,1,1,"[('20', 29863427, 29710611)]","[('20', 29710611, '20', 29863427)]",0.0,[],1.0,"[('20', 29710611, '20', 29863427)]",0.0,[],0.0,[],[],0,{},[],0.0,0,0,1.5,medium
NCIH2052_PLEURA,1,4,linear,103496,1,1,"[('15', 17103497, 17000000)]","[('15', 17000000, '15', 17103497)]",0.0,[],1.0,"[('15', 17000000, '15', 17103497)]",0.0,[],1.0,"[('15', 17000000), ('15', 17103497)]","['High Signal Region', 'High Signal Region']",0,{},[],0.0,0,2,2.0625,low
NCIH2052_PLEURA,1,6,linear,20452,1,1,"[('20', 28944134, 28923681)]","[('20', 28923681, '20', 28944134)]",0.0,[],1.0,"[('20', 28923681, '20', 28944134)]",0.0,[],1.0,"[('20', 28944134)]",['High Signal Region'],0,{},[],0.0,0,2,2.0625,low
NCIH2052_PLEURA,1,7,linear,862,1,1,"[('20', 28944134, 28943271)]","[('20', 28943271, '20', 28944134)]",0.0,[],1.0,"[('20', 28943271, '20', 28944134)]",0.0,[],1.0,"[('20', 28943271), ('20', 28944134)]","['High Signal Region', 'High Signal Region']",0,{},[],1.0,0,2,2.4375,low
NCIH2052_PLEURA,1,10,linear,58443,2,2,"[('20', 28802550, 28764559), ('19', 27340599, 27320145)]","[('20', 28764559, '19', 27340599), ('19', 27320145, '20', 28802550)]",0.5,"[('20', 28764559, '19', 27340599)]",0.5,"[('19', 27320145, '20', 28802550)]",0.0,[],1.0,"[('20', 28764559), ('19', 27340599), ('20', 28802550)]","['High Signal Region', 'High Signal Region', 'High Signal Region']",0,{},[],0.0,0,2,1.0625,medium
NCIH2052_PLEURA,1,11,linear,20452,1,1,"[('19', 27315735, 27295282)]","[('19', 27295282, '19', 27315735)]",0.0,[],1.0,"[('19', 27295282, '19', 27315735)]",0.0,[],0.0,[],[],0,{},[],0.0,0,0,1.5,medium
NCIH2052_PLEURA,1,12,linear,48260,2,1,"[('20', 29257051, 29256598), ('20', 29253731, 29205922)]","[('20', 29256598, '20', 29253731), ('20', 29205922, '20', 29257051)]",0.5,"[('20', 29256598, '20', 29253731)]",0.5,"[('20', 29205922, '20', 29257051)]",0.0,[],1.0,"[('20', 29256598), ('20', 29253731), ('20', 29205922), ('20', 29257051)]","['High Signal Region', 'High Signal Region', 'High Signal Region', 'High Signal Region']",0,{},[],0.0,0,2,1.0625,medium
NCIH2052_PLEURA,1,13,linear,40,1,1,"[('19', 27315735, 27315694)]","[('19', 27315694, '19', 27315735)]",0.0,[],1.0,"[('19', 27315694, '19', 27315735)]",0.0,[],0.0,[],[],0,{},[],1.0,0,0,1.875,medium
NCIH2052_PLEURA,1,15,circular,2124,1,1,"[('20', 28769331, 28771454)]","[('20', 28771454, '20', 28769331)]",1.0,"[('20', 28771454, '20', 28769331)]",0.0,[],0.0,[],1.0,"[('20', 28771454), ('20', 28769331)]","['High Signal Region', 'High Signal Region']",0,{},[],0.0,1,1,1.0625,medium
NCIH2052_PLEURA,1,16,linear,3434,1,1,"[('15', 17025994, 17022559)]","[('15', 17022559, '15', 17025994)]",0.0,[],1.0,"[('15', 17022559, '15', 17025994)]",0.0,[],1.0,"[('15', 17022559), ('15', 17025994)]","['High Signal Region', 'High Signal Region']",0,{},[],0.0,0,2,2.0625,low
NCIH2052_PLEURA,1,17,linear,15490,2,1,"[('20', 30425005, 30418475), ('20', 29119257, 29110295)]","[('20', 30418475, '20', 29119257), ('20', 29110295, '20', 30425005)]",0.5,"[('20', 30418475, '20', 29119257)]",0.5,"[('20', 29110295, '20', 30425005)]",0.0,[],1.0,"[('20', 29119257), ('20', 29110295)]","['High Signal Region', 'High Signal Region']",0,{},[],0.0,0,2,1.0625,medium
NCIH2081_LUNG,1,1,linear,172587,2,1,"[('8', 3974099, 3871961), ('8', 3869951, 3799500)]","[('8', 3871961, '8', 3869951), ('8', 3799500, '8', 3974099)]",0.5,"[('8', 3871961, '8', 3869951)]",0.5,"[('8', 3799500, '8', 3974099)]",0.0,[],0.0,[],[],0,{},[],0.0,0,1,0.5,high
NCIH211_LUNG,2,1,linear,364990,1,1,"[('11', 104312455, 103947464)]","[('11', 103947464, '11', 104312455)]",0.0,[],1.0,"[('11', 103947464, '11', 104312455)]",0.0,[],0.0,[],[],0,{},[],0.0,0,0,1.5,medium
NCIH2122_LUNG,1,1,circular,547,1,1,"[('1', 38899172, 38899718)]","[('1', 38899718, '1', 38899172)]",1.0,"[('1', 38899718, '1', 38899172)]",0.0,[],0.0,[],0.0,[],[],0,{},[],1.0,1,1,0.875,high
NCIH2122_LUNG,1,2,linear,111796,8,2,"[('1', 37919399, 37916639), ('1', 31715166, 31717167), ('1', 37174076, 37201671), ('1', 34375643, 34396089), ('1', 34848023, 34877426), ('1', 36939366, 36949987), ('1', 38898822, 38901699), ('8', 127526305, 127510216)]","[('1', 37916639, '1', 31715166), ('1', 31717167, '1', 37174076), ('1', 37201671, '1', 34375643), ('1', 34396089, '1', 34848023), ('1', 34877426, '1', 36939366), ('1', 36949987, '1', 38898822), ('1', 38901699, '8', 127526305), ('8', 127510216, '1', 37919399)]",0.875,"[('1', 37916639, '1', 31715166), ('1', 31717167, '1', 37174076), ('1', 37201671, '1', 34375643), ('1', 34396089, '1', 34848023), ('1', 34877426, '1', 36939366), ('1', 36949987, '1', 38898822), ('1', 38901699, '8', 127526305)]",0.125,"[('8', 127510216, '1', 37919399)]",0.0,[],0.0,[],[],0,{},[],0.0,0,1,0.5,high
NCIH2122_LUNG,1,3,circular,1218,1,1,"[('1', 38527424, 38528641)]","[('1', 38528641, '1', 38527424)]",1.0,"[('1', 38528641, '1', 38527424)]",0.0,[],0.0,[],0.0,[],[],0,{},[],0.0,1,1,0.5,high
NCIH2122_LUNG,1,4,linear,66703,1,1,"[('1', 35014904, 34948200)]","[('1', 34948200, '1', 35014904)]",0.0,[],1.0,"[('1', 34948200, '1', 35014904)]",0.0,[],0.0,[],[],0,{},[],0.0,0,0,1.5,medium
NCIH2122_LUNG,1,5,circular,1290,1,1,"[('1', 38540753, 38542042)]","[('1', 38542042, '1', 38540753)]",1.0,"[('1', 38542042, '1', 38540753)]",0.0,[],0.0,[],0.0,[],[],0,{},[],0.0,1,1,0.5,high
NCIH2122_LUNG,1,6,circular,712,1,1,"[('1', 38547469, 38548180)]","[('1', 38548180, '1', 38547469)]",1.0,"[('1', 38548180, '1', 38547469)]",0.0,[],0.0,[],0.0,[],[],0,{},[],1.0,1,1,0.875,high
NCIH2122_LUNG,1,7,circular,1087,1,1,"[('1', 38549893, 38550979)]","[('1', 38550979, '1', 38549893)]",1.0,"[('1', 38550979, '1', 38549893)]",0.0,[],0.0,[],0.0,[],[],0,{},[],1.0,1,1,0.875,high
NCIH2122_LUNG,1,8,linear,157690,13,2,"[('1', 37658699, 37638191), ('1', 31376781, 31382623), ('1', 34137441, 34134370), ('1', 31795045, 31775512), ('1', 121509570, 121483328), ('1', 121483328, 121487362), ('1', 34898790, 34883868), ('1', 31554232, 31570072), ('1', 38419716, 38438830), ('1', 121469797, 121469351), ('1', 36952322, 36953946), ('8', 127191150, 127196006), ('8', 127053708, 127032049)]","[('1', 37638191, '1', 31376781), ('1', 31382623, '1', 34137441), ('1', 34134370, '8', 127191150), ('8', 127196006, '1', 31795045), ('1', 31775512, '1', 121509570), ('1', 121483328, '1', 121483328), ('1', 121487362, '1', 34898790), ('1', 34883868, '1', 31554232), ('1', 31570072, '8', 127053708), ('8', 127032049, '1', 38419716), ('1', 38438830, '1', 121469797), ('1', 121469351, '1', 36952322), ('1', 36953946, '1', 37658699)]",0.9166666666666666,"[('1', 37638191, '1', 31376781), ('1', 31382623, '1', 34137441), ('1', 34134370, '8', 127191150), ('8', 127196006, '1', 31795045), ('1', 31775512, '1', 121509570), ('1', 121487362, '1', 34898790), ('1', 34883868, '1', 31554232), ('1', 31570072, '8', 127053708), ('8', 127032049, '1', 38419716), ('1', 38438830, '1', 121469797), ('1', 121469351, '1', 36952322)]",0.0833333333333333,"[('1', 36953946, '1', 37658699)]",0.0,[],0.0,[],[],1,{},[],0.0,0,1,0.5,high
NCIH2122_LUNG,1,9,circular,461,1,1,"[('8', 128564888, 128565348)]","[('8', 128565348, '8', 128564888)]",1.0,"[('8', 128565348, '8', 128564888)]",0.0,[],0.0,[],0.0,[],[],0,{},[],1.0,1,1,0.875,high
NCIH2122_LUNG,1,10,linear,338573,13,2,"[('1', 35011799, 35001954), ('1', 38551628, 38546797), ('1', 38236617, 38220826), ('1', 35374183, 35376461), ('1', 38879210, 38910802), ('1', 37785380, 37818785), ('8', 127708826, 127741976), ('8', 128640313, 128562050), ('8', 125545948, 125526968), ('8', 127891128, 127873710), ('8', 125563771, 125582884), ('8', 125588890, 125606913), ('8', 128420185, 128364300)]","[('1', 35001954, '8', 127708826), ('8', 127741976, '8', 128640313), ('8', 128562050, '8', 125545948), ('8', 125526968, '1', 38551628), ('1', 38546797, '1', 38236617), ('1', 38220826, '1', 35374183), ('1', 35376461, '1', 38879210), ('1', 38910802, '1', 37785380), ('1', 37818785, '8', 127891128), ('8', 127873710, '8', 125563771), ('8', 125582884, '8', 125588890), ('8', 125606913, '8', 128420185), ('8', 128364300, '1', 35011799)]",0.9230769230769232,"[('1', 35001954, '8', 127708826), ('8', 127741976, '8', 128640313), ('8', 128562050, '8', 125545948), ('8', 125526968, '1', 38551628), ('1', 38546797, '1', 38236617), ('1', 38220826, '1', 35374183), ('1', 35376461, '1', 38879210), ('1', 38910802, '1', 37785380), ('1', 37818785, '8', 127891128), ('8', 127873710, '8', 125563771), ('8', 125582884, '8', 125588890), ('8', 125606913, '8', 128420185)]",0.0769230769230769,"[('8', 128364300, '1', 35011799)]",0.0,[],0.0,[],[],0,"{'8': {'MYC': {'type': ['oncogene', ' fusion'], 'loc': ('127735434', '127741434')}}}",['MYC'],0.0,0,1,0.5,high
NCIH2122_LUNG,1,12,circular,611,1,1,"[('1', 34171028, 34171638)]","[('1', 34171638, '1', 34171028)]",1.0,"[('1', 34171638, '1', 34171028)]",0.0,[],0.0,[],0.0,[],[],0,{},[],1.0,1,1,0.875,high
NCIH2122_LUNG,1,13,linear,91602,6,2,"[('1', 36953946, 36952322), ('1', 121469351, 121469797), ('1', 38438830, 38410320), ('1', 121515891, 121501849), ('8', 128709531, 128742134), ('8', 126924614, 126910235)]","[('1', 36952322, '1', 121469351), ('1', 121469797, '1', 38438830), ('1', 38410320, '8', 128709531), ('8', 128742134, '8', 126924614), ('8', 126910235, '1', 121515891), ('1', 121501849, '1', 36953946)]",0.8333333333333334,"[('1', 36952322, '1', 121469351), ('1', 121469797, '1', 38438830), ('1', 38410320, '8', 128709531), ('8', 128742134, '8', 126924614), ('8', 126910235, '1', 121515891)]",0.1666666666666666,"[('1', 121501849, '1', 36953946)]",0.0,[],0.0,[],[],0,{},[],0.0,0,1,0.5,high
NCIH2122_LUNG,1,14,linear,96796,2,1,"[('8', 127739399, 127713044), ('8', 126823036, 126752593)]","[('8', 127713044, '8', 126823036), ('8', 126752593, '8', 127739399)]",0.5,"[('8', 127713044, '8', 126823036)]",0.5,"[('8', 126752593, '8', 127739399)]",0.0,[],0.0,[],[],0,{},[],0.0,0,1,0.5,high
NCIH2122_LUNG,1,15,linear,335592,12,2,"[('8', 127098899, 127013368), ('8', 127784646, 127783381), ('8', 127851995, 127818658), ('8', 127817048, 127798227), ('8', 128393910, 128397013), ('8', 125694762, 125687920), ('1', 38706918, 38636978), ('1', 121400365, 121411080), ('1', 38564328, 38546797), ('1', 38236617, 38220826), ('1', 35374183, 35376461), ('1', 38879210, 38949652)]","[('8', 127013368, '1', 38706918), ('1', 38636978, '8', 127784646), ('8', 127783381, '8', 127851995), ('8', 127818658, '8', 127817048), ('8', 127798227, '8', 128393910), ('8', 128397013, '1', 121400365), ('1', 121411080, '8', 125694762), ('8', 125687920, '1', 38564328), ('1', 38546797, '1', 38236617), ('1', 38220826, '1', 35374183), ('1', 35376461, '1', 38879210), ('1', 38949652, '8', 127098899)]",0.9090909090909092,"[('8', 127013368, '1', 38706918), ('1', 38636978, '8', 127784646), ('8', 127783381, '8', 127851995), ('8', 127798227, '8', 128393910), ('8', 128397013, '1', 121400365), ('1', 121411080, '8', 125694762), ('8', 125687920, '1', 38564328), ('1', 38546797, '1', 38236617), ('1', 38220826, '1', 35374183), ('1', 35376461, '1', 38879210)]",0.0909090909090909,"[('1', 38949652, '8', 127098899)]",0.0,[],0.0,[],[],1,{},[],0.0,0,1,0.5,high
NCIH2122_LUNG,1,16,circular,720,1,1,"[('1', 38704001, 38704720)]","[('1', 38704720, '1', 38704001)]",1.0,"[('1', 38704720, '1', 38704001)]",0.0,[],0.0,[],0.0,[],[],0,{},[],1.0,1,1,0.875,high
NCIH2122_LUNG,1,17,linear,69151,4,2,"[('1', 34784005, 34728544), ('1', 35004641, 35001954), ('8', 127708826, 127715329), ('8', 127514718, 127510216)]","[('1', 34728544, '1', 35004641), ('1', 35001954, '8', 127708826), ('8', 127715329, '8', 127514718), ('8', 127510216, '1', 34784005)]",0.75,"[('1', 34728544, '1', 35004641), ('1', 35001954, '8', 127708826), ('8', 127715329, '8', 127514718)]",0.25,"[('8', 127510216, '1', 34784005)]",0.0,[],0.0,[],[],0,{},[],0.0,0,1,0.5,high
NCIH2122_LUNG,1,19,linear,78454,4,1,"[('1', 121619570, 121582153), ('1', 37790265, 37781082), ('1', 37899391, 37916401), ('1', 37300946, 37286100)]","[('1', 121582153, '1', 37790265), ('1', 37781082, '1', 37899391), ('1', 37916401, '1', 37300946), ('1', 37286100, '1', 121619570)]",0.75,"[('1', 121582153, '1', 37790265), ('1', 37781082, '1', 37899391), ('1', 37916401, '1', 37300946)]",0.25,"[('1', 37286100, '1', 121619570)]",0.0,[],1.0,"[('1', 121619570)]",['High Signal Region'],0,{},[],0.0,0,2,1.0625,medium
NCIH2122_LUNG,1,21,circular,559,1,1,"[('8', 125536525, 125537083)]","[('8', 125537083, '8', 125536525)]",1.0,"[('8', 125537083, '8', 125536525)]",0.0,[],0.0,[],0.0,[],[],0,{},[],1.0,1,1,0.875,high
NCIH2122_LUNG,1,22,circular,315104,11,2,"[('1', 38276518, 38274390), ('1', 34862406, 34877426), ('1', 36939366, 36949987), ('1', 38898822, 38904689), ('1', 34166336, 34185001), ('8', 125663351, 125694927), ('8', 127928131, 127941993), ('8', 126998441, 126963211), ('8', 128466177, 128640313), ('8', 127741976, 127734352), ('8', 127731654, 127731282)]","[('1', 38274390, '8', 125663351), ('8', 125694927, '1', 34862406), ('1', 34877426, '1', 36939366), ('1', 36949987, '1', 38898822), ('1', 38904689, '1', 34166336), ('1', 34185001, '8', 127928131), ('8', 127941993, '8', 126998441), ('8', 126963211, '8', 128466177), ('8', 128640313, '8', 127741976), ('8', 127734352, '8', 127731654), ('8', 127731282, '1', 38276518)]",1.0,"[('1', 38274390, '8', 125663351), ('8', 125694927, '1', 34862406), ('1', 34877426, '1', 36939366), ('1', 36949987, '1', 38898822), ('1', 38904689, '1', 34166336), ('1', 34185001, '8', 127928131), ('8', 127941993, '8', 126998441), ('8', 126963211, '8', 128466177), ('8', 128640313, '8', 127741976), ('8', 127734352, '8', 127731654), ('8', 127731282, '1', 38276518)]",0.0,[],0.0,[],0.0,[],[],0,"{'8': {'MYC': {'type': ['oncogene', ' fusion'], 'loc': ('127735434', '127741434')}}}",['MYC'],0.0,1,1,0.5,high
NCIH2122_LUNG,1,23,circular,906,1,1,"[('8', 127512499, 127513404)]","[('8', 127513404, '8', 127512499)]",1.0,"[('8', 127513404, '8', 127512499)]",0.0,[],0.0,[],0.0,[],[],0,{},[],1.0,1,1,0.875,high
NCIH2170_LUNG,1,2,circular,2393,1,1,"[('1', 114778327, 114780719)]","[('1', 114780719, '1', 114778327)]",1.0,"[('1', 114780719, '1', 114778327)]",0.0,[],0.0,[],0.0,[],[],0,{},[],0.0,1,1,0.5,high
NCIH2170_LUNG,1,3,circular,373822,2,1,"[('1', 114781939, 114596508), ('1', 114595555, 114783946)]","[('1', 114596508, '1', 114595555), ('1', 114783946, '1', 114781939)]",1.0,"[('1', 114783946, '1', 114781939)]",0.0,[],0.0,[],0.0,[],[],1,"{'1': {'NRAS': {'type': ['oncogene'], 'loc': ('114704469', '114716894')}}}","['NRAS', 'NRAS']",0.0,1,1,0.5,high
NCIH2170_LUNG,1,4,circular,2500,1,1,"[('1', 114674685, 114677184)]","[('1', 114677184, '1', 114674685)]",1.0,"[('1', 114677184, '1', 114674685)]",0.0,[],0.0,[],0.0,[],[],0,{},[],0.0,1,1,0.5,high
NCIH2170_LUNG,1,5,circular,1187,1,1,"[('1', 114211056, 114212242)]","[('1', 114212242, '1', 114211056)]",1.0,"[('1', 114212242, '1', 114211056)]",0.0,[],0.0,[],0.0,[],[],0,{},[],0.0,1,1,0.5,high
NCIH2170_LUNG,2,2,circular,1317035,2,1,"[('8', 127530564, 128452922), ('8', 128459019, 128853694)]","[('8', 128452922, '8', 128459019), ('8', 128853694, '8', 127530564)]",1.0,"[('8', 128452922, '8', 128459019), ('8', 128853694, '8', 127530564)]",0.0,[],0.0,[],0.0,[],[],0,"{'8': {'MYC': {'type': ['oncogene', ' fusion'], 'loc': ('127735434', '127741434')}}}",['MYC'],0.0,1,1,0.5,high
NCIH2170_LUNG,2,3,circular,408569,2,2,"[('8', 127338657, 127639025), ('17', 40259507, 40151306)]","[('8', 127639025, '17', 40259507), ('17', 40151306, '8', 127338657)]",1.0,"[('8', 127639025, '17', 40259507), ('17', 40151306, '8', 127338657)]",0.0,[],0.0,[],0.0,[],[],0,{},[],0.0,1,1,0.5,high
NCIH2170_LUNG,2,4,circular,10480,1,1,"[('8', 128030604, 128041083)]","[('8', 128041083, '8', 128030604)]",1.0,"[('8', 128041083, '8', 128030604)]",0.0,[],0.0,[],0.0,[],[],0,{},[],0.0,1,1,0.5,high
NCIH2170_LUNG,2,5,circular,5617,1,1,"[('8', 127915900, 127921516)]","[('8', 127921516, '8', 127915900)]",1.0,"[('8', 127921516, '8', 127915900)]",0.0,[],0.0,[],0.0,[],[],0,{},[],0.0,1,1,0.5,high
NCIH2170_LUNG,2,6,circular,6865,1,1,"[('8', 127888347, 127895211)]","[('8', 127895211, '8', 127888347)]",1.0,"[('8', 127895211, '8', 127888347)]",0.0,[],0.0,[],0.0,[],[],0,{},[],0.0,1,1,0.5,high
NCIH2170_LUNG,2,7,circular,3816,1,1,"[('8', 127750726, 127754541)]","[('8', 127754541, '8', 127750726)]",1.0,"[('8', 127754541, '8', 127750726)]",0.0,[],0.0,[],0.0,[],[],0,{},[],0.0,1,1,0.5,high
NCIH2170_LUNG,2,8,circular,15306,1,1,"[('8', 127657767, 127673072)]","[('8', 127673072, '8', 127657767)]",1.0,"[('8', 127673072, '8', 127657767)]",0.0,[],0.0,[],0.0,[],[],0,{},[],0.0,1,1,0.5,high
NCIH2170_LUNG,2,9,circular,11206,1,1,"[('8', 127985534, 127996739)]","[('8', 127996739, '8', 127985534)]",1.0,"[('8', 127996739, '8', 127985534)]",0.0,[],0.0,[],0.0,[],[],0,{},[],0.0,1,1,0.5,high
NCIH2170_LUNG,2,10,circular,6336,1,1,"[('8', 127908800, 127915135)]","[('8', 127915135, '8', 127908800)]",1.0,"[('8', 127915135, '8', 127908800)]",0.0,[],0.0,[],0.0,[],[],0,{},[],0.0,1,1,0.5,high
NCIH2170_LUNG,2,11,circular,8318,1,1,"[('8', 127872832, 127881149)]","[('8', 127881149, '8', 127872832)]",1.0,"[('8', 127881149, '8', 127872832)]",0.0,[],0.0,[],0.0,[],[],0,{},[],0.0,1,1,0.5,high
NCIH2170_LUNG,2,12,circular,4901,1,1,"[('8', 127863372, 127868272)]","[('8', 127868272, '8', 127863372)]",1.0,"[('8', 127868272, '8', 127863372)]",0.0,[],0.0,[],0.0,[],[],0,{},[],0.0,1,1,0.5,high
NCIH2170_LUNG,2,13,circular,8265,1,1,"[('8', 127684224, 127692488)]","[('8', 127692488, '8', 127684224)]",1.0,"[('8', 127692488, '8', 127684224)]",0.0,[],0.0,[],0.0,[],[],0,{},[],0.0,1,1,0.5,high
NCIH2170_LUNG,2,14,circular,17442,1,1,"[('8', 127937811, 127955252)]","[('8', 127955252, '8', 127937811)]",1.0,"[('8', 127955252, '8', 127937811)]",0.0,[],0.0,[],0.0,[],[],0,{},[],0.0,1,1,0.5,high
NCIH2170_LUNG,2,15,circular,4072,1,1,"[('8', 128150180, 128154251)]","[('8', 128154251, '8', 128150180)]",1.0,"[('8', 128154251, '8', 128150180)]",0.0,[],0.0,[],0.0,[],[],0,{},[],0.0,1,1,0.5,high
NCIH2170_LUNG,2,16,circular,5228,1,1,"[('8', 128015997, 128021224)]","[('8', 128021224, '8', 128015997)]",1.0,"[('8', 128021224, '8', 128015997)]",0.0,[],0.0,[],0.0,[],[],0,{},[],0.0,1,1,0.5,high
NCIH2170_LUNG,2,17,circular,7764,1,1,"[('8', 128120191, 128127954)]","[('8', 128127954, '8', 128120191)]",1.0,"[('8', 128127954, '8', 128120191)]",0.0,[],0.0,[],0.0,[],[],0,{},[],0.0,1,1,0.5,high
NCIH2170_LUNG,2,18,circular,13733,1,1,"[('8', 127959861, 127973593)]","[('8', 127973593, '8', 127959861)]",1.0,"[('8', 127973593, '8', 127959861)]",0.0,[],0.0,[],0.0,[],[],0,{},[],0.0,1,1,0.5,high
NCIH2170_LUNG,2,19,circular,13705,1,1,"[('8', 128094114, 128107818)]","[('8', 128107818, '8', 128094114)]",1.0,"[('8', 128107818, '8', 128094114)]",0.0,[],0.0,[],0.0,[],[],0,{},[],0.0,1,1,0.5,high
NCIH2170_LUNG,2,20,circular,13928,1,1,"[('8', 128079496, 128093423)]","[('8', 128093423, '8', 128079496)]",1.0,"[('8', 128093423, '8', 128079496)]",0.0,[],0.0,[],0.0,[],[],0,{},[],0.0,1,1,0.5,high
NCIH2170_LUNG,2,21,circular,9417,1,1,"[('8', 127693315, 127702731)]","[('8', 127702731, '8', 127693315)]",1.0,"[('8', 127702731, '8', 127693315)]",0.0,[],0.0,[],0.0,[],[],0,{},[],0.0,1,1,0.5,high
NCIH2170_LUNG,2,22,circular,13075,1,1,"[('8', 127922681, 127935755)]","[('8', 127935755, '8', 127922681)]",1.0,"[('8', 127935755, '8', 127922681)]",0.0,[],0.0,[],0.0,[],[],0,{},[],0.0,1,1,0.5,high
NCIH2170_LUNG,2,23,circular,4648,1,1,"[('8', 128797516, 128802163)]","[('8', 128802163, '8', 128797516)]",1.0,"[('8', 128802163, '8', 128797516)]",0.0,[],0.0,[],0.0,[],[],0,{},[],0.0,1,1,0.5,high
NCIH2170_LUNG,2,24,circular,8995,1,1,"[('8', 127674130, 127683124)]","[('8', 127683124, '8', 127674130)]",1.0,"[('8', 127683124, '8', 127674130)]",0.0,[],0.0,[],0.0,[],[],0,{},[],0.0,1,1,0.5,high
NCIH2170_LUNG,2,25,circular,8048,1,1,"[('8', 127732716, 127740763)]","[('8', 127740763, '8', 127732716)]",1.0,"[('8', 127740763, '8', 127732716)]",0.0,[],0.0,[],0.0,[],[],0,{},[],0.0,1,1,0.5,high
NCIH2170_LUNG,2,26,circular,21945,1,1,"[('8', 128158587, 128180531)]","[('8', 128180531, '8', 128158587)]",1.0,"[('8', 128180531, '8', 128158587)]",0.0,[],0.0,[],0.0,[],[],0,{},[],0.0,1,1,0.5,high
NCIH2170_LUNG,2,27,circular,7307,1,1,"[('8', 127900687, 127907993)]","[('8', 127907993, '8', 127900687)]",1.0,"[('8', 127907993, '8', 127900687)]",0.0,[],0.0,[],0.0,[],[],0,{},[],0.0,1,1,0.5,high
NCIH2170_LUNG,2,28,circular,9633,1,1,"[('8', 128061369, 128071001)]","[('8', 128071001, '8', 128061369)]",1.0,"[('8', 128071001, '8', 128061369)]",0.0,[],0.0,[],0.0,[],[],0,{},[],0.0,1,1,0.5,high
NCIH2170_LUNG,2,29,circular,16243,1,1,"[('8', 128044445, 128060687)]","[('8', 128060687, '8', 128044445)]",1.0,"[('8', 128060687, '8', 128044445)]",0.0,[],0.0,[],0.0,[],[],0,{},[],0.0,1,1,0.5,high
NCIH2170_LUNG,2,30,circular,8625,1,1,"[('8', 127821994, 127830618)]","[('8', 127830618, '8', 127821994)]",1.0,"[('8', 127830618, '8', 127821994)]",0.0,[],0.0,[],0.0,[],[],0,{},[],0.0,1,1,0.5,high
NCIH2170_LUNG,2,31,circular,17228,1,1,"[('8', 128311274, 128328501)]","[('8', 128328501, '8', 128311274)]",1.0,"[('8', 128328501, '8', 128311274)]",0.0,[],0.0,[],0.0,[],[],0,{},[],0.0,1,1,0.5,high
NCIH2170_LUNG,2,32,circular,11157,1,1,"[('17', 39669526, 39680682)]","[('17', 39680682, '17', 39669526)]",1.0,"[('17', 39680682, '17', 39669526)]",0.0,[],0.0,[],0.0,[],[],0,{},[],0.0,1,1,0.5,high
NCIH2170_LUNG,2,33,circular,20474,1,1,"[('8', 127586312, 127606785)]","[('8', 127606785, '8', 127586312)]",1.0,"[('8', 127606785, '8', 127586312)]",0.0,[],0.0,[],0.0,[],[],0,{},[],0.0,1,1,0.5,high
NCIH2170_LUNG,2,34,circular,3753,1,1,"[('17', 39663958, 39667710)]","[('17', 39667710, '17', 39663958)]",1.0,"[('17', 39667710, '17', 39663958)]",0.0,[],0.0,[],0.0,[],[],0,{},[],0.0,1,1,0.5,high
NCIH2170_LUNG,2,35,circular,11587,1,1,"[('8', 127566937, 127578523)]","[('8', 127578523, '8', 127566937)]",1.0,"[('8', 127578523, '8', 127566937)]",0.0,[],0.0,[],0.0,[],[],0,{},[],0.0,1,1,0.5,high
NCIH2170_LUNG,2,36,circular,9454,1,1,"[('17', 39701036, 39710489)]","[('17', 39710489, '17', 39701036)]",1.0,"[('17', 39710489, '17', 39701036)]",0.0,[],0.0,[],0.0,[],[],0,{},[],0.0,1,1,0.5,high
NCIH2170_LUNG,2,37,circular,14840,1,1,"[('8', 128329169, 128344008)]","[('8', 128344008, '8', 128329169)]",1.0,"[('8', 128344008, '8', 128329169)]",0.0,[],0.0,[],0.0,[],[],0,{},[],0.0,1,1,0.5,high
NCIH2170_LUNG,2,38,circular,15568,1,1,"[('8', 127999061, 128014628)]","[('8', 128014628, '8', 127999061)]",1.0,"[('8', 128014628, '8', 127999061)]",0.0,[],0.0,[],0.0,[],[],0,{},[],0.0,1,1,0.5,high
NCIH2170_LUNG,2,39,circular,3789,1,1,"[('17', 39726694, 39730482)]","[('17', 39730482, '17', 39726694)]",1.0,"[('17', 39730482, '17', 39726694)]",0.0,[],0.0,[],0.0,[],[],0,{},[],0.0,1,1,0.5,high
NCIH2170_LUNG,2,40,circular,25879,1,1,"[('8', 128181262, 128207140)]","[('8', 128207140, '8', 128181262)]",1.0,"[('8', 128207140, '8', 128181262)]",0.0,[],0.0,[],0.0,[],[],0,{},[],0.0,1,1,0.5,high
NCIH2170_LUNG,2,41,circular,9972,1,1,"[('8', 127556145, 127566116)]","[('8', 127566116, '8', 127556145)]",1.0,"[('8', 127566116, '8', 127556145)]",0.0,[],0.0,[],0.0,[],[],0,{},[],0.0,1,1,0.5,high
NCIH2170_LUNG,2,42,circular,6482,1,1,"[('8', 128275731, 128282212)]","[('8', 128282212, '8', 128275731)]",1.0,"[('8', 128282212, '8', 128275731)]",0.0,[],0.0,[],0.0,[],[],0,{},[],0.0,1,1,0.5,high
NCIH2170_LUNG,2,43,circular,17187,1,1,"[('8', 127638671, 127655857)]","[('8', 127655857, '8', 127638671)]",1.0,"[('8', 127655857, '8', 127638671)]",0.0,[],0.0,[],0.0,[],[],0,{},[],0.0,1,1,0.5,high
NCIH2170_LUNG,2,44,circular,25694,1,1,"[('8', 128361910, 128387603)]","[('8', 128387603, '8', 128361910)]",1.0,"[('8', 128387603, '8', 128361910)]",0.0,[],0.0,[],0.0,[],[],0,{},[],0.0,1,1,0.5,high
NCIH2170_LUNG,2,45,circular,7704,1,1,"[('8', 127706375, 127714078)]","[('8', 127714078, '8', 127706375)]",1.0,"[('8', 127714078, '8', 127706375)]",0.0,[],0.0,[],0.0,[],[],0,{},[],0.0,1,1,0.5,high
NCIH2170_LUNG,2,46,circular,9786,1,1,"[('8', 128548832, 128558617)]","[('8', 128558617, '8', 128548832)]",1.0,"[('8', 128558617, '8', 128548832)]",0.0,[],0.0,[],0.0,[],[],0,{},[],0.0,1,1,0.5,high
NCIH2170_LUNG,2,47,circular,5106,1,1,"[('8', 128655819, 128660924)]","[('8', 128660924, '8', 128655819)]",1.0,"[('8', 128660924, '8', 128655819)]",0.0,[],0.0,[],0.0,[],[],0,{},[],0.0,1,1,0.5,high
NCIH2170_LUNG,2,48,circular,5778,1,1,"[('8', 128618518, 128624295)]","[('8', 128624295, '8', 128618518)]",1.0,"[('8', 128624295, '8', 128618518)]",0.0,[],0.0,[],0.0,[],[],0,{},[],0.0,1,1,0.5,high
NCIH2170_LUNG,2,49,circular,4875,1,1,"[('17', 40306320, 40311194)]","[('17', 40311194, '17', 40306320)]",1.0,"[('17', 40311194, '17', 40306320)]",0.0,[],0.0,[],0.0,[],[],0,{},[],0.0,1,1,0.5,high
NCIH2170_LUNG,2,50,circular,2828,1,1,"[('8', 128427674, 128430501)]","[('8', 128430501, '8', 128427674)]",1.0,"[('8', 128430501, '8', 128427674)]",0.0,[],0.0,[],0.0,[],[],0,{},[],0.0,1,1,0.5,high
NCIH2170_LUNG,2,51,circular,17044,1,1,"[('8', 128129294, 128146337)]","[('8', 128146337, '8', 128129294)]",1.0,"[('8', 128146337, '8', 128129294)]",0.0,[],0.0,[],0.0,[],[],0,{},[],0.0,1,1,0.5,high
NCIH2170_LUNG,2,52,circular,5903,1,1,"[('17', 39753968, 39759870)]","[('17', 39759870, '17', 39753968)]",1.0,"[('17', 39759870, '17', 39753968)]",0.0,[],0.0,[],0.0,[],[],0,{},[],0.0,1,1,0.5,high
NCIH2170_LUNG,2,53,circular,14851,1,1,"[('8', 128781971, 128796821)]","[('8', 128796821, '8', 128781971)]",1.0,"[('8', 128796821, '8', 128781971)]",0.0,[],0.0,[],0.0,[],[],0,{},[],0.0,1,1,0.5,high
NCIH2170_LUNG,2,54,circular,5622,1,1,"[('8', 128295587, 128301208)]","[('8', 128301208, '8', 128295587)]",1.0,"[('8', 128301208, '8', 128295587)]",0.0,[],0.0,[],0.0,[],[],0,{},[],0.0,1,1,0.5,high
NCIH2170_LUNG,2,55,circular,6584,1,1,"[('8', 127724915, 127731498)]","[('8', 127731498, '8', 127724915)]",1.0,"[('8', 127731498, '8', 127724915)]",0.0,[],0.0,[],0.0,[],[],0,{},[],0.0,1,1,0.5,high
NCIH2170_LUNG,2,56,circular,5553,1,1,"[('8', 127624194, 127629746)]","[('8', 127629746, '8', 127624194)]",1.0,"[('8', 127629746, '8', 127624194)]",0.0,[],0.0,[],0.0,[],[],0,{},[],0.0,1,1,0.5,high
NCIH2170_LUNG,2,57,circular,13638,1,1,"[('17', 39735855, 39749492)]","[('17', 39749492, '17', 39735855)]",1.0,"[('17', 39749492, '17', 39735855)]",0.0,[],0.0,[],0.0,[],[],0,{},[],0.0,1,1,0.5,high
NCIH2170_LUNG,2,58,circular,13328,1,1,"[('8', 127542023, 127555350)]","[('8', 127555350, '8', 127542023)]",1.0,"[('8', 127555350, '8', 127542023)]",0.0,[],0.0,[],0.0,[],[],0,{},[],0.0,1,1,0.5,high
NCIH2170_LUNG,2,59,circular,9951,1,1,"[('8', 127530842, 127540792)]","[('8', 127540792, '8', 127530842)]",1.0,"[('8', 127540792, '8', 127530842)]",0.0,[],0.0,[],0.0,[],[],0,{},[],0.0,1,1,0.5,high
NCIH2170_LUNG,2,60,circular,4076,1,1,"[('8', 127412858, 127416933)]","[('8', 127416933, '8', 127412858)]",1.0,"[('8', 127416933, '8', 127412858)]",0.0,[],0.0,[],0.0,[],[],0,{},[],0.0,1,1,0.5,high
NCIH2170_LUNG,2,61,circular,1648,1,1,"[('17', 40302805, 40304452)]","[('17', 40304452, '17', 40302805)]",1.0,"[('17', 40304452, '17', 40302805)]",0.0,[],0.0,[],0.0,[],[],0,{},[],0.0,1,1,0.5,high
NCIH2170_LUNG,2,62,circular,8487,1,1,"[('8', 128478415, 128486901)]","[('8', 128486901, '8', 128478415)]",1.0,"[('8', 128486901, '8', 128478415)]",0.0,[],0.0,[],0.0,[],[],0,{},[],0.0,1,1,0.5,high
NCIH2170_LUNG,2,63,circular,2125,1,1,"[('8', 127034670, 127036794)]","[('8', 127036794, '8', 127034670)]",1.0,"[('8', 127036794, '8', 127034670)]",0.0,[],0.0,[],0.0,[],[],0,{},[],0.0,1,1,0.5,high
NCIH2170_LUNG,2,64,circular,12004,1,1,"[('8', 128495732, 128507735)]","[('8', 128507735, '8', 128495732)]",1.0,"[('8', 128507735, '8', 128495732)]",0.0,[],0.0,[],0.0,[],[],0,{},[],0.0,1,1,0.5,high
NCIH2170_LUNG,2,65,circular,10880,1,1,"[('8', 127394073, 127404952)]","[('8', 127404952, '8', 127394073)]",1.0,"[('8', 127404952, '8', 127394073)]",0.0,[],0.0,[],0.0,[],[],0,{},[],0.0,1,1,0.5,high
NCIH2170_LUNG,2,66,circular,5288,1,1,"[('17', 39762054, 39767341)]","[('17', 39767341, '17', 39762054)]",1.0,"[('17', 39767341, '17', 39762054)]",0.0,[],0.0,[],0.0,[],[],0,{},[],0.0,1,1,0.5,high
NCIH2170_LUNG,2,67,circular,29752,1,1,"[('8', 128388304, 128418055)]","[('8', 128418055, '8', 128388304)]",1.0,"[('8', 128418055, '8', 128388304)]",0.0,[],0.0,[],0.0,[],[],0,{},[],0.0,1,1,0.5,high
NCIH2170_LUNG,2,68,circular,14177,1,1,"[('8', 128212528, 128226704)]","[('8', 128226704, '8', 128212528)]",1.0,"[('8', 128226704, '8', 128212528)]",0.0,[],0.0,[],0.0,[],[],0,{},[],0.0,1,1,0.5,high
NCIH2170_LUNG,2,69,circular,10705,1,1,"[('8', 128350122, 128360826)]","[('8', 128360826, '8', 128350122)]",1.0,"[('8', 128360826, '8', 128350122)]",0.0,[],0.0,[],0.0,[],[],0,{},[],0.0,1,1,0.5,high
NCIH2170_LUNG,2,70,circular,4588,1,1,"[('8', 126949764, 126954351)]","[('8', 126954351, '8', 126949764)]",1.0,"[('8', 126954351, '8', 126949764)]",0.0,[],0.0,[],0.0,[],[],0,{},[],0.0,1,1,0.5,high
NCIH2170_LUNG,2,71,circular,8096,1,1,"[('8', 128418816, 128426911)]","[('8', 128426911, '8', 128418816)]",1.0,"[('8', 128426911, '8', 128418816)]",0.0,[],0.0,[],0.0,[],[],0,{},[],0.0,1,1,0.5,high
NCIH2170_LUNG,2,72,circular,15707,1,1,"[('8', 128259024, 128274730)]","[('8', 128274730, '8', 128259024)]",1.0,"[('8', 128274730, '8', 128259024)]",0.0,[],0.0,[],0.0,[],[],0,{},[],0.0,1,1,0.5,high
NCIH2170_LUNG,2,73,circular,6688,1,1,"[('8', 128699831, 128706518)]","[('8', 128706518, '8', 128699831)]",1.0,"[('8', 128706518, '8', 128699831)]",0.0,[],0.0,[],0.0,[],[],0,{},[],0.0,1,1,0.5,high
NCIH2170_LUNG,2,74,circular,9456,1,1,"[('8', 128559886, 128569341)]","[('8', 128569341, '8', 128559886)]",1.0,"[('8', 128569341, '8', 128559886)]",0.0,[],0.0,[],0.0,[],[],0,{},[],0.0,1,1,0.5,high
NCIH2170_LUNG,2,75,circular,26543,1,1,"[('8', 128227456, 128253998)]","[('8', 128253998, '8', 128227456)]",1.0,"[('8', 128253998, '8', 128227456)]",0.0,[],0.0,[],0.0,[],[],0,{},[],0.0,1,1,0.5,high
NCIH2170_LUNG,2,76,circular,8454,1,1,"[('8', 127443815, 127452268)]","[('8', 127452268, '8', 127443815)]",1.0,"[('8', 127452268, '8', 127443815)]",0.0,[],0.0,[],0.0,[],[],0,{},[],0.0,1,1,0.5,high
NCIH2170_LUNG,2,77,circular,9890,1,1,"[('8', 128842365, 128852254)]","[('8', 128852254, '8', 128842365)]",1.0,"[('8', 128852254, '8', 128842365)]",0.0,[],0.0,[],0.0,[],[],0,{},[],0.0,1,1,0.5,high
NCIH2170_LUNG,2,78,circular,10754,1,1,"[('8', 127489956, 127500709)]","[('8', 127500709, '8', 127489956)]",1.0,"[('8', 127500709, '8', 127489956)]",0.0,[],0.0,[],0.0,[],[],0,{},[],0.0,1,1,0.5,high
NCIH2170_LUNG,2,79,circular,8006,1,1,"[('8', 128831168, 128839173)]","[('8', 128839173, '8', 128831168)]",1.0,"[('8', 128839173, '8', 128831168)]",0.0,[],0.0,[],0.0,[],[],0,{},[],0.0,1,1,0.5,high
NCIH2170_LUNG,2,80,circular,5522,1,1,"[('8', 128625066, 128630587)]","[('8', 128630587, '8', 128625066)]",1.0,"[('8', 128630587, '8', 128625066)]",0.0,[],0.0,[],0.0,[],[],0,{},[],0.0,1,1,0.5,high
NCIH2170_LUNG,2,81,circular,3712,1,1,"[('17', 39834038, 39837749)]","[('17', 39837749, '17', 39834038)]",1.0,"[('17', 39837749, '17', 39834038)]",0.0,[],0.0,[],0.0,[],[],0,{},[],0.0,1,1,0.5,high
NCIH2170_LUNG,2,82,circular,10480,1,1,"[('8', 128516295, 128526774)]","[('8', 128526774, '8', 128516295)]",1.0,"[('8', 128526774, '8', 128516295)]",0.0,[],0.0,[],0.0,[],[],0,{},[],0.0,1,1,0.5,high
NCIH2170_LUNG,2,83,circular,6380,1,1,"[('8', 127421986, 127428365)]","[('8', 127428365, '8', 127421986)]",1.0,"[('8', 127428365, '8', 127421986)]",0.0,[],0.0,[],0.0,[],[],0,{},[],0.0,1,1,0.5,high
NCIH2170_LUNG,2,84,circular,14052,1,1,"[('8', 128534016, 128548067)]","[('8', 128548067, '8', 128534016)]",1.0,"[('8', 128548067, '8', 128534016)]",0.0,[],0.0,[],0.0,[],[],0,{},[],0.0,1,1,0.5,high
NCIH2170_LUNG,2,85,circular,7544,1,1,"[('8', 127478259, 127485802)]","[('8', 127485802, '8', 127478259)]",1.0,"[('8', 127485802, '8', 127478259)]",0.0,[],0.0,[],0.0,[],[],0,{},[],0.0,1,1,0.5,high
NCIH2171_LUNG,1,1,linear,194106,1,1,"[('5', 46100000, 45905893)]","[('5', 45905893, '5', 46100000)]",0.0,[],1.0,"[('5', 45905893, '5', 46100000)]",0.0,[],0.0,[],[],0,{},[],0.0,0,0,1.5,medium
NCIH2171_LUNG,2,2,circular,1105,1,1,"[('8', 62614203, 62615307)]","[('8', 62615307, '8', 62614203)]",1.0,"[('8', 62615307, '8', 62614203)]",0.0,[],0.0,[],0.0,[],[],0,{},[],1.0,1,1,0.875,high
NCIH2171_LUNG,2,3,circular,1576,1,1,"[('8', 126832420, 126833995)]","[('8', 126833995, '8', 126832420)]",1.0,"[('8', 126833995, '8', 126832420)]",0.0,[],0.0,[],0.0,[],[],0,{},[],0.0,1,1,0.5,high
NCIH2171_LUNG,2,4,circular,1192,1,1,"[('8', 126641544, 126642735)]","[('8', 126642735, '8', 126641544)]",1.0,"[('8', 126642735, '8', 126641544)]",0.0,[],0.0,[],0.0,[],[],0,{},[],0.0,1,1,0.5,high
NCIH2171_LUNG,2,5,circular,1531,1,1,"[('8', 60992591, 60994121)]","[('8', 60994121, '8', 60992591)]",1.0,"[('8', 60994121, '8', 60992591)]",0.0,[],0.0,[],0.0,[],[],0,{},[],0.0,1,1,0.5,high
NCIH2171_LUNG,2,6,circular,1586,1,1,"[('8', 60921261, 60922846)]","[('8', 60922846, '8', 60921261)]",1.0,"[('8', 60922846, '8', 60921261)]",0.0,[],0.0,[],0.0,[],[],0,{},[],0.0,1,1,0.5,high
NCIH2171_LUNG,2,8,circular,934,1,1,"[('8', 127388498, 127389431)]","[('8', 127389431, '8', 127388498)]",1.0,"[('8', 127389431, '8', 127388498)]",0.0,[],0.0,[],0.0,[],[],0,{},[],1.0,1,1,0.875,high
NCIH2171_LUNG,2,9,linear,224698,1,1,"[('12', 8663099, 8438400)]","[('12', 8438400, '12', 8663099)]",0.0,[],1.0,"[('12', 8438400, '12', 8663099)]",0.0,[],0.0,[],[],0,{},[],0.0,0,0,1.5,medium
NCIH2171_LUNG,2,11,circular,1181,1,1,"[('8', 60791497, 60792677)]","[('8', 60792677, '8', 60791497)]",1.0,"[('8', 60792677, '8', 60791497)]",0.0,[],0.0,[],0.0,[],[],0,{},[],0.0,1,1,0.5,high
NCIH2171_LUNG,2,12,circular,936,1,1,"[('12', 27920740, 27921675)]","[('12', 27921675, '12', 27920740)]",1.0,"[('12', 27921675, '12', 27920740)]",0.0,[],0.0,[],0.0,[],[],0,{},[],1.0,1,1,0.875,high
NCIH2171_LUNG,2,13,circular,1624,1,1,"[('8', 61070278, 61071901)]","[('8', 61071901, '8', 61070278)]",1.0,"[('8', 61071901, '8', 61070278)]",0.0,[],0.0,[],0.0,[],[],0,{},[],0.0,1,1,0.5,high
NCIH2171_LUNG,2,14,circular,838,1,1,"[('8', 127933488, 127934325)]","[('8', 127934325, '8', 127933488)]",1.0,"[('8', 127934325, '8', 127933488)]",0.0,[],0.0,[],0.0,[],[],0,{},[],1.0,1,1,0.875,high
NCIH2171_LUNG,2,15,circular,2984,1,1,"[('8', 61042424, 61045407)]","[('8', 61045407, '8', 61042424)]",1.0,"[('8', 61045407, '8', 61042424)]",0.0,[],0.0,[],0.0,[],[],0,{},[],0.0,1,1,0.5,high
NCIH2171_LUNG,2,16,circular,2612,1,1,"[('8', 127872827, 127875438)]","[('8', 127875438, '8', 127872827)]",1.0,"[('8', 127875438, '8', 127872827)]",0.0,[],0.0,[],0.0,[],[],0,{},[],0.0,1,1,0.5,high
NCIH2171_LUNG,2,18,circular,567,1,1,"[('8', 127552621, 127553187)]","[('8', 127553187, '8', 127552621)]",1.0,"[('8', 127553187, '8', 127552621)]",0.0,[],0.0,[],0.0,[],[],0,{},[],1.0,1,1,0.875,high
NCIH2171_LUNG,2,19,circular,1690644,3,1,"[('8', 127941248, 127716473), ('8', 60989515, 62210735), ('8', 61026880, 60782230)]","[('8', 127716473, '8', 60989515), ('8', 62210735, '8', 61026880), ('8', 60782230, '8', 127941248)]",1.0,"[('8', 127716473, '8', 60989515), ('8', 62210735, '8', 61026880), ('8', 60782230, '8', 127941248)]",0.0,[],0.0,[],0.0,[],[],0,"{'8': {'MYC': {'type': ['oncogene', ' fusion'], 'loc': ('127735434', '127741434')}}}",['MYC'],0.0,1,1,0.5,high
NCIH2171_LUNG,2,20,circular,7511,1,1,"[('12', 6657025, 6664535)]","[('12', 6664535, '12', 6657025)]",1.0,"[('12', 6664535, '12', 6657025)]",0.0,[],0.0,[],0.0,[],[],0,{},[],0.0,1,1,0.5,high
NCIH2171_LUNG,2,21,circular,590,1,1,"[('12', 6639797, 6640386)]","[('12', 6640386, '12', 6639797)]",1.0,"[('12', 6640386, '12', 6639797)]",0.0,[],0.0,[],0.0,[],[],0,{},[],1.0,1,1,0.875,high
NCIH2171_LUNG,2,22,circular,2057,1,1,"[('8', 126772380, 126774436)]","[('8', 126774436, '8', 126772380)]",1.0,"[('8', 126774436, '8', 126772380)]",0.0,[],0.0,[],0.0,[],[],0,{},[],0.0,1,1,0.5,high
NCIH2171_LUNG,2,23,circular,143550,2,1,"[('8', 126860787, 126940776), ('8', 127405884, 127342323)]","[('8', 126940776, '8', 127405884), ('8', 127342323, '8', 126860787)]",1.0,"[('8', 126940776, '8', 127405884), ('8', 127342323, '8', 126860787)]",0.0,[],0.0,[],0.0,[],[],0,{},[],0.0,1,1,0.5,high
NCIH2171_LUNG,2,26,circular,767,1,1,"[('8', 61075008, 61075774)]","[('8', 61075774, '8', 61075008)]",1.0,"[('8', 61075774, '8', 61075008)]",0.0,[],0.0,[],0.0,[],[],0,{},[],1.0,1,1,0.875,high
NCIH2171_LUNG,2,27,circular,1420,1,1,"[('8', 61694680, 61696099)]","[('8', 61696099, '8', 61694680)]",1.0,"[('8', 61696099, '8', 61694680)]",0.0,[],0.0,[],0.0,[],[],0,{},[],0.0,1,1,0.5,high
NCIH2171_LUNG,2,28,linear,790560,5,2,"[('14', 22921786, 22640003), ('14', 22638794, 22638680), ('14', 22636223, 22210630), ('14', 20574354, 20573799), ('8', 127394381, 127476899)]","[('14', 22640003, '14', 22638794), ('14', 22638680, '14', 22636223), ('14', 22210630, '14', 20574354), ('14', 20573799, '8', 127394381), ('8', 127476899, '14', 22921786)]",0.75,"[('14', 22638680, '14', 22636223), ('14', 22210630, '14', 20574354), ('14', 20573799, '8', 127394381)]",0.25,"[('8', 127476899, '14', 22921786)]",0.0,[],0.0,[],[],1,{},[],0.0,0,1,0.5,high
NCIH2171_LUNG,2,29,circular,1698,1,1,"[('8', 126896972, 126898669)]","[('8', 126898669, '8', 126896972)]",1.0,"[('8', 126898669, '8', 126896972)]",0.0,[],0.0,[],0.0,[],[],0,{},[],0.0,1,1,0.5,high
NCIH2171_LUNG,2,30,circular,466,1,1,"[('8', 127628123, 127628588)]","[('8', 127628588, '8', 127628123)]",1.0,"[('8', 127628588, '8', 127628123)]",0.0,[],0.0,[],0.0,[],[],0,{},[],1.0,1,1,0.875,high
NCIH2171_LUNG,2,31,circular,2401,1,1,"[('8', 127892400, 127894800)]","[('8', 127894800, '8', 127892400)]",1.0,"[('8', 127894800, '8', 127892400)]",0.0,[],0.0,[],0.0,[],[],0,{},[],0.0,1,1,0.5,high
NCIH2171_LUNG,2,32,circular,1361,1,1,"[('8', 127160161, 127161521)]","[('8', 127161521, '8', 127160161)]",1.0,"[('8', 127161521, '8', 127160161)]",0.0,[],0.0,[],0.0,[],[],0,{},[],0.0,1,1,0.5,high
NCIH2171_LUNG,2,34,circular,1637541,2,1,"[('12', 5701892, 7083649), ('12', 7084650, 7340432)]","[('12', 7083649, '12', 7084650), ('12', 7340432, '12', 5701892)]",1.0,"[('12', 7340432, '12', 5701892)]",0.0,[],0.0,[],0.0,[],[],1,"{'12': {'CHD4': {'type': ['oncogene'], 'loc': ('6570082', '6614524')}, 'PTPN6': {'type': ['TSG'], 'loc': ('6946468', '6961316')}, 'ZNF384': {'type': ['fusion'], 'loc': ('6666477', '6689572')}}}","['CHD4', 'PTPN6', 'ZNF384']",0.0,1,1,0.5,high
NCIH2171_LUNG,2,35,circular,2185,1,1,"[('8', 127693244, 127695428)]","[('8', 127695428, '8', 127693244)]",1.0,"[('8', 127695428, '8', 127693244)]",0.0,[],0.0,[],0.0,[],[],0,{},[],0.0,1,1,0.5,high
NCIH2171_LUNG,2,36,circular,1704,1,1,"[('8', 61011951, 61013654)]","[('8', 61013654, '8', 61011951)]",1.0,"[('8', 61013654, '8', 61011951)]",0.0,[],0.0,[],0.0,[],[],0,{},[],0.0,1,1,0.5,high
NCIH2171_LUNG,2,37,circular,421,1,1,"[('14', 22710466, 22710886)]","[('14', 22710886, '14', 22710466)]",1.0,"[('14', 22710886, '14', 22710466)]",0.0,[],0.0,[],0.0,[],[],0,{},[],1.0,1,1,0.875,high
NCIH2171_LUNG,2,38,circular,2386,1,1,"[('8', 127406912, 127409297)]","[('8', 127409297, '8', 127406912)]",1.0,"[('8', 127409297, '8', 127406912)]",0.0,[],0.0,[],0.0,[],[],0,{},[],0.0,1,1,0.5,high
NCIH2171_LUNG,2,39,circular,432,1,1,"[('11', 86128920, 86129351)]","[('11', 86129351, '11', 86128920)]",1.0,"[('11', 86129351, '11', 86128920)]",0.0,[],0.0,[],0.0,[],[],0,{},[],1.0,1,1,0.875,high
NCIH2171_LUNG,2,40,linear,10419,1,1,"[('14', 21017255, 21006835)]","[('14', 21006835, '14', 21017255)]",0.0,[],1.0,"[('14', 21006835, '14', 21017255)]",0.0,[],0.0,[],[],0,{},[],0.0,0,0,1.5,medium
NCIH2171_LUNG,2,41,circular,558,1,1,"[('12', 28801411, 28801968)]","[('12', 28801968, '12', 28801411)]",1.0,"[('12', 28801968, '12', 28801411)]",0.0,[],0.0,[],0.0,[],[],0,{},[],1.0,1,1,0.875,high
NCIH2171_LUNG,2,42,circular,1957,1,1,"[('8', 61015177, 61017133)]","[('8', 61017133, '8', 61015177)]",1.0,"[('8', 61017133, '8', 61015177)]",0.0,[],0.0,[],0.0,[],[],0,{},[],0.0,1,1,0.5,high
NCIH2171_LUNG,2,43,circular,721,1,1,"[('8', 62431924, 62432644)]","[('8', 62432644, '8', 62431924)]",1.0,"[('8', 62432644, '8', 62431924)]",0.0,[],0.0,[],0.0,[],[],0,{},[],1.0,1,1,0.875,high
NCIH2171_LUNG,2,44,circular,1363,1,1,"[('8', 126786020, 126787382)]","[('8', 126787382, '8', 126786020)]",1.0,"[('8', 126787382, '8', 126786020)]",0.0,[],0.0,[],0.0,[],[],0,{},[],0.0,1,1,0.5,high
NCIH2171_LUNG,2,45,circular,2123,1,1,"[('8', 60849562, 60851684)]","[('8', 60851684, '8', 60849562)]",1.0,"[('8', 60851684, '8', 60849562)]",0.0,[],0.0,[],0.0,[],[],0,{},[],0.0,1,1,0.5,high
NCIH2171_LUNG,2,46,circular,1440,1,1,"[('12', 28133507, 28134946)]","[('12', 28134946, '12', 28133507)]",1.0,"[('12', 28134946, '12', 28133507)]",0.0,[],0.0,[],0.0,[],[],0,{},[],0.0,1,1,0.5,high
NCIH2171_LUNG,2,47,circular,449,1,1,"[('12', 6620606, 6621054)]","[('12', 6621054, '12', 6620606)]",1.0,"[('12', 6621054, '12', 6620606)]",0.0,[],0.0,[],0.0,[],[],0,{},[],1.0,1,1,0.875,high
NCIH2171_LUNG,2,48,circular,433,1,1,"[('12', 28575923, 28576355)]","[('12', 28576355, '12', 28575923)]",1.0,"[('12', 28576355, '12', 28575923)]",0.0,[],0.0,[],0.0,[],[],0,{},[],1.0,1,1,0.875,high
NCIH2171_LUNG,2,49,linear,465009,1,1,"[('14', 20361730, 19896720)]","[('14', 19896720, '14', 20361730)]",0.0,[],1.0,"[('14', 19896720, '14', 20361730)]",0.0,[],0.0,[],[],0,"{'14': {'CCNB1IP1': {'type': ['TSG', ' fusion'], 'loc': ('20311368', '20333312')}}}",['CCNB1IP1'],0.0,0,0,1.5,medium
NCIH2171_LUNG,2,51,linear,2406978,2,1,"[('12', 2429958, 765617), ('12', 757638, 14999)]","[('12', 765617, '12', 757638), ('12', 14999, '12', 2429958)]",0.5,"[('12', 765617, '12', 757638)]",0.5,"[('12', 14999, '12', 2429958)]",0.0,[],1.0,"[('12', 14999)]",['High Signal Region'],0,"{'12': {'KDM5A': {'type': ['oncogene', ' fusion'], 'loc': ('280129', '389454')}}}",['KDM5A'],1.0,0,2,1.4375,medium
NCIH2171_LUNG,2,52,circular,4287835,11,2,"[('8', 62393848, 62402595), ('8', 63013168, 62431330), ('8', 126698507, 126629816), ('8', 126881600, 127046943), ('12', 28144835, 27502226), ('12', 27495210, 27450856), ('12', 21725679, 21684250), ('12', 21500695, 21531523), ('12', 21642169, 20994132), ('12', 27279891, 27495210), ('12', 27502226, 29342867)]","[('8', 62402595, '8', 63013168), ('8', 62431330, '8', 126698507), ('8', 126629816, '8', 126881600), ('8', 127046943, '12', 28144835), ('12', 27502226, '12', 27495210), ('12', 27450856, '12', 21725679), ('12', 21684250, '12', 21500695), ('12', 21531523, '12', 21642169), ('12', 20994132, '12', 27279891), ('12', 27495210, '12', 27502226), ('12', 29342867, '8', 62393848)]",1.0,"[('8', 62402595, '8', 63013168), ('8', 62431330, '8', 126698507), ('8', 126629816, '8', 126881600), ('8', 127046943, '12', 28144835), ('12', 27502226, '12', 27495210), ('12', 27450856, '12', 21725679), ('12', 21684250, '12', 21500695), ('12', 21531523, '12', 21642169), ('12', 20994132, '12', 27279891), ('12', 27495210, '12', 27502226), ('12', 29342867, '8', 62393848)]",0.0,[],0.0,[],0.0,[],[],0,"{'12': {'PPFIBP1': {'type': ['fusion'], 'loc': ('27523431', '27695564')}}}","['PPFIBP1', 'PPFIBP1']",1.0,1,1,0.875,high
NCIH2171_LUNG,2,53,circular,1178,1,1,"[('12', 7324596, 7325773)]","[('12', 7325773, '12', 7324596)]",1.0,"[('12', 7325773, '12', 7324596)]",0.0,[],0.0,[],0.0,[],[],0,{},[],0.0,1,1,0.5,high
NCIH2196_LUNG,2,1,linear,4901752,2,1,"[('12', 29729492, 29011904), ('12', 29008742, 24824576)]","[('12', 29011904, '12', 29008742), ('12', 24824576, '12', 29729492)]",0.5,"[('12', 29011904, '12', 29008742)]",0.5,"[('12', 24824576, '12', 29729492)]",0.0,[],0.0,[],[],0,"{'12': {'KRAS': {'type': ['oncogene'], 'loc': ('25204789', '25250936')}, 'PPFIBP1': {'type': ['fusion'], 'loc': ('27523431', '27695564')}}}","['KRAS', 'PPFIBP1']",1.0,0,1,0.875,high
NCIH2227_LUNG,2,1,linear,230011,1,1,"[('19', 39781569, 39551557)]","[('19', 39551557, '19', 39781569)]",0.0,[],1.0,"[('19', 39551557, '19', 39781569)]",0.0,[],0.0,[],[],0,{},[],0.0,0,0,1.5,medium
NCIH2227_LUNG,2,2,linear,6088114,2,1,"[('19', 36066364, 30798820), ('19', 30796597, 29976025)]","[('19', 30798820, '19', 30796597), ('19', 29976025, '19', 36066364)]",0.5,"[('19', 30798820, '19', 30796597)]",0.5,"[('19', 29976025, '19', 36066364)]",0.0,[],0.0,[],[],0,"{'19': {'CEBPA': {'type': ['TSG'], 'loc': ('33299934', '33302564')}, 'CEP89': {'type': ['fusion'], 'loc': ('32875925', '32971991')}, 'LSM14A': {'type': ['fusion'], 'loc': ('34172504', '34229515')}}}","['CEBPA', 'CEP89', 'LSM14A']",1.0,0,1,0.875,high
NCIH2227_LUNG,2,3,linear,20549,1,1,"[('19', 52875931, 52855381)]","[('19', 52855381, '19', 52875931)]",0.0,[],1.0,"[('19', 52855381, '19', 52875931)]",0.0,[],0.0,[],[],0,{},[],0.0,0,0,1.5,medium
NCIH2227_LUNG,3,1,linear,560030,1,1,"[('19', 38026472, 37466441)]","[('19', 37466441, '19', 38026472)]",0.0,[],1.0,"[('19', 37466441, '19', 38026472)]",0.0,[],0.0,[],[],0,{},[],0.0,0,0,1.5,medium
NCIH2227_LUNG,4,1,linear,10548,1,1,"[('19', 38554857, 38544308)]","[('19', 38544308, '19', 38554857)]",0.0,[],1.0,"[('19', 38544308, '19', 38554857)]",0.0,[],0.0,[],[],0,{},[],0.0,0,0,1.5,medium
NCIH2286_LUNG,1,1,circular,37978,2,1,"[('22', 23946206, 23971126), ('22', 24008360, 23995302)]","[('22', 23971126, '22', 24008360), ('22', 23995302, '22', 23946206)]",1.0,"[('22', 23971126, '22', 24008360), ('22', 23995302, '22', 23946206)]",0.0,[],0.0,[],0.0,[],[],0,{},[],0.0,1,1,0.5,high
NCIH23_LUNG,6,1,linear,710007,1,1,"[('5', 45000882, 44290874)]","[('5', 44290874, '5', 45000882)]",0.0,[],1.0,"[('5', 44290874, '5', 45000882)]",0.0,[],0.0,[],[],0,{},[],0.0,0,0,1.5,medium
NCIH23_LUNG,7,1,linear,124996,1,1,"[('6', 379993, 254996)]","[('6', 254996, '6', 379993)]",0.0,[],1.0,"[('6', 254996, '6', 379993)]",0.0,[],1.0,"[('6', 379993)]",['High Signal Region'],0,{},[],0.0,0,2,2.0625,low
NCIH23_LUNG,8,1,linear,620004,1,1,"[('6', 149031238, 148411233)]","[('6', 148411233, '6', 149031238)]",0.0,[],1.0,"[('6', 148411233, '6', 149031238)]",0.0,[],0.0,[],[],0,{},[],0.0,0,0,1.5,medium
NCIH3255_LUNG,3,1,linear,4364998,1,1,"[('3', 172435562, 168070563)]","[('3', 168070563, '3', 172435562)]",0.0,[],1.0,"[('3', 168070563, '3', 172435562)]",0.0,[],0.0,[],[],0,"{'3': {'MECOM': {'type': ['oncogene', ' fusion'], 'loc': ('169083499', '169663618')}}}",['MECOM'],1.0,0,0,1.875,medium
NCIH3255_LUNG,4,1,linear,2604998,1,1,"[('3', 179310561, 176705562)]","[('3', 176705562, '3', 179310561)]",0.0,[],1.0,"[('3', 176705562, '3', 179310561)]",0.0,[],0.0,[],[],0,"{'3': {'PIK3CA': {'type': ['oncogene'], 'loc': ('179148114', '179240093')}, 'TBL1XR1': {'type': ['oncogene', ' TSG', ' fusion'], 'loc': ('177019340', '177228000')}}}","['PIK3CA', 'TBL1XR1']",1.0,0,0,1.875,medium
NCIH3255_LUNG,5,1,linear,3895995,5,1,"[('7', 56924660, 56590822), ('7', 56584796, 55221367), ('7', 55219064, 54724799), ('7', 54726532, 55219064), ('7', 55221367, 56433299)]","[('7', 56590822, '7', 56584796), ('7', 55221367, '7', 55219064), ('7', 54724799, '7', 54726532), ('7', 55219064, '7', 55221367), ('7', 56433299, '7', 56924660)]",0.75,"[('7', 56590822, '7', 56584796), ('7', 55221367, '7', 55219064), ('7', 55219064, '7', 55221367)]",0.25,"[('7', 56433299, '7', 56924660)]",0.0,[],0.0,[],[],1,"{'7': {'EGFR': {'type': ['oncogene'], 'loc': ('55019021', '55211628')}}}","['EGFR', 'EGFR']",1.0,0,1,0.875,high
NCIH3255_LUNG,5,2,circular,346,2,1,"[('7', 52952665, 52953007), ('7', 52957926, 52957922)]","[('7', 52953007, '7', 52957926), ('7', 52957922, '7', 52952665)]",1.0,"[('7', 52953007, '7', 52957926), ('7', 52957922, '7', 52952665)]",0.0,[],0.0,[],0.0,[],[],0,{},[],1.0,1,1,0.875,high
NCIH3255_LUNG,5,3,linear,4837448,4,1,"[('7', 55505399, 55221367), ('7', 55219064, 54601846), ('7', 54601280, 51530992), ('7', 51526614, 50660700)]","[('7', 55221367, '7', 55219064), ('7', 54601846, '7', 54601280), ('7', 51530992, '7', 51526614), ('7', 50660700, '7', 55505399)]",0.6666666666666666,"[('7', 55221367, '7', 55219064), ('7', 51530992, '7', 51526614)]",0.3333333333333333,"[('7', 50660700, '7', 55505399)]",0.0,[],0.0,[],[],1,"{'7': {'EGFR': {'type': ['oncogene'], 'loc': ('55019021', '55211628')}}}",['EGFR'],1.0,0,1,0.875,high
NCIH3255_LUNG,8,1,linear,3002,1,1,"[('20', 40170710, 40167707)]","[('20', 40167707, '20', 40170710)]",0.0,[],1.0,"[('20', 40167707, '20', 40170710)]",0.5,"[('20', 40167707, '20', 30475314)]",0.0,[],[],0,{},[],0.0,0,0,1.75,medium
NCIH3255_LUNG,8,2,linear,12939,3,1,"[('20', 56910186, 56910764), ('20', 40192685, 40182765), ('20', 40175207, 40172765)]","[('20', 56910764, '20', 40192685), ('20', 40182765, '20', 40175207), ('20', 40172765, '20', 56910186)]",0.6666666666666666,"[('20', 56910764, '20', 40192685), ('20', 40182765, '20', 40175207)]",0.3333333333333333,"[('20', 40172765, '20', 56910186)]",0.0,[],0.0,[],[],0,{},[],0.0,0,1,0.5,high
NCIH446_LUNG,1,1,circular,4841,1,1,"[('8', 127590432, 127595272)]","[('8', 127595272, '8', 127590432)]",1.0,"[('8', 127595272, '8', 127590432)]",0.0,[],0.0,[],0.0,[],[],0,{},[],0.0,1,1,0.5,high
NCIH446_LUNG,1,2,circular,1510,1,1,"[('8', 127619085, 127620594)]","[('8', 127620594, '8', 127619085)]",1.0,"[('8', 127620594, '8', 127619085)]",0.0,[],0.0,[],0.0,[],[],0,{},[],0.0,1,1,0.5,high
NCIH446_LUNG,1,3,circular,87582,1,1,"[('8', 127019099, 127106680)]","[('8', 127106680, '8', 127019099)]",1.0,"[('8', 127106680, '8', 127019099)]",0.0,[],0.0,[],0.0,[],[],0,{},[],0.0,1,1,0.5,high
NCIH446_LUNG,1,5,circular,9442,1,1,"[('8', 127494146, 127503587)]","[('8', 127503587, '8', 127494146)]",1.0,"[('8', 127503587, '8', 127494146)]",0.0,[],0.0,[],0.0,[],[],0,{},[],0.0,1,1,0.5,high
NCIH446_LUNG,1,6,circular,5822,1,1,"[('8', 127507563, 127513384)]","[('8', 127513384, '8', 127507563)]",1.0,"[('8', 127513384, '8', 127507563)]",0.0,[],0.0,[],0.0,[],[],0,{},[],0.0,1,1,0.5,high
NCIH446_LUNG,1,7,circular,1142979,5,1,"[('8', 143169402, 143149122), ('8', 130548127, 130565075), ('8', 97656277, 97501060), ('8', 126805558, 127661233), ('8', 109187531, 109092671)]","[('8', 143149122, '8', 130548127), ('8', 130565075, '8', 97656277), ('8', 97501060, '8', 126805558), ('8', 127661233, '8', 109187531), ('8', 109092671, '8', 143169402)]",1.0,"[('8', 143149122, '8', 130548127), ('8', 130565075, '8', 97656277), ('8', 97501060, '8', 126805558), ('8', 127661233, '8', 109187531), ('8', 109092671, '8', 143169402)]",0.0,[],0.0,[],0.0,[],[],0,{},[],0.0,1,1,0.5,high
NCIH446_LUNG,1,9,linear,1396170,3,2,"[('9', 14666699, 14330049), ('9', 14329799, 13301700), ('8', 126608577, 126577153)]","[('9', 14330049, '8', 126608577), ('8', 126577153, '9', 14329799), ('9', 13301700, '9', 14666699)]",0.6666666666666666,"[('9', 14330049, '8', 126608577), ('8', 126577153, '9', 14329799)]",0.3333333333333333,"[('9', 13301700, '9', 14666699)]",0.0,[],0.0,[],[],0,{},[],0.0,0,1,0.5,high
NCIH446_LUNG,1,10,circular,782678,3,1,"[('8', 126139667, 126179961), ('8', 126182327, 126563269), ('8', 127479718, 127841157)]","[('8', 126179961, '8', 126182327), ('8', 126563269, '8', 127479718), ('8', 127841157, '8', 126139667)]",1.0,"[('8', 126179961, '8', 126182327), ('8', 126563269, '8', 127479718), ('8', 127841157, '8', 126139667)]",0.0,[],0.0,[],0.0,[],[],0,"{'8': {'MYC': {'type': ['oncogene', ' fusion'], 'loc': ('127735434', '127741434')}}}",['MYC'],0.0,1,1,0.5,high
NCIH446_LUNG,1,11,circular,1550,1,1,"[('8', 126533333, 126534882)]","[('8', 126534882, '8', 126533333)]",1.0,"[('8', 126534882, '8', 126533333)]",0.0,[],0.0,[],0.0,[],[],0,{},[],0.0,1,1,0.5,high
NCIH446_LUNG,1,12,circular,4060,1,1,"[('8', 127396856, 127400915)]","[('8', 127400915, '8', 127396856)]",1.0,"[('8', 127400915, '8', 127396856)]",0.0,[],0.0,[],0.0,[],[],0,{},[],0.0,1,1,0.5,high
NCIH446_LUNG,1,13,circular,3930,1,1,"[('9', 14466137, 14470066)]","[('9', 14470066, '9', 14466137)]",1.0,"[('9', 14470066, '9', 14466137)]",0.0,[],0.0,[],0.0,[],[],0,{},[],0.0,1,1,0.5,high
NCIH446_LUNG,1,14,circular,2432,1,1,"[('8', 126335110, 126337541)]","[('8', 126337541, '8', 126335110)]",1.0,"[('8', 126337541, '8', 126335110)]",0.0,[],0.0,[],0.0,[],[],0,{},[],0.0,1,1,0.5,high
NCIH446_LUNG,1,15,circular,1230,1,1,"[('8', 143157867, 143159096)]","[('8', 143159096, '8', 143157867)]",1.0,"[('8', 143159096, '8', 143157867)]",0.0,[],0.0,[],0.0,[],[],0,{},[],0.0,1,1,0.5,high
NCIH446_LUNG,1,16,circular,2592,1,1,"[('9', 14523578, 14526169)]","[('9', 14526169, '9', 14523578)]",1.0,"[('9', 14526169, '9', 14523578)]",0.0,[],0.0,[],0.0,[],[],0,{},[],0.0,1,1,0.5,high
NCIH446_LUNG,1,17,circular,4299,1,1,"[('8', 127047710, 127052008)]","[('8', 127052008, '8', 127047710)]",1.0,"[('8', 127052008, '8', 127047710)]",0.0,[],0.0,[],0.0,[],[],0,{},[],0.0,1,1,0.5,high
NCIH446_LUNG,1,19,circular,667,1,1,"[('8', 127114353, 127115019)]","[('8', 127115019, '8', 127114353)]",1.0,"[('8', 127115019, '8', 127114353)]",0.0,[],0.0,[],0.0,[],[],0,{},[],1.0,1,1,0.875,high
NCIH446_LUNG,1,20,circular,987,1,1,"[('8', 127827446, 127828432)]","[('8', 127828432, '8', 127827446)]",1.0,"[('8', 127828432, '8', 127827446)]",0.0,[],0.0,[],0.0,[],[],0,{},[],1.0,1,1,0.875,high
NCIH446_LUNG,1,21,circular,1989,1,1,"[('8', 127008030, 127010018)]","[('8', 127010018, '8', 127008030)]",1.0,"[('8', 127010018, '8', 127008030)]",0.0,[],0.0,[],0.0,[],[],0,{},[],0.0,1,1,0.5,high
NCIH446_LUNG,1,22,circular,915,1,1,"[('9', 14301840, 14302754)]","[('9', 14302754, '9', 14301840)]",1.0,"[('9', 14302754, '9', 14301840)]",0.0,[],0.0,[],0.0,[],[],0,{},[],1.0,1,1,0.875,high
NCIH460_LUNG,1,2,circular,2445791,4,1,"[('8', 128899565, 128459020), ('8', 128452922, 128392031), ('8', 127677954, 128452922), ('8', 128459020, 129628407)]","[('8', 128459020, '8', 128452922), ('8', 128392031, '8', 127677954), ('8', 128452922, '8', 128459020), ('8', 129628407, '8', 128899565)]",1.0,"[('8', 128459020, '8', 128452922), ('8', 128392031, '8', 127677954), ('8', 128452922, '8', 128459020), ('8', 129628407, '8', 128899565)]",0.0,[],0.0,[],0.0,[],[],0,"{'8': {'MYC': {'type': ['oncogene', ' fusion'], 'loc': ('127735434', '127741434')}}}",['MYC'],1.0,1,1,0.875,high
NCIH508_LARGE_INTESTINE,1,1,circular,2790632,1,1,"[('14', 29699431, 32490062)]","[('14', 32490062, '14', 29699431)]",1.0,"[('14', 32490062, '14', 29699431)]",0.0,[],0.0,[],0.0,[],[],0,"{'14': {'ARHGAP5': {'type': ['oncogene'], 'loc': ('32076114', '32159728')}}}",['ARHGAP5'],1.0,1,1,0.875,high
NCIH510_LUNG,1,1,circular,2868,1,1,"[('1', 36663862, 36666729)]","[('1', 36666729, '1', 36663862)]",1.0,"[('1', 36666729, '1', 36663862)]",0.0,[],0.0,[],0.0,[],[],0,{},[],0.0,1,1,0.5,high
NCIH510_LUNG,1,3,circular,4672,1,1,"[('1', 39688449, 39693120)]","[('1', 39693120, '1', 39688449)]",1.0,"[('1', 39693120, '1', 39688449)]",0.0,[],0.0,[],0.0,[],[],0,{},[],0.0,1,1,0.5,high
NCIH510_LUNG,1,4,circular,1039,1,1,"[('1', 36957388, 36958426)]","[('1', 36958426, '1', 36957388)]",1.0,"[('1', 36958426, '1', 36957388)]",0.0,[],0.0,[],0.0,[],[],0,{},[],1.0,1,1,0.875,high
NCIH510_LUNG,1,5,circular,2144,1,1,"[('1', 39758766, 39760909)]","[('1', 39760909, '1', 39758766)]",1.0,"[('1', 39760909, '1', 39758766)]",0.0,[],0.0,[],0.0,[],[],0,{},[],0.0,1,1,0.5,high
NCIH510_LUNG,1,6,circular,3314,1,1,"[('1', 39817854, 39821167)]","[('1', 39821167, '1', 39817854)]",1.0,"[('1', 39821167, '1', 39817854)]",0.0,[],0.0,[],0.0,[],[],0,{},[],0.0,1,1,0.5,high
NCIH510_LUNG,1,7,circular,2891,1,1,"[('1', 36763814, 36766704)]","[('1', 36766704, '1', 36763814)]",1.0,"[('1', 36766704, '1', 36763814)]",0.0,[],0.0,[],0.0,[],[],0,{},[],0.0,1,1,0.5,high
NCIH510_LUNG,1,8,circular,4570,1,1,"[('1', 36797903, 36802472)]","[('1', 36802472, '1', 36797903)]",1.0,"[('1', 36802472, '1', 36797903)]",0.0,[],0.0,[],0.0,[],[],0,{},[],0.0,1,1,0.5,high
NCIH510_LUNG,1,9,circular,4091,1,1,"[('1', 36768156, 36772246)]","[('1', 36772246, '1', 36768156)]",1.0,"[('1', 36772246, '1', 36768156)]",0.0,[],0.0,[],0.0,[],[],0,{},[],0.0,1,1,0.5,high
NCIH510_LUNG,1,10,circular,4923,1,1,"[('1', 39752924, 39757846)]","[('1', 39757846, '1', 39752924)]",1.0,"[('1', 39757846, '1', 39752924)]",0.0,[],0.0,[],0.0,[],[],0,{},[],0.0,1,1,0.5,high
NCIH510_LUNG,1,11,circular,3110,1,1,"[('1', 39898323, 39901432)]","[('1', 39901432, '1', 39898323)]",1.0,"[('1', 39901432, '1', 39898323)]",0.0,[],0.0,[],0.0,[],[],0,{},[],0.0,1,1,0.5,high
NCIH510_LUNG,1,12,circular,4937,1,1,"[('1', 36781043, 36785979)]","[('1', 36785979, '1', 36781043)]",1.0,"[('1', 36785979, '1', 36781043)]",0.0,[],0.0,[],0.0,[],[],0,{},[],0.0,1,1,0.5,high
NCIH510_LUNG,1,13,circular,2613,1,1,"[('1', 36736458, 36739070)]","[('1', 36739070, '1', 36736458)]",1.0,"[('1', 36739070, '1', 36736458)]",0.0,[],0.0,[],0.0,[],[],0,{},[],0.0,1,1,0.5,high
NCIH510_LUNG,1,14,circular,3720,1,1,"[('1', 36789640, 36793359)]","[('1', 36793359, '1', 36789640)]",1.0,"[('1', 36793359, '1', 36789640)]",0.0,[],0.0,[],0.0,[],[],0,{},[],0.0,1,1,0.5,high
NCIH510_LUNG,1,15,circular,3439,1,1,"[('1', 36701006, 36704444)]","[('1', 36704444, '1', 36701006)]",1.0,"[('1', 36704444, '1', 36701006)]",0.0,[],0.0,[],0.0,[],[],0,{},[],0.0,1,1,0.5,high
NCIH510_LUNG,1,16,circular,2279,1,1,"[('1', 36670347, 36672625)]","[('1', 36672625, '1', 36670347)]",1.0,"[('1', 36672625, '1', 36670347)]",0.0,[],0.0,[],0.0,[],[],0,{},[],0.0,1,1,0.5,high
NCIH510_LUNG,1,17,circular,1870,1,1,"[('1', 39717047, 39718916)]","[('1', 39718916, '1', 39717047)]",1.0,"[('1', 39718916, '1', 39717047)]",0.0,[],0.0,[],0.0,[],[],0,{},[],0.0,1,1,0.5,high
NCIH510_LUNG,1,18,circular,4583,1,1,"[('1', 36772944, 36777526)]","[('1', 36777526, '1', 36772944)]",1.0,"[('1', 36777526, '1', 36772944)]",0.0,[],0.0,[],0.0,[],[],0,{},[],0.0,1,1,0.5,high
NCIH510_LUNG,1,19,circular,2385,1,1,"[('1', 39895224, 39897608)]","[('1', 39897608, '1', 39895224)]",1.0,"[('1', 39897608, '1', 39895224)]",0.0,[],0.0,[],0.0,[],[],0,{},[],0.0,1,1,0.5,high
NCIH510_LUNG,1,20,circular,2578,1,1,"[('1', 36722091, 36724668)]","[('1', 36724668, '1', 36722091)]",1.0,"[('1', 36724668, '1', 36722091)]",0.0,[],0.0,[],0.0,[],[],0,{},[],0.0,1,1,0.5,high
NCIH510_LUNG,1,21,circular,2767,1,1,"[('1', 36694027, 36696793)]","[('1', 36696793, '1', 36694027)]",1.0,"[('1', 36696793, '1', 36694027)]",0.0,[],0.0,[],0.0,[],[],0,{},[],0.0,1,1,0.5,high
NCIH510_LUNG,1,22,circular,3040,1,1,"[('1', 36741959, 36744998)]","[('1', 36744998, '1', 36741959)]",1.0,"[('1', 36744998, '1', 36741959)]",0.0,[],0.0,[],0.0,[],[],0,{},[],0.0,1,1,0.5,high
NCIH510_LUNG,1,23,circular,3274,1,1,"[('1', 39748785, 39752058)]","[('1', 39752058, '1', 39748785)]",1.0,"[('1', 39752058, '1', 39748785)]",0.0,[],0.0,[],0.0,[],[],0,{},[],0.0,1,1,0.5,high
NCIH510_LUNG,1,24,circular,2422,1,1,"[('1', 39828795, 39831216)]","[('1', 39831216, '1', 39828795)]",1.0,"[('1', 39831216, '1', 39828795)]",0.0,[],0.0,[],0.0,[],[],0,{},[],0.0,1,1,0.5,high
NCIH510_LUNG,1,25,circular,2333,1,1,"[('1', 36705472, 36707804)]","[('1', 36707804, '1', 36705472)]",1.0,"[('1', 36707804, '1', 36705472)]",0.0,[],0.0,[],0.0,[],[],0,{},[],0.0,1,1,0.5,high
NCIH510_LUNG,1,26,circular,232694,4,1,"[('1', 36821587, 36958647), ('1', 36960129, 36989366), ('1', 36986100, 36960129), ('1', 36958647, 36918221)]","[('1', 36958647, '1', 36960129), ('1', 36989366, '1', 36986100), ('1', 36960129, '1', 36958647), ('1', 36918221, '1', 36821587)]",1.0,"[('1', 36989366, '1', 36986100), ('1', 36918221, '1', 36821587)]",0.0,[],0.0,[],0.0,[],[],2,{},[],0.0,1,1,0.5,high
NCIH510_LUNG,1,27,circular,1758,1,1,"[('1', 36849015, 36850772)]","[('1', 36850772, '1', 36849015)]",1.0,"[('1', 36850772, '1', 36849015)]",0.0,[],0.0,[],0.0,[],[],0,{},[],0.0,1,1,0.5,high
NCIH510_LUNG,1,28,circular,401844,2,1,"[('1', 39493164, 39768953), ('1', 39913303, 39787248)]","[('1', 39768953, '1', 39913303), ('1', 39787248, '1', 39493164)]",1.0,"[('1', 39768953, '1', 39913303), ('1', 39787248, '1', 39493164)]",0.0,[],0.0,[],0.0,[],[],0,"{'1': {'MYCL': {'type': ['oncogene'], 'loc': ('39895426', '39902256')}}}",['MYCL'],0.0,1,1,0.5,high
NCIH510_LUNG,1,29,circular,1562,1,1,"[('1', 36942088, 36943649)]","[('1', 36943649, '1', 36942088)]",1.0,"[('1', 36943649, '1', 36942088)]",0.0,[],0.0,[],0.0,[],[],0,{},[],0.0,1,1,0.5,high
NCIH510_LUNG,1,30,circular,7472,1,1,"[('1', 39841061, 39848532)]","[('1', 39848532, '1', 39841061)]",1.0,"[('1', 39848532, '1', 39841061)]",0.0,[],0.0,[],0.0,[],[],0,{},[],0.0,1,1,0.5,high
NCIH510_LUNG,1,31,circular,2557,1,1,"[('1', 36953811, 36956367)]","[('1', 36956367, '1', 36953811)]",1.0,"[('1', 36956367, '1', 36953811)]",0.0,[],0.0,[],0.0,[],[],0,{},[],0.0,1,1,0.5,high
NCIH510_LUNG,1,32,circular,4410,1,1,"[('1', 36715457, 36719866)]","[('1', 36719866, '1', 36715457)]",1.0,"[('1', 36719866, '1', 36715457)]",0.0,[],0.0,[],0.0,[],[],0,{},[],0.0,1,1,0.5,high
NCIH510_LUNG,1,33,circular,3839,1,1,"[('1', 36816364, 36820202)]","[('1', 36820202, '1', 36816364)]",1.0,"[('1', 36820202, '1', 36816364)]",0.0,[],0.0,[],0.0,[],[],0,{},[],0.0,1,1,0.5,high
NCIH510_LUNG,1,34,circular,3149,1,1,"[('1', 36832399, 36835547)]","[('1', 36835547, '1', 36832399)]",1.0,"[('1', 36835547, '1', 36832399)]",0.0,[],0.0,[],0.0,[],[],0,{},[],0.0,1,1,0.5,high
NCIH510_LUNG,1,35,circular,2634,1,1,"[('1', 36812890, 36815523)]","[('1', 36815523, '1', 36812890)]",1.0,"[('1', 36815523, '1', 36812890)]",0.0,[],0.0,[],0.0,[],[],0,{},[],0.0,1,1,0.5,high
NCIH510_LUNG,1,36,circular,299,2,1,"[('1', 36957446, 36957537), ('1', 36959888, 36960094)]","[('1', 36957537, '1', 36959888), ('1', 36960094, '1', 36957446)]",1.0,"[('1', 36957537, '1', 36959888), ('1', 36960094, '1', 36957446)]",0.0,[],0.0,[],0.0,[],[],0,{},[],1.0,1,1,0.875,high
NCIH510_LUNG,1,37,circular,857,1,1,"[('1', 37657320, 37658176)]","[('1', 37658176, '1', 37657320)]",1.0,"[('1', 37658176, '1', 37657320)]",0.0,[],0.0,[],0.0,[],[],0,{},[],1.0,1,1,0.875,high
NCIH510_LUNG,1,38,circular,7657,1,1,"[('1', 36855911, 36863567)]","[('1', 36863567, '1', 36855911)]",1.0,"[('1', 36863567, '1', 36855911)]",0.0,[],0.0,[],0.0,[],[],0,{},[],0.0,1,1,0.5,high
NCIH510_LUNG,1,39,circular,2245,1,1,"[('1', 36965734, 36967978)]","[('1', 36967978, '1', 36965734)]",1.0,"[('1', 36967978, '1', 36965734)]",0.0,[],0.0,[],0.0,[],[],0,{},[],0.0,1,1,0.5,high
NCIH510_LUNG,1,40,circular,2157,1,1,"[('1', 36975804, 36977960)]","[('1', 36977960, '1', 36975804)]",1.0,"[('1', 36977960, '1', 36975804)]",0.0,[],0.0,[],0.0,[],[],0,{},[],0.0,1,1,0.5,high
NCIH510_LUNG,1,41,circular,653,1,1,"[('1', 39626755, 39627407)]","[('1', 39627407, '1', 39626755)]",1.0,"[('1', 39627407, '1', 39626755)]",0.0,[],0.0,[],0.0,[],[],0,{},[],1.0,1,1,0.875,high
NCIH510_LUNG,1,42,linear,854,2,2,"[('19', 48904291, 48903872), ('11', 69813658, 69813221)]","[('19', 48903872, '11', 69813658), ('11', 69813221, '19', 48904291)]",0.5,"[('19', 48903872, '11', 69813658)]",0.5,"[('11', 69813221, '19', 48904291)]",0.0,[],0.0,[],[],0,{},[],1.0,0,1,0.875,high
NCIH510_LUNG,1,43,circular,717,1,1,"[('1', 39083038, 39083754)]","[('1', 39083754, '1', 39083038)]",1.0,"[('1', 39083754, '1', 39083038)]",0.0,[],0.0,[],0.0,[],[],0,{},[],1.0,1,1,0.875,high
NCIH510_LUNG,1,44,circular,2755,1,1,"[('1', 36930160, 36932914)]","[('1', 36932914, '1', 36930160)]",1.0,"[('1', 36932914, '1', 36930160)]",0.0,[],0.0,[],0.0,[],[],0,{},[],0.0,1,1,0.5,high
NCIH510_LUNG,1,45,circular,3343,1,1,"[('1', 36909743, 36913085)]","[('1', 36913085, '1', 36909743)]",1.0,"[('1', 36913085, '1', 36909743)]",0.0,[],0.0,[],0.0,[],[],0,{},[],0.0,1,1,0.5,high
NCIH510_LUNG,1,46,circular,494,1,1,"[('1', 37109083, 37109576)]","[('1', 37109576, '1', 37109083)]",1.0,"[('1', 37109576, '1', 37109083)]",0.0,[],0.0,[],0.0,[],[],0,{},[],1.0,1,1,0.875,high
NCIH510_LUNG,1,47,circular,5234,1,1,"[('1', 36870561, 36875794)]","[('1', 36875794, '1', 36870561)]",1.0,"[('1', 36875794, '1', 36870561)]",0.0,[],0.0,[],0.0,[],[],0,{},[],0.0,1,1,0.5,high
NCIH510_LUNG,1,48,circular,439,1,1,"[('1', 43566905, 43567343)]","[('1', 43567343, '1', 43566905)]",1.0,"[('1', 43567343, '1', 43566905)]",0.0,[],0.0,[],0.0,[],[],0,{},[],1.0,1,1,0.875,high
NCIH510_LUNG,1,49,circular,738,1,1,"[('1', 39097771, 39098508)]","[('1', 39098508, '1', 39097771)]",1.0,"[('1', 39098508, '1', 39097771)]",0.0,[],0.0,[],0.0,[],[],0,{},[],1.0,1,1,0.875,high
NCIH510_LUNG,1,50,circular,1677,1,1,"[('1', 36913809, 36915485)]","[('1', 36915485, '1', 36913809)]",1.0,"[('1', 36915485, '1', 36913809)]",0.0,[],0.0,[],0.0,[],[],0,{},[],0.0,1,1,0.5,high
NCIH510_LUNG,1,51,circular,3827,1,1,"[('1', 36945470, 36949296)]","[('1', 36949296, '1', 36945470)]",1.0,"[('1', 36949296, '1', 36945470)]",0.0,[],0.0,[],0.0,[],[],0,{},[],0.0,1,1,0.5,high
NCIH510_LUNG,1,52,circular,461,1,1,"[('1', 38005979, 38006439)]","[('1', 38006439, '1', 38005979)]",1.0,"[('1', 38006439, '1', 38005979)]",0.0,[],0.0,[],0.0,[],[],0,{},[],1.0,1,1,0.875,high
NCIH510_LUNG,1,53,circular,486,1,1,"[('1', 1651773, 1652258)]","[('1', 1652258, '1', 1651773)]",1.0,"[('1', 1652258, '1', 1651773)]",0.0,[],0.0,[],0.0,[],[],0,{},[],1.0,1,1,0.875,high
NCIH510_LUNG,1,54,circular,1475,1,1,"[('1', 37629294, 37630768)]","[('1', 37630768, '1', 37629294)]",1.0,"[('1', 37630768, '1', 37629294)]",0.0,[],0.0,[],0.0,[],[],0,{},[],0.0,1,1,0.5,high
NCIH510_LUNG,1,55,circular,447,1,1,"[('1', 39357408, 39357854)]","[('1', 39357854, '1', 39357408)]",1.0,"[('1', 39357854, '1', 39357408)]",0.0,[],0.0,[],0.0,[],[],0,{},[],1.0,1,1,0.875,high
NCIH510_LUNG,1,56,circular,674,1,1,"[('1', 37013946, 37014619)]","[('1', 37014619, '1', 37013946)]",1.0,"[('1', 37014619, '1', 37013946)]",0.0,[],0.0,[],0.0,[],[],0,{},[],1.0,1,1,0.875,high
NCIH510_LUNG,1,57,circular,7730,1,1,"[('1', 36878619, 36886348)]","[('1', 36886348, '1', 36878619)]",1.0,"[('1', 36886348, '1', 36878619)]",0.0,[],0.0,[],0.0,[],[],0,{},[],0.0,1,1,0.5,high
NCIH510_LUNG,1,59,circular,687,1,1,"[('1', 37152460, 37153146)]","[('1', 37153146, '1', 37152460)]",1.0,"[('1', 37153146, '1', 37152460)]",0.0,[],0.0,[],0.0,[],[],0,{},[],1.0,1,1,0.875,high
NCIH510_LUNG,1,60,circular,725,1,1,"[('1', 39158959, 39159683)]","[('1', 39159683, '1', 39158959)]",1.0,"[('1', 39159683, '1', 39158959)]",0.0,[],0.0,[],0.0,[],[],0,{},[],1.0,1,1,0.875,high
NCIH510_LUNG,1,61,circular,462,1,1,"[('2', 173654673, 173655134)]","[('2', 173655134, '2', 173654673)]",1.0,"[('2', 173655134, '2', 173654673)]",0.0,[],0.0,[],0.0,[],[],0,{},[],1.0,1,1,0.875,high
NCIH510_LUNG,1,62,circular,709,1,1,"[('1', 37948813, 37949521)]","[('1', 37949521, '1', 37948813)]",1.0,"[('1', 37949521, '1', 37948813)]",0.0,[],0.0,[],0.0,[],[],0,{},[],1.0,1,1,0.875,high
NCIH510_LUNG,1,64,circular,638,1,1,"[('1', 44282474, 44283111)]","[('1', 44283111, '1', 44282474)]",1.0,"[('1', 44283111, '1', 44282474)]",0.0,[],0.0,[],0.0,[],[],0,{},[],1.0,1,1,0.875,high
NCIH510_LUNG,1,65,circular,1265,1,1,"[('1', 39631140, 39632404)]","[('1', 39632404, '1', 39631140)]",1.0,"[('1', 39632404, '1', 39631140)]",0.0,[],0.0,[],0.0,[],[],0,{},[],0.0,1,1,0.5,high
NCIH510_LUNG,1,66,circular,422,1,1,"[('1', 43895341, 43895762)]","[('1', 43895762, '1', 43895341)]",1.0,"[('1', 43895762, '1', 43895341)]",0.0,[],0.0,[],0.0,[],[],0,{},[],1.0,1,1,0.875,high
NCIH510_LUNG,1,67,circular,547,1,1,"[('1', 42937533, 42938079)]","[('1', 42938079, '1', 42937533)]",1.0,"[('1', 42938079, '1', 42937533)]",0.0,[],0.0,[],0.0,[],[],0,{},[],1.0,1,1,0.875,high
NCIH510_LUNG,1,68,linear,725529,1,1,"[('1', 1902018, 1176488)]","[('1', 1176488, '1', 1902018)]",0.0,[],1.0,"[('1', 1176488, '1', 1902018)]",0.0,[],0.0,[],[],0,{},[],0.0,0,0,1.5,medium
NCIH510_LUNG,1,69,circular,754,1,1,"[('1', 38481365, 38482118)]","[('1', 38482118, '1', 38481365)]",1.0,"[('1', 38482118, '1', 38481365)]",0.0,[],0.0,[],0.0,[],[],0,{},[],1.0,1,1,0.875,high
NCIH510_LUNG,1,70,circular,1247,1,1,"[('1', 38584573, 38585819)]","[('1', 38585819, '1', 38584573)]",1.0,"[('1', 38585819, '1', 38584573)]",0.0,[],0.0,[],0.0,[],[],0,{},[],0.0,1,1,0.5,high
NCIH510_LUNG,1,71,circular,677,1,1,"[('1', 1230892, 1231568)]","[('1', 1231568, '1', 1230892)]",1.0,"[('1', 1231568, '1', 1230892)]",0.0,[],0.0,[],0.0,[],[],0,{},[],1.0,1,1,0.875,high
NCIH510_LUNG,1,72,circular,936,1,1,"[('1', 37104478, 37105413)]","[('1', 37105413, '1', 37104478)]",1.0,"[('1', 37105413, '1', 37104478)]",0.0,[],0.0,[],0.0,[],[],0,{},[],1.0,1,1,0.875,high
NCIH510_LUNG,1,73,circular,876,1,1,"[('1', 37106451, 37107326)]","[('1', 37107326, '1', 37106451)]",1.0,"[('1', 37107326, '1', 37106451)]",0.0,[],0.0,[],0.0,[],[],0,{},[],1.0,1,1,0.875,high
NCIH510_LUNG,1,74,linear,10418,1,1,"[('18', 74501364, 74490945)]","[('18', 74490945, '18', 74501364)]",0.0,[],1.0,"[('18', 74490945, '18', 74501364)]",0.0,[],0.0,[],[],0,{},[],0.0,0,0,1.5,medium
NCIH510_LUNG,1,75,circular,532,1,1,"[('1', 38528442, 38528973)]","[('1', 38528973, '1', 38528442)]",1.0,"[('1', 38528973, '1', 38528442)]",0.0,[],0.0,[],0.0,[],[],0,{},[],1.0,1,1,0.875,high
NCIH510_LUNG,1,76,circular,559,1,1,"[('1', 35714252, 35714810)]","[('1', 35714810, '1', 35714252)]",1.0,"[('1', 35714810, '1', 35714252)]",0.0,[],0.0,[],0.0,[],[],0,{},[],1.0,1,1,0.875,high
NCIH510_LUNG,1,77,circular,2248,1,1,"[('1', 36827829, 36830076)]","[('1', 36830076, '1', 36827829)]",1.0,"[('1', 36830076, '1', 36827829)]",0.0,[],0.0,[],0.0,[],[],0,{},[],0.0,1,1,0.5,high
NCIH510_LUNG,1,78,circular,628,1,1,"[('1', 37189126, 37189753)]","[('1', 37189753, '1', 37189126)]",1.0,"[('1', 37189753, '1', 37189126)]",0.0,[],0.0,[],0.0,[],[],0,{},[],1.0,1,1,0.875,high
NCIH510_LUNG,1,79,circular,427,1,1,"[('1', 11562721, 11563147)]","[('1', 11563147, '1', 11562721)]",1.0,"[('1', 11563147, '1', 11562721)]",0.0,[],0.0,[],0.0,[],[],0,{},[],1.0,1,1,0.875,high
NCIH510_LUNG,1,80,circular,565,1,1,"[('1', 38286278, 38286842)]","[('1', 38286842, '1', 38286278)]",1.0,"[('1', 38286842, '1', 38286278)]",0.0,[],0.0,[],0.0,[],[],0,{},[],1.0,1,1,0.875,high
NCIH510_LUNG,1,81,circular,732,1,1,"[('1', 33724626, 33725357)]","[('1', 33725357, '1', 33724626)]",1.0,"[('1', 33725357, '1', 33724626)]",0.0,[],0.0,[],0.0,[],[],0,{},[],1.0,1,1,0.875,high
NCIH510_LUNG,1,82,circular,2143,1,1,"[('1', 36916662, 36918804)]","[('1', 36918804, '1', 36916662)]",1.0,"[('1', 36918804, '1', 36916662)]",0.0,[],0.0,[],0.0,[],[],0,{},[],0.0,1,1,0.5,high
NCIH510_LUNG,1,83,circular,505,1,1,"[('2', 173589827, 173590331)]","[('2', 173590331, '2', 173589827)]",1.0,"[('2', 173590331, '2', 173589827)]",0.0,[],0.0,[],0.0,[],[],0,{},[],1.0,1,1,0.875,high
NCIH510_LUNG,1,84,circular,671,1,1,"[('1', 9723308, 9723978)]","[('1', 9723978, '1', 9723308)]",1.0,"[('1', 9723978, '1', 9723308)]",0.0,[],0.0,[],0.0,[],[],0,{},[],1.0,1,1,0.875,high
NCIH510_LUNG,1,85,circular,727,1,1,"[('1', 43606306, 43607032)]","[('1', 43607032, '1', 43606306)]",1.0,"[('1', 43607032, '1', 43606306)]",0.0,[],0.0,[],0.0,[],[],0,{},[],1.0,1,1,0.875,high
NCIH510_LUNG,1,86,circular,1443,1,1,"[('1', 37050525, 37051967)]","[('1', 37051967, '1', 37050525)]",1.0,"[('1', 37051967, '1', 37050525)]",0.0,[],0.0,[],0.0,[],[],0,{},[],0.0,1,1,0.5,high
NCIH510_LUNG,1,87,linear,1243546,2,1,"[('1', 37913399, 36959888), ('1', 36957537, 36667500)]","[('1', 36959888, '1', 36957537), ('1', 36667500, '1', 37913399)]",0.5,"[('1', 36959888, '1', 36957537)]",0.5,"[('1', 36667500, '1', 37913399)]",0.0,[],0.0,[],[],0,{},[],0.0,0,1,0.5,high
NCIH510_LUNG,1,88,circular,523,1,1,"[('1', 44229722, 44230244)]","[('1', 44230244, '1', 44229722)]",1.0,"[('1', 44230244, '1', 44229722)]",0.0,[],0.0,[],0.0,[],[],0,{},[],1.0,1,1,0.875,high
NCIH510_LUNG,1,89,circular,513,1,1,"[('1', 34684132, 34684644)]","[('1', 34684644, '1', 34684132)]",1.0,"[('1', 34684644, '1', 34684132)]",0.0,[],0.0,[],0.0,[],[],0,{},[],1.0,1,1,0.875,high
NCIH510_LUNG,1,90,circular,553,1,1,"[('2', 173404676, 173405228)]","[('2', 173405228, '2', 173404676)]",1.0,"[('2', 173405228, '2', 173404676)]",0.0,[],0.0,[],0.0,[],[],0,{},[],1.0,1,1,0.875,high
NCIH510_LUNG,1,91,linear,279,1,1,"[('1', 1038647, 1038367)]","[('1', 1038367, '1', 1038647)]",0.0,[],1.0,"[('1', 1038367, '1', 1038647)]",0.5,"[('1', 1038367, '1', 1038358), ('1', 1038367, '1', 1038313)]",0.0,[],[],0,{},[],1.0,0,0,2.125,low
NCIH510_LUNG,1,92,linear,1265,1,1,"[('17', 30868596, 30867330)]","[('17', 30867330, '17', 30868596)]",0.0,[],1.0,"[('17', 30867330, '17', 30868596)]",0.0,[],0.0,[],[],0,{},[],0.0,0,0,1.5,medium
NCIH510_LUNG,1,93,linear,10418,1,1,"[('1', 1038647, 1028228)]","[('1', 1028228, '1', 1038647)]",0.0,[],1.0,"[('1', 1028228, '1', 1038647)]",0.0,[],0.0,[],[],0,{},[],0.0,0,0,1.5,medium
NCIH510_LUNG,1,94,circular,556,1,1,"[('1', 43651328, 43651883)]","[('1', 43651883, '1', 43651328)]",1.0,"[('1', 43651883, '1', 43651328)]",0.0,[],0.0,[],0.0,[],[],0,{},[],1.0,1,1,0.875,high
NCIH510_LUNG,1,96,circular,711,1,1,"[('2', 175184282, 175184992)]","[('2', 175184992, '2', 175184282)]",1.0,"[('2', 175184992, '2', 175184282)]",0.0,[],0.0,[],0.0,[],[],0,{},[],1.0,1,1,0.875,high
NCIH510_LUNG,1,97,linear,37330,1,1,"[('6', 33989503, 33952172)]","[('6', 33952172, '6', 33989503)]",0.0,[],1.0,"[('6', 33952172, '6', 33989503)]",0.0,[],0.0,[],[],0,{},[],0.0,0,0,1.5,medium
NCIH510_LUNG,1,98,circular,519,1,1,"[('1', 40389165, 40389683)]","[('1', 40389683, '1', 40389165)]",1.0,"[('1', 40389683, '1', 40389165)]",0.0,[],0.0,[],0.0,[],[],0,{},[],1.0,1,1,0.875,high
NCIH510_LUNG,1,99,circular,543,1,1,"[('1', 41700294, 41700836)]","[('1', 41700836, '1', 41700294)]",1.0,"[('1', 41700836, '1', 41700294)]",0.0,[],0.0,[],0.0,[],[],0,{},[],1.0,1,1,0.875,high
NCIH510_LUNG,1,100,circular,1555,1,1,"[('1', 37171574, 37173128)]","[('1', 37173128, '1', 37171574)]",1.0,"[('1', 37173128, '1', 37171574)]",0.0,[],0.0,[],0.0,[],[],0,{},[],0.0,1,1,0.5,high
NCIH510_LUNG,1,101,circular,1179,1,1,"[('1', 43920098, 43921276)]","[('1', 43921276, '1', 43920098)]",1.0,"[('1', 43921276, '1', 43920098)]",0.0,[],0.0,[],0.0,[],[],0,{},[],0.0,1,1,0.5,high
NCIH510_LUNG,1,102,linear,3683044,1,1,"[('1', 11683353, 8000308)]","[('1', 8000308, '1', 11683353)]",0.0,[],1.0,"[('1', 8000308, '1', 11683353)]",0.0,[],0.0,[],[],0,"{'1': {'MTOR': {'type': ['oncogene'], 'loc': ('11106535', '11262507')}}}",['MTOR'],1.0,0,0,1.875,medium
NCIH510_LUNG,1,103,circular,797,1,1,"[('1', 9095355, 9096151)]","[('1', 9096151, '1', 9095355)]",1.0,"[('1', 9096151, '1', 9095355)]",0.0,[],0.0,[],0.0,[],[],0,{},[],1.0,1,1,0.875,high
NCIH510_LUNG,1,104,circular,725,1,1,"[('2', 173306986, 173307710)]","[('2', 173307710, '2', 173306986)]",1.0,"[('2', 173307710, '2', 173306986)]",0.0,[],0.0,[],0.0,[],[],0,{},[],1.0,1,1,0.875,high
NCIH510_LUNG,2,1,linear,455009,1,1,"[('1', 19934230, 19479220)]","[('1', 19479220, '1', 19934230)]",0.0,[],1.0,"[('1', 19479220, '1', 19934230)]",0.0,[],0.0,[],[],0,{},[],0.0,0,0,1.5,medium
NCIH510_LUNG,3,1,linear,1134990,1,1,"[('8', 97354108, 96219117)]","[('8', 96219117, '8', 97354108)]",0.0,[],1.0,"[('8', 96219117, '8', 97354108)]",0.0,[],0.0,[],[],0,{},[],0.0,0,0,1.5,medium
NCIH510_LUNG,4,1,linear,679986,1,1,"[('6', 56653922, 55973935)]","[('6', 55973935, '6', 56653922)]",0.0,[],1.0,"[('6', 55973935, '6', 56653922)]",0.0,[],0.0,[],[],0,{},[],0.0,0,0,1.5,medium
NCIH510_LUNG,5,1,linear,315014,1,1,"[('8', 82124047, 81809032)]","[('8', 81809032, '8', 82124047)]",0.0,[],1.0,"[('8', 81809032, '8', 82124047)]",0.0,[],0.0,[],[],0,{},[],0.0,0,0,1.5,medium
NCIH510_LUNG,6,1,linear,554994,1,1,"[('8', 98359097, 97804102)]","[('8', 97804102, '8', 98359097)]",0.0,[],1.0,"[('8', 97804102, '8', 98359097)]",0.0,[],0.0,[],[],0,{},[],0.0,0,0,1.5,medium
NCIH510_LUNG,7,2,linear,468654,1,1,"[('16', 19506355, 19037700)]","[('16', 19037700, '16', 19506355)]",0.0,[],1.0,"[('16', 19037700, '16', 19506355)]",0.0,[],0.0,[],[],0,{},[],0.0,0,0,1.5,medium
NCIH510_LUNG,9,1,circular,221451,2,2,"[('17', 48121621, 48341201), ('18', 871074, 872943)]","[('17', 48341201, '18', 871074), ('18', 872943, '17', 48121621)]",1.0,"[('17', 48341201, '18', 871074), ('18', 872943, '17', 48121621)]",0.0,[],0.0,[],0.0,[],[],0,{},[],0.0,1,1,0.5,high
NCIH520_LUNG,1,1,linear,30591,1,1,"[('1', 40748181, 40717589)]","[('1', 40717589, '1', 40748181)]",0.0,[],1.0,"[('1', 40717589, '1', 40748181)]",0.0,[],0.0,[],[],0,{},[],0.0,0,0,1.5,medium
NCIH520_LUNG,4,1,circular,138835,2,1,"[('4', 1104202, 1176922), ('4', 1175578, 1109463)]","[('4', 1176922, '4', 1175578), ('4', 1109463, '4', 1104202)]",1.0,"[('4', 1109463, '4', 1104202)]",0.0,[],0.0,[],0.0,[],[],1,{},[],0.0,1,1,0.5,high
NCIH520_LUNG,4,2,linear,777184,4,1,"[('4', 973800, 1054668), ('4', 1055234, 1175578), ('4', 1176922, 1055234), ('4', 1054668, 600384)]","[('4', 1054668, '4', 1055234), ('4', 1175578, '4', 1176922), ('4', 1055234, '4', 1054668), ('4', 600384, '4', 973800)]",0.0,[],1.0,"[('4', 600384, '4', 973800)]",0.0,[],0.0,[],[],3,{},[],0.0,0,0,1.5,medium
NCIH520_LUNG,6,1,linear,444991,1,1,"[('8', 38703844, 38258852)]","[('8', 38258852, '8', 38703844)]",0.0,[],1.0,"[('8', 38258852, '8', 38703844)]",0.0,[],0.0,[],[],0,"{'8': {'FGFR1': {'type': ['oncogene', ' fusion'], 'loc': ('38411138', '38468834')}, 'NSD3': {'type': ['oncogene', ' fusion'], 'loc': ('38269697', '38382272')}}}","['FGFR1', 'NSD3']",0.0,0,0,1.5,medium
NCIH520_LUNG,8,1,linear,65003,1,1,"[('21', 31731834, 31666830)]","[('21', 31666830, '21', 31731834)]",0.0,[],1.0,"[('21', 31666830, '21', 31731834)]",0.0,[],0.0,[],[],0,{},[],0.0,0,0,1.5,medium
NCIH522_LUNG,1,1,linear,109840,1,1,"[('1', 125175196, 125065355)]","[('1', 125065355, '1', 125175196)]",0.0,[],1.0,"[('1', 125065355, '1', 125175196)]",0.0,[],1.0,"[('1', 125175196)]",['High Signal Region'],0,{},[],0.0,0,2,2.0625,low
NCIH522_LUNG,1,2,linear,66341,1,1,"[('7', 61073843, 61007501)]","[('7', 61007501, '7', 61073843)]",0.0,[],1.0,"[('7', 61007501, '7', 61073843)]",0.0,[],1.0,"[('7', 61073843)]",['High Signal Region'],0,{},[],0.0,0,2,2.0625,low
NCIH522_LUNG,1,3,linear,20910,2,1,"[('7', 62375914, 62376371), ('7', 62276988, 62256535)]","[('7', 62376371, '7', 62276988), ('7', 62256535, '7', 62375914)]",0.5,"[('7', 62376371, '7', 62276988)]",0.5,"[('7', 62256535, '7', 62375914)]",0.0,[],1.0,"[('7', 62376371), ('7', 62276988), ('7', 62375914)]","['High Signal Region', 'High Signal Region', 'High Signal Region']",0,{},[],0.0,0,2,1.0625,medium
NCIH522_LUNG,1,4,linear,20451,1,1,"[('7', 60933099, 60912647)]","[('7', 60912647, '7', 60933099)]",0.0,[],1.0,"[('7', 60912647, '7', 60933099)]",0.0,[],1.0,"[('7', 60912647), ('7', 60933099)]","['High Signal Region', 'High Signal Region']",0,{},[],0.0,0,2,2.0625,low
NCIH522_LUNG,1,5,linear,70346,1,1,"[('7', 58100000, 58029653)]","[('7', 58029653, '7', 58100000)]",0.0,[],1.0,"[('7', 58029653, '7', 58100000)]",0.0,[],1.0,"[('7', 58100000)]",['High Signal Region'],0,{},[],0.0,0,2,2.0625,low
NCIH522_LUNG,1,6,linear,50451,1,1,"[('7', 62331623, 62281171)]","[('7', 62281171, '7', 62331623)]",0.0,[],1.0,"[('7', 62281171, '7', 62331623)]",0.0,[],1.0,"[('7', 62281171), ('7', 62331623)]","['High Signal Region', 'High Signal Region']",0,{},[],0.0,0,2,2.0625,low
NCIH522_LUNG,2,1,linear,83081,2,1,"[('2', 97269698, 97190435), ('2', 97188554, 97184734)]","[('2', 97190435, '2', 97188554), ('2', 97184734, '2', 97269698)]",0.0,[],1.0,"[('2', 97184734, '2', 97269698)]",0.0,[],1.0,"[('2', 97190435), ('2', 97188554), ('2', 97184734), ('2', 97269698)]","['High Signal Region', 'High Signal Region', 'High Signal Region', 'High Signal Region']",1,{},[],0.0,0,2,2.0625,low
NCIH522_LUNG,3,1,linear,16386,1,1,"[('6', 58448889, 58432502)]","[('6', 58432502, '6', 58448889)]",0.0,[],1.0,"[('6', 58432502, '6', 58448889)]",0.0,[],1.0,"[('6', 58432502), ('6', 58448889)]","['High Signal Region', 'High Signal Region']",0,{},[],0.0,0,2,2.0625,low
NCIH522_LUNG,3,2,circular,12228,1,1,"[('6', 35786783, 35799010)]","[('6', 35799010, '6', 35786783)]",1.0,"[('6', 35799010, '6', 35786783)]",0.0,[],0.0,[],0.0,[],[],0,{},[],0.0,1,1,0.5,high
NCIH522_LUNG,3,3,linear,40452,1,1,"[('6', 61409918, 61369465)]","[('6', 61369465, '6', 61409918)]",0.0,[],1.0,"[('6', 61369465, '6', 61409918)]",0.0,[],1.0,"[('6', 61369465), ('6', 61409918)]","['High Signal Region', 'High Signal Region']",0,{},[],0.0,0,2,2.0625,low
NCIH522_LUNG,5,1,linear,84997,1,1,"[('6', 19409631, 19324633)]","[('6', 19324633, '6', 19409631)]",0.0,[],1.0,"[('6', 19324633, '6', 19409631)]",0.5,"[('6', 19409631, '6', 16815058)]",0.0,[],[],0,{},[],0.0,0,0,1.75,medium
NCIH522_LUNG,5,2,linear,2084960,1,1,"[('6', 18884641, 16799680)]","[('6', 16799680, '6', 18884641)]",0.0,[],1.0,"[('6', 16799680, '6', 18884641)]",0.0,[],0.0,[],[],0,"{'6': {'DEK': {'type': ['oncogene', ' fusion'], 'loc': ('18223868', '18264823')}}}",['DEK'],1.0,0,0,1.875,medium
NCIH524_LUNG,2,4,circular,1763,1,1,"[('8', 126433272, 126435034)]","[('8', 126435034, '8', 126433272)]",1.0,"[('8', 126435034, '8', 126433272)]",0.0,[],0.0,[],0.0,[],[],0,{},[],0.0,1,1,0.5,high
NCIH524_LUNG,2,6,circular,55469,1,1,"[('8', 125776923, 125832391)]","[('8', 125832391, '8', 125776923)]",1.0,"[('8', 125832391, '8', 125776923)]",0.0,[],0.0,[],0.0,[],[],0,{},[],0.0,1,1,0.5,high
NCIH524_LUNG,2,10,circular,202420,1,1,"[('8', 125835708, 126038127)]","[('8', 126038127, '8', 125835708)]",1.0,"[('8', 126038127, '8', 125835708)]",0.0,[],0.0,[],0.0,[],[],0,{},[],0.0,1,1,0.5,high
NCIH524_LUNG,2,11,circular,783394,8,1,"[('8', 126514396, 126361440), ('8', 127229750, 127365108), ('8', 127366072, 127552844), ('8', 126360285, 126437048), ('8', 127578678, 127583273), ('8', 127585380, 127796006), ('8', 125646393, 125645887), ('8', 120544067, 120528251)]","[('8', 126361440, '8', 127229750), ('8', 127365108, '8', 127366072), ('8', 127552844, '8', 126360285), ('8', 126437048, '8', 127578678), ('8', 127583273, '8', 127585380), ('8', 127796006, '8', 125646393), ('8', 125645887, '8', 120544067), ('8', 120528251, '8', 126514396)]",1.0,"[('8', 126361440, '8', 127229750), ('8', 127552844, '8', 126360285), ('8', 126437048, '8', 127578678), ('8', 127583273, '8', 127585380), ('8', 127796006, '8', 125646393), ('8', 125645887, '8', 120544067), ('8', 120528251, '8', 126514396)]",0.0,[],0.0,[],0.0,[],[],1,"{'8': {'MYC': {'type': ['oncogene', ' fusion'], 'loc': ('127735434', '127741434')}}}",['MYC'],0.0,1,1,0.5,high
NCIH524_LUNG,2,13,circular,4974,1,1,"[('8', 125755801, 125760774)]","[('8', 125760774, '8', 125755801)]",1.0,"[('8', 125760774, '8', 125755801)]",0.0,[],0.0,[],0.0,[],[],0,{},[],0.0,1,1,0.5,high
NCIH524_LUNG,2,14,circular,268925,3,1,"[('8', 125648178, 125775901), ('8', 126039414, 126075318), ('8', 127775383, 127880678)]","[('8', 125775901, '8', 126039414), ('8', 126075318, '8', 127775383), ('8', 127880678, '8', 125648178)]",1.0,"[('8', 125775901, '8', 126039414), ('8', 126075318, '8', 127775383), ('8', 127880678, '8', 125648178)]",0.0,[],0.0,[],0.0,[],[],0,{},[],0.0,1,1,0.5,high
NCIH524_LUNG,2,15,linear,4498,1,1,"[('8', 120542399, 120537900)]","[('8', 120537900, '8', 120542399)]",0.0,[],1.0,"[('8', 120537900, '8', 120542399)]",0.0,[],0.0,[],[],0,{},[],0.0,0,0,1.5,medium
NCIH526_LUNG,1,1,linear,859262,1,1,"[('1', 146149563, 145290300)]","[('1', 145290300, '1', 146149563)]",0.0,[],1.0,"[('1', 145290300, '1', 146149563)]",0.0,[],0.0,[],[],0,{},[],0.0,0,0,1.5,medium
NCIH526_LUNG,3,4,circular,351595,2,1,"[('2', 15354702, 15455167), ('2', 15457165, 15708293)]","[('2', 15455167, '2', 15457165), ('2', 15708293, '2', 15354702)]",1.0,"[('2', 15708293, '2', 15354702)]",0.0,[],0.0,[],0.0,[],[],1,{},[],0.0,1,1,0.5,high
NCIH526_LUNG,3,5,linear,296041,4,1,"[('2', 15167699, 15101223), ('2', 16857823, 16823055), ('2', 15738204, 15718102), ('2', 15718102, 15892799)]","[('2', 15101223, '2', 16857823), ('2', 16823055, '2', 15738204), ('2', 15718102, '2', 15718102), ('2', 15892799, '2', 15167699)]",0.6666666666666666,"[('2', 15101223, '2', 16857823), ('2', 16823055, '2', 15738204)]",0.3333333333333333,"[('2', 15892799, '2', 15167699)]",0.0,[],0.0,[],[],1,{},[],0.0,0,1,0.5,high
NCIH526_LUNG,3,15,circular,603274,4,1,"[('2', 15101223, 15156957), ('2', 15958469, 16225236), ('2', 16225240, 16107759), ('2', 16694533, 16857823)]","[('2', 15156957, '2', 15958469), ('2', 16225236, '2', 16225240), ('2', 16107759, '2', 16694533), ('2', 16857823, '2', 15101223)]",1.0,"[('2', 15156957, '2', 15958469), ('2', 16107759, '2', 16694533), ('2', 16857823, '2', 15101223)]",0.0,[],0.0,[],0.0,[],[],1,{},[],0.0,1,1,0.5,high
NCIH650_LUNG,4,1,linear,159283,1,1,"[('7', 62456699, 62297415)]","[('7', 62297415, '7', 62456699)]",0.0,[],1.0,"[('7', 62297415, '7', 62456699)]",0.0,[],1.0,"[('7', 62297415), ('7', 62456699)]","['High Signal Region', 'High Signal Region']",0,{},[],0.0,0,2,2.0625,low
NCIH650_LUNG,5,1,linear,3125253,1,1,"[('12', 40925254, 37800000)]","[('12', 37800000, '12', 40925254)]",0.0,[],1.0,"[('12', 37800000, '12', 40925254)]",0.0,[],0.0,[],[],0,{},[],1.0,0,0,1.875,medium
NCIH650_LUNG,7,1,linear,987388,2,1,"[('20', 44307880, 43645931), ('20', 43643259, 43317818)]","[('20', 43645931, '20', 43643259), ('20', 43317818, '20', 44307880)]",0.5,"[('20', 43645931, '20', 43643259)]",0.5,"[('20', 43317818, '20', 44307880)]",0.0,[],0.0,[],[],0,{},[],0.0,0,1,0.5,high
NCIH661_LUNG,1,1,linear,294993,1,1,"[('4', 56268851, 55973857)]","[('4', 55973857, '4', 56268851)]",0.0,[],1.0,"[('4', 55973857, '4', 56268851)]",0.0,[],0.0,[],[],0,{},[],0.0,0,0,1.5,medium
NCIH661_LUNG,3,1,linear,194106,1,1,"[('5', 46100000, 45905893)]","[('5', 45905893, '5', 46100000)]",0.0,[],1.0,"[('5', 45905893, '5', 46100000)]",0.0,[],0.0,[],[],0,{},[],0.0,0,0,1.5,medium
NCIH661_LUNG,4,1,linear,104997,1,1,"[('6', 38594266, 38489268)]","[('6', 38489268, '6', 38594266)]",0.0,[],1.0,"[('6', 38489268, '6', 38594266)]",0.0,[],0.0,[],[],0,{},[],0.0,0,0,1.5,medium
NCIH661_LUNG,5,1,linear,224995,1,1,"[('12', 24739577, 24514581)]","[('12', 24514581, '12', 24739577)]",0.0,[],1.0,"[('12', 24514581, '12', 24739577)]",0.0,[],0.0,[],[],0,{},[],0.0,0,0,1.5,medium
NCIH661_LUNG,6,1,linear,514990,1,1,"[('12', 25769559, 25254568)]","[('12', 25254568, '12', 25769559)]",0.0,[],1.0,"[('12', 25254568, '12', 25769559)]",0.0,[],0.0,[],[],0,{},[],0.0,0,0,1.5,medium
NCIH661_LUNG,8,1,circular,1158,1,1,"[('14', 35948053, 35949210)]","[('14', 35949210, '14', 35948053)]",1.0,"[('14', 35949210, '14', 35948053)]",0.0,[],0.0,[],1.0,"[('14', 35949210), ('14', 35948053)]","['High Signal Region', 'High Signal Region']",0,{},[],0.0,1,1,1.0625,medium
NCIH661_LUNG,9,1,linear,1085058,1,1,"[('19', 32621171, 31536112)]","[('19', 31536112, '19', 32621171)]",0.0,[],1.0,"[('19', 31536112, '19', 32621171)]",0.0,[],0.0,[],[],0,{},[],0.0,0,0,1.5,medium
NCIH69_LUNG,1,1,circular,14186,1,1,"[('2', 134520315, 134534500)]","[('2', 134534500, '2', 134520315)]",1.0,"[('2', 134534500, '2', 134520315)]",0.0,[],0.0,[],0.0,[],[],0,{},[],0.0,1,1,0.5,high
NCIH69_LUNG,1,2,circular,4438,1,1,"[('2', 134549621, 134554058)]","[('2', 134554058, '2', 134549621)]",1.0,"[('2', 134554058, '2', 134549621)]",0.0,[],0.0,[],0.0,[],[],0,{},[],0.0,1,1,0.5,high
NCIH69_LUNG,1,3,circular,6124,1,1,"[('2', 134554823, 134560946)]","[('2', 134560946, '2', 134554823)]",1.0,"[('2', 134560946, '2', 134554823)]",0.0,[],0.0,[],0.0,[],[],0,{},[],0.0,1,1,0.5,high
NCIH69_LUNG,1,4,circular,10086,1,1,"[('2', 134536138, 134546223)]","[('2', 134546223, '2', 134536138)]",1.0,"[('2', 134546223, '2', 134536138)]",0.0,[],0.0,[],0.0,[],[],0,{},[],0.0,1,1,0.5,high
NCIH69_LUNG,1,5,circular,5248,1,1,"[('2', 134561838, 134567085)]","[('2', 134567085, '2', 134561838)]",1.0,"[('2', 134567085, '2', 134561838)]",0.0,[],0.0,[],0.0,[],[],0,{},[],0.0,1,1,0.5,high
NCIH69_LUNG,1,6,circular,5234,1,1,"[('2', 140119941, 140125174)]","[('2', 140125174, '2', 140119941)]",1.0,"[('2', 140125174, '2', 140119941)]",0.0,[],0.0,[],0.0,[],[],0,{},[],0.0,1,1,0.5,high
NCIH69_LUNG,1,7,circular,2310,1,1,"[('2', 140105755, 140108064)]","[('2', 140108064, '2', 140105755)]",1.0,"[('2', 140108064, '2', 140105755)]",0.0,[],0.0,[],0.0,[],[],0,{},[],0.0,1,1,0.5,high
NCIH69_LUNG,1,8,circular,16844,1,1,"[('2', 53620844, 53637687)]","[('2', 53637687, '2', 53620844)]",1.0,"[('2', 53637687, '2', 53620844)]",0.0,[],0.0,[],0.0,[],[],0,{},[],0.0,1,1,0.5,high
NCIH69_LUNG,1,9,circular,3352,1,1,"[('2', 53613380, 53616731)]","[('2', 53616731, '2', 53613380)]",1.0,"[('2', 53616731, '2', 53613380)]",0.0,[],0.0,[],0.0,[],[],0,{},[],0.0,1,1,0.5,high
NCIH69_LUNG,1,11,circular,6137,1,1,"[('2', 16032915, 16039051)]","[('2', 16039051, '2', 16032915)]",1.0,"[('2', 16039051, '2', 16032915)]",0.0,[],0.0,[],0.0,[],[],0,{},[],0.0,1,1,0.5,high
NCIH69_LUNG,1,12,circular,3242,1,1,"[('2', 53609174, 53612415)]","[('2', 53612415, '2', 53609174)]",1.0,"[('2', 53612415, '2', 53609174)]",0.0,[],0.0,[],0.0,[],[],0,{},[],0.0,1,1,0.5,high
NCIH69_LUNG,1,13,circular,3024,1,1,"[('2', 139863024, 139866047)]","[('2', 139866047, '2', 139863024)]",1.0,"[('2', 139866047, '2', 139863024)]",0.0,[],0.0,[],0.0,[],[],0,{},[],0.0,1,1,0.5,high
NCIH69_LUNG,1,14,circular,7228,1,1,"[('2', 134634257, 134641484)]","[('2', 134641484, '2', 134634257)]",1.0,"[('2', 134641484, '2', 134634257)]",0.0,[],0.0,[],0.0,[],[],0,{},[],0.0,1,1,0.5,high
NCIH69_LUNG,1,15,circular,2622,1,1,"[('2', 139990816, 139993437)]","[('2', 139993437, '2', 139990816)]",1.0,"[('2', 139993437, '2', 139990816)]",0.0,[],0.0,[],0.0,[],[],0,{},[],0.0,1,1,0.5,high
NCIH69_LUNG,1,16,circular,8365,1,1,"[('2', 16018882, 16027246)]","[('2', 16027246, '2', 16018882)]",1.0,"[('2', 16027246, '2', 16018882)]",0.0,[],0.0,[],0.0,[],[],0,{},[],0.0,1,1,0.5,high
NCIH69_LUNG,1,17,circular,4720,1,1,"[('2', 16012768, 16017487)]","[('2', 16017487, '2', 16012768)]",1.0,"[('2', 16017487, '2', 16012768)]",0.0,[],0.0,[],0.0,[],[],0,{},[],0.0,1,1,0.5,high
NCIH69_LUNG,1,18,circular,5126,1,1,"[('2', 53662190, 53667315)]","[('2', 53667315, '2', 53662190)]",1.0,"[('2', 53667315, '2', 53662190)]",0.0,[],0.0,[],0.0,[],[],0,{},[],0.0,1,1,0.5,high
NCIH69_LUNG,1,19,circular,2517,1,1,"[('2', 53653216, 53655732)]","[('2', 53655732, '2', 53653216)]",1.0,"[('2', 53655732, '2', 53653216)]",0.0,[],0.0,[],0.0,[],[],0,{},[],0.0,1,1,0.5,high
NCIH69_LUNG,1,20,circular,6196,1,1,"[('2', 15917933, 15924128)]","[('2', 15924128, '2', 15917933)]",1.0,"[('2', 15924128, '2', 15917933)]",0.0,[],0.0,[],0.0,[],[],0,{},[],0.0,1,1,0.5,high
NCIH69_LUNG,1,21,circular,3590,1,1,"[('2', 53683218, 53686807)]","[('2', 53686807, '2', 53683218)]",1.0,"[('2', 53686807, '2', 53683218)]",0.0,[],0.0,[],0.0,[],[],0,{},[],0.0,1,1,0.5,high
NCIH69_LUNG,1,22,circular,1336,1,1,"[('2', 145176758, 145178093)]","[('2', 145178093, '2', 145176758)]",1.0,"[('2', 145178093, '2', 145176758)]",0.0,[],0.0,[],0.0,[],[],0,{},[],0.0,1,1,0.5,high
NCIH69_LUNG,1,23,circular,3114,1,1,"[('2', 53656420, 53659533)]","[('2', 53659533, '2', 53656420)]",1.0,"[('2', 53659533, '2', 53656420)]",0.0,[],0.0,[],0.0,[],[],0,{},[],0.0,1,1,0.5,high
NCIH69_LUNG,1,24,circular,4734,1,1,"[('2', 52959060, 52963793)]","[('2', 52963793, '2', 52959060)]",1.0,"[('2', 52963793, '2', 52959060)]",0.0,[],0.0,[],0.0,[],[],0,{},[],0.0,1,1,0.5,high
NCIH69_LUNG,1,25,circular,6655,1,1,"[('2', 136826170, 136832824)]","[('2', 136832824, '2', 136826170)]",1.0,"[('2', 136832824, '2', 136826170)]",0.0,[],0.0,[],0.0,[],[],0,{},[],0.0,1,1,0.5,high
NCIH69_LUNG,1,26,circular,4607,1,1,"[('2', 139833115, 139837721)]","[('2', 139837721, '2', 139833115)]",1.0,"[('2', 139837721, '2', 139833115)]",0.0,[],0.0,[],0.0,[],[],0,{},[],0.0,1,1,0.5,high
NCIH69_LUNG,1,27,circular,3190,1,1,"[('2', 134646463, 134649652)]","[('2', 134649652, '2', 134646463)]",1.0,"[('2', 134649652, '2', 134646463)]",0.0,[],0.0,[],0.0,[],[],0,{},[],0.0,1,1,0.5,high
NCIH69_LUNG,1,28,circular,6365,1,1,"[('2', 15994792, 16001156)]","[('2', 16001156, '2', 15994792)]",1.0,"[('2', 16001156, '2', 15994792)]",0.0,[],0.0,[],0.0,[],[],0,{},[],0.0,1,1,0.5,high
NCIH69_LUNG,1,29,circular,3691,1,1,"[('2', 140125883, 140129573)]","[('2', 140129573, '2', 140125883)]",1.0,"[('2', 140129573, '2', 140125883)]",0.0,[],0.0,[],0.0,[],[],0,{},[],0.0,1,1,0.5,high
NCIH69_LUNG,1,30,circular,9304,1,1,"[('2', 52935666, 52944969)]","[('2', 52944969, '2', 52935666)]",1.0,"[('2', 52944969, '2', 52935666)]",0.0,[],0.0,[],0.0,[],[],0,{},[],0.0,1,1,0.5,high
NCIH69_LUNG,1,31,circular,3098,1,1,"[('2', 53649133, 53652230)]","[('2', 53652230, '2', 53649133)]",1.0,"[('2', 53652230, '2', 53649133)]",0.0,[],0.0,[],0.0,[],[],0,{},[],0.0,1,1,0.5,high
NCIH69_LUNG,1,32,circular,2934,1,1,"[('2', 16044938, 16047871)]","[('2', 16047871, '2', 16044938)]",1.0,"[('2', 16047871, '2', 16044938)]",0.0,[],0.0,[],0.0,[],[],0,{},[],0.0,1,1,0.5,high
NCIH69_LUNG,1,33,circular,3292,1,1,"[('2', 15981790, 15985081)]","[('2', 15985081, '2', 15981790)]",1.0,"[('2', 15985081, '2', 15981790)]",0.0,[],0.0,[],0.0,[],[],0,{},[],0.0,1,1,0.5,high
NCIH69_LUNG,1,34,circular,5618,1,1,"[('2', 52952281, 52957898)]","[('2', 52957898, '2', 52952281)]",1.0,"[('2', 52957898, '2', 52952281)]",0.0,[],0.0,[],0.0,[],[],0,{},[],0.0,1,1,0.5,high
NCIH69_LUNG,1,35,circular,3441,1,1,"[('2', 140108731, 140112171)]","[('2', 140112171, '2', 140108731)]",1.0,"[('2', 140112171, '2', 140108731)]",0.0,[],0.0,[],0.0,[],[],0,{},[],0.0,1,1,0.5,high
NCIH69_LUNG,1,36,circular,4736,1,1,"[('2', 134587712, 134592447)]","[('2', 134592447, '2', 134587712)]",1.0,"[('2', 134592447, '2', 134587712)]",0.0,[],0.0,[],0.0,[],[],0,{},[],0.0,1,1,0.5,high
NCIH69_LUNG,1,37,circular,4369,1,1,"[('2', 53639712, 53644080)]","[('2', 53644080, '2', 53639712)]",1.0,"[('2', 53644080, '2', 53639712)]",0.0,[],0.0,[],0.0,[],[],0,{},[],0.0,1,1,0.5,high
NCIH69_LUNG,1,38,circular,2132,1,1,"[('2', 52932873, 52935004)]","[('2', 52935004, '2', 52932873)]",1.0,"[('2', 52935004, '2', 52932873)]",0.0,[],0.0,[],0.0,[],[],0,{},[],0.0,1,1,0.5,high
NCIH69_LUNG,1,39,circular,4361,1,1,"[('2', 139818387, 139822747)]","[('2', 139822747, '2', 139818387)]",1.0,"[('2', 139822747, '2', 139818387)]",0.0,[],0.0,[],0.0,[],[],0,{},[],0.0,1,1,0.5,high
NCIH69_LUNG,1,40,circular,3531,1,1,"[('2', 134610356, 134613886)]","[('2', 134613886, '2', 134610356)]",1.0,"[('2', 134613886, '2', 134610356)]",0.0,[],0.0,[],0.0,[],[],0,{},[],0.0,1,1,0.5,high
NCIH69_LUNG,1,41,circular,10532,1,1,"[('2', 136833639, 136844170)]","[('2', 136844170, '2', 136833639)]",1.0,"[('2', 136844170, '2', 136833639)]",0.0,[],0.0,[],0.0,[],[],0,{},[],0.0,1,1,0.5,high
NCIH69_LUNG,1,42,circular,8390,1,1,"[('2', 53671745, 53680134)]","[('2', 53680134, '2', 53671745)]",1.0,"[('2', 53680134, '2', 53671745)]",0.0,[],0.0,[],0.0,[],[],0,{},[],0.0,1,1,0.5,high
NCIH69_LUNG,1,43,circular,5704,1,1,"[('2', 139850291, 139855994)]","[('2', 139855994, '2', 139850291)]",1.0,"[('2', 139855994, '2', 139850291)]",0.0,[],0.0,[],0.0,[],[],0,{},[],0.0,1,1,0.5,high
NCIH69_LUNG,1,44,circular,2654,1,1,"[('2', 139758769, 139761422)]","[('2', 139761422, '2', 139758769)]",1.0,"[('2', 139761422, '2', 139758769)]",0.0,[],0.0,[],0.0,[],[],0,{},[],0.0,1,1,0.5,high
NCIH69_LUNG,1,45,circular,3494,1,1,"[('2', 53274628, 53278121)]","[('2', 53278121, '2', 53274628)]",1.0,"[('2', 53278121, '2', 53274628)]",0.0,[],0.0,[],0.0,[],[],0,{},[],0.0,1,1,0.5,high
NCIH69_LUNG,1,46,circular,16453,1,1,"[('2', 134568961, 134585413)]","[('2', 134585413, '2', 134568961)]",1.0,"[('2', 134585413, '2', 134568961)]",0.0,[],0.0,[],0.0,[],[],0,{},[],0.0,1,1,0.5,high
NCIH69_LUNG,1,47,circular,16481,1,1,"[('2', 145153744, 145170224)]","[('2', 145170224, '2', 145153744)]",1.0,"[('2', 145170224, '2', 145153744)]",0.0,[],0.0,[],0.0,[],[],0,{},[],0.0,1,1,0.5,high
NCIH69_LUNG,1,48,circular,2374,1,1,"[('2', 52994504, 52996877)]","[('2', 52996877, '2', 52994504)]",1.0,"[('2', 52996877, '2', 52994504)]",0.0,[],0.0,[],0.0,[],[],0,{},[],0.0,1,1,0.5,high
NCIH69_LUNG,1,50,circular,6946,1,1,"[('2', 134626557, 134633502)]","[('2', 134633502, '2', 134626557)]",1.0,"[('2', 134633502, '2', 134626557)]",0.0,[],0.0,[],0.0,[],[],0,{},[],0.0,1,1,0.5,high
NCIH69_LUNG,1,51,circular,2534,1,1,"[('2', 53422824, 53425357)]","[('2', 53425357, '2', 53422824)]",1.0,"[('2', 53425357, '2', 53422824)]",0.0,[],0.0,[],0.0,[],[],0,{},[],0.0,1,1,0.5,high
NCIH69_LUNG,1,52,circular,2873,1,1,"[('2', 139910502, 139913374)]","[('2', 139913374, '2', 139910502)]",1.0,"[('2', 139913374, '2', 139910502)]",0.0,[],0.0,[],0.0,[],[],0,{},[],0.0,1,1,0.5,high
NCIH69_LUNG,1,53,circular,3445,1,1,"[('2', 15911845, 15915289)]","[('2', 15915289, '2', 15911845)]",1.0,"[('2', 15915289, '2', 15911845)]",0.0,[],0.0,[],0.0,[],[],0,{},[],0.0,1,1,0.5,high
NCIH69_LUNG,1,54,circular,10789,1,1,"[('2', 139884948, 139895736)]","[('2', 139895736, '2', 139884948)]",1.0,"[('2', 139895736, '2', 139884948)]",0.0,[],0.0,[],0.0,[],[],0,{},[],0.0,1,1,0.5,high
NCIH69_LUNG,1,55,circular,5695,1,1,"[('2', 52945696, 52951390)]","[('2', 52951390, '2', 52945696)]",1.0,"[('2', 52951390, '2', 52945696)]",0.0,[],0.0,[],0.0,[],[],0,{},[],0.0,1,1,0.5,high
NCIH69_LUNG,1,57,circular,63,2,2,"[('X', 78590978, 78591037), ('2', 139757714, 139757716)]","[('X', 78591037, '2', 139757714), ('2', 139757716, 'X', 78590978)]",1.0,"[('X', 78591037, '2', 139757714), ('2', 139757716, 'X', 78590978)]",0.0,[],0.0,[],0.0,[],[],0,{},[],1.0,1,1,0.875,high
NCIH69_LUNG,1,58,circular,3923,1,1,"[('2', 140133986, 140137908)]","[('2', 140137908, '2', 140133986)]",1.0,"[('2', 140137908, '2', 140133986)]",0.0,[],0.0,[],0.0,[],[],0,{},[],0.0,1,1,0.5,high
NCIH69_LUNG,1,59,circular,3630,1,1,"[('2', 139938387, 139942016)]","[('2', 139942016, '2', 139938387)]",1.0,"[('2', 139942016, '2', 139938387)]",0.0,[],0.0,[],0.0,[],[],0,{},[],0.0,1,1,0.5,high
NCIH69_LUNG,1,60,circular,7015,1,1,"[('2', 53263417, 53270431)]","[('2', 53270431, '2', 53263417)]",1.0,"[('2', 53270431, '2', 53263417)]",0.0,[],0.0,[],0.0,[],[],0,{},[],0.0,1,1,0.5,high
NCIH69_LUNG,1,61,circular,6345,1,1,"[('2', 15970875, 15977219)]","[('2', 15977219, '2', 15970875)]",1.0,"[('2', 15977219, '2', 15970875)]",0.0,[],0.0,[],0.0,[],[],0,{},[],0.0,1,1,0.5,high
NCIH69_LUNG,1,62,circular,4121,1,1,"[('2', 53021025, 53025145)]","[('2', 53025145, '2', 53021025)]",1.0,"[('2', 53025145, '2', 53021025)]",0.0,[],0.0,[],0.0,[],[],0,{},[],0.0,1,1,0.5,high
NCIH69_LUNG,1,63,circular,9859,1,1,"[('2', 139896406, 139906264)]","[('2', 139906264, '2', 139896406)]",1.0,"[('2', 139906264, '2', 139896406)]",0.0,[],0.0,[],0.0,[],[],0,{},[],0.0,1,1,0.5,high
NCIH69_LUNG,1,64,circular,2980,1,1,"[('2', 15939168, 15942147)]","[('2', 15942147, '2', 15939168)]",1.0,"[('2', 15942147, '2', 15939168)]",0.0,[],0.0,[],0.0,[],[],0,{},[],0.0,1,1,0.5,high
NCIH69_LUNG,1,65,circular,1939,1,1,"[('2', 53578131, 53580069)]","[('2', 53580069, '2', 53578131)]",1.0,"[('2', 53580069, '2', 53578131)]",0.0,[],0.0,[],0.0,[],[],0,{},[],0.0,1,1,0.5,high
NCIH69_LUNG,1,66,circular,5688,1,1,"[('2', 15945544, 15951231)]","[('2', 15951231, '2', 15945544)]",1.0,"[('2', 15951231, '2', 15945544)]",0.0,[],0.0,[],0.0,[],[],0,{},[],0.0,1,1,0.5,high
NCIH69_LUNG,1,67,circular,9448,1,1,"[('2', 53490075, 53499522)]","[('2', 53499522, '2', 53490075)]",1.0,"[('2', 53499522, '2', 53490075)]",0.0,[],0.0,[],0.0,[],[],0,{},[],0.0,1,1,0.5,high
NCIH69_LUNG,1,69,circular,3040,1,1,"[('2', 53727972, 53731011)]","[('2', 53731011, '2', 53727972)]",1.0,"[('2', 53731011, '2', 53727972)]",0.0,[],0.0,[],0.0,[],[],0,{},[],0.0,1,1,0.5,high
NCIH69_LUNG,1,70,circular,6969,1,1,"[('2', 53452275, 53459243)]","[('2', 53459243, '2', 53452275)]",1.0,"[('2', 53459243, '2', 53452275)]",0.0,[],0.0,[],0.0,[],[],0,{},[],0.0,1,1,0.5,high
NCIH69_LUNG,1,71,circular,3069,1,1,"[('2', 53174885, 53177953)]","[('2', 53177953, '2', 53174885)]",1.0,"[('2', 53177953, '2', 53174885)]",0.0,[],0.0,[],0.0,[],[],0,{},[],0.0,1,1,0.5,high
NCIH69_LUNG,1,72,circular,10790,1,1,"[('2', 139838567, 139849356)]","[('2', 139849356, '2', 139838567)]",1.0,"[('2', 139849356, '2', 139838567)]",0.0,[],0.0,[],0.0,[],[],0,{},[],0.0,1,1,0.5,high
NCIH69_LUNG,1,73,circular,3071,1,1,"[('2', 53200583, 53203653)]","[('2', 53203653, '2', 53200583)]",1.0,"[('2', 53203653, '2', 53200583)]",0.0,[],0.0,[],0.0,[],[],0,{},[],0.0,1,1,0.5,high
NCIH69_LUNG,1,74,circular,8151,1,1,"[('2', 139969466, 139977616)]","[('2', 139977616, '2', 139969466)]",1.0,"[('2', 139977616, '2', 139969466)]",0.0,[],0.0,[],0.0,[],[],0,{},[],0.0,1,1,0.5,high
NCIH69_LUNG,1,75,circular,2928,1,1,"[('2', 53515947, 53518874)]","[('2', 53518874, '2', 53515947)]",1.0,"[('2', 53518874, '2', 53515947)]",0.0,[],0.0,[],0.0,[],[],0,{},[],0.0,1,1,0.5,high
NCIH69_LUNG,1,76,circular,2984,1,1,"[('2', 53553288, 53556271)]","[('2', 53556271, '2', 53553288)]",1.0,"[('2', 53556271, '2', 53553288)]",0.0,[],0.0,[],0.0,[],[],0,{},[],0.0,1,1,0.5,high
NCIH69_LUNG,1,77,circular,3067,1,1,"[('2', 136822338, 136825404)]","[('2', 136825404, '2', 136822338)]",1.0,"[('2', 136825404, '2', 136822338)]",0.0,[],0.0,[],0.0,[],[],0,{},[],0.0,1,1,0.5,high
NCIH69_LUNG,1,78,circular,4000,1,1,"[('2', 53179743, 53183742)]","[('2', 53183742, '2', 53179743)]",1.0,"[('2', 53183742, '2', 53179743)]",0.0,[],0.0,[],0.0,[],[],0,{},[],0.0,1,1,0.5,high
NCIH69_LUNG,1,79,circular,3981,1,1,"[('2', 53000974, 53004954)]","[('2', 53004954, '2', 53000974)]",1.0,"[('2', 53004954, '2', 53000974)]",0.0,[],0.0,[],0.0,[],[],0,{},[],0.0,1,1,0.5,high
NCIH69_LUNG,1,80,circular,3476,1,1,"[('2', 53544354, 53547829)]","[('2', 53547829, '2', 53544354)]",1.0,"[('2', 53547829, '2', 53544354)]",0.0,[],0.0,[],0.0,[],[],0,{},[],0.0,1,1,0.5,high
NCIH69_LUNG,1,81,circular,13167,1,1,"[('2', 139783903, 139797069)]","[('2', 139797069, '2', 139783903)]",1.0,"[('2', 139797069, '2', 139783903)]",0.0,[],0.0,[],0.0,[],[],0,{},[],0.0,1,1,0.5,high
NCIH69_LUNG,1,82,circular,2127,1,1,"[('2', 53502843, 53504969)]","[('2', 53504969, '2', 53502843)]",1.0,"[('2', 53504969, '2', 53502843)]",0.0,[],0.0,[],0.0,[],[],0,{},[],0.0,1,1,0.5,high
NCIH69_LUNG,1,83,circular,4722,1,1,"[('2', 53483580, 53488301)]","[('2', 53488301, '2', 53483580)]",1.0,"[('2', 53488301, '2', 53483580)]",0.0,[],0.0,[],0.0,[],[],0,{},[],0.0,1,1,0.5,high
NCIH69_LUNG,1,84,circular,2845,1,1,"[('2', 53470595, 53473439)]","[('2', 53473439, '2', 53470595)]",1.0,"[('2', 53473439, '2', 53470595)]",0.0,[],0.0,[],0.0,[],[],0,{},[],0.0,1,1,0.5,high
NCIH69_LUNG,1,85,circular,2916,1,1,"[('2', 53288900, 53291815)]","[('2', 53291815, '2', 53288900)]",1.0,"[('2', 53291815, '2', 53288900)]",0.0,[],0.0,[],0.0,[],[],0,{},[],0.0,1,1,0.5,high
NCIH69_LUNG,1,86,circular,3942,1,1,"[('2', 140074400, 140078341)]","[('2', 140078341, '2', 140074400)]",1.0,"[('2', 140078341, '2', 140074400)]",0.0,[],0.0,[],0.0,[],[],0,{},[],0.0,1,1,0.5,high
NCIH69_LUNG,1,87,circular,7040,1,1,"[('2', 140065572, 140072611)]","[('2', 140072611, '2', 140065572)]",1.0,"[('2', 140072611, '2', 140065572)]",0.0,[],0.0,[],0.0,[],[],0,{},[],0.0,1,1,0.5,high
NCIH69_LUNG,1,88,circular,6174,1,1,"[('2', 52978180, 52984353)]","[('2', 52984353, '2', 52978180)]",1.0,"[('2', 52984353, '2', 52978180)]",0.0,[],0.0,[],0.0,[],[],0,{},[],0.0,1,1,0.5,high
NCIH69_LUNG,1,89,circular,4975,1,1,"[('2', 139809833, 139814807)]","[('2', 139814807, '2', 139809833)]",1.0,"[('2', 139814807, '2', 139809833)]",0.0,[],0.0,[],0.0,[],[],0,{},[],0.0,1,1,0.5,high
NCIH69_LUNG,1,90,circular,3153,1,1,"[('2', 53192100, 53195252)]","[('2', 53195252, '2', 53192100)]",1.0,"[('2', 53195252, '2', 53192100)]",0.0,[],0.0,[],0.0,[],[],0,{},[],0.0,1,1,0.5,high
NCIH69_LUNG,1,91,circular,11684,1,1,"[('2', 139949114, 139960797)]","[('2', 139960797, '2', 139949114)]",1.0,"[('2', 139960797, '2', 139949114)]",0.0,[],0.0,[],0.0,[],[],0,{},[],0.0,1,1,0.5,high
NCIH69_LUNG,1,92,circular,7083,1,1,"[('2', 53124871, 53131953)]","[('2', 53131953, '2', 53124871)]",1.0,"[('2', 53131953, '2', 53124871)]",0.0,[],0.0,[],0.0,[],[],0,{},[],0.0,1,1,0.5,high
NCIH69_LUNG,1,93,circular,3557,1,1,"[('2', 53208587, 53212143)]","[('2', 53212143, '2', 53208587)]",1.0,"[('2', 53212143, '2', 53208587)]",0.0,[],0.0,[],0.0,[],[],0,{},[],0.0,1,1,0.5,high
NCIH69_LUNG,1,94,circular,4822,1,1,"[('2', 53005726, 53010547)]","[('2', 53010547, '2', 53005726)]",1.0,"[('2', 53010547, '2', 53005726)]",0.0,[],0.0,[],0.0,[],[],0,{},[],0.0,1,1,0.5,high
NCIH69_LUNG,1,95,circular,2861,1,1,"[('2', 53157102, 53159962)]","[('2', 53159962, '2', 53157102)]",1.0,"[('2', 53159962, '2', 53157102)]",0.0,[],0.0,[],0.0,[],[],0,{},[],0.0,1,1,0.5,high
NCIH69_LUNG,1,96,circular,3418,1,1,"[('2', 145149568, 145152985)]","[('2', 145152985, '2', 145149568)]",1.0,"[('2', 145152985, '2', 145149568)]",0.0,[],0.0,[],0.0,[],[],0,{},[],0.0,1,1,0.5,high
NCIH69_LUNG,1,97,circular,1888,1,1,"[('2', 86504724, 86506611)]","[('2', 86506611, '2', 86504724)]",1.0,"[('2', 86506611, '2', 86504724)]",0.0,[],0.0,[],0.0,[],[],0,{},[],0.0,1,1,0.5,high
NCIH69_LUNG,1,98,circular,3495,1,1,"[('2', 53511596, 53515090)]","[('2', 53515090, '2', 53511596)]",1.0,"[('2', 53515090, '2', 53511596)]",0.0,[],0.0,[],0.0,[],[],0,{},[],0.0,1,1,0.5,high
NCIH69_LUNG,1,99,circular,11526,1,1,"[('2', 53426065, 53437590)]","[('2', 53437590, '2', 53426065)]",1.0,"[('2', 53437590, '2', 53426065)]",0.0,[],0.0,[],0.0,[],[],0,{},[],0.0,1,1,0.5,high
NCIH69_LUNG,1,100,circular,2672,1,1,"[('2', 53645711, 53648382)]","[('2', 53648382, '2', 53645711)]",1.0,"[('2', 53648382, '2', 53645711)]",0.0,[],0.0,[],0.0,[],[],0,{},[],0.0,1,1,0.5,high
NCIH69_LUNG,1,101,circular,7164,1,1,"[('2', 53405001, 53412164)]","[('2', 53412164, '2', 53405001)]",1.0,"[('2', 53412164, '2', 53405001)]",0.0,[],0.0,[],0.0,[],[],0,{},[],0.0,1,1,0.5,high
NCIH69_LUNG,1,102,circular,3217,1,1,"[('2', 53414992, 53418208)]","[('2', 53418208, '2', 53414992)]",1.0,"[('2', 53418208, '2', 53414992)]",0.0,[],0.0,[],0.0,[],[],0,{},[],0.0,1,1,0.5,high
NCIH69_LUNG,1,103,circular,3440,1,1,"[('2', 53235066, 53238505)]","[('2', 53238505, '2', 53235066)]",1.0,"[('2', 53238505, '2', 53235066)]",0.0,[],0.0,[],0.0,[],[],0,{},[],0.0,1,1,0.5,high
NCIH69_LUNG,1,104,circular,2771,1,1,"[('2', 53721640, 53724410)]","[('2', 53724410, '2', 53721640)]",1.0,"[('2', 53724410, '2', 53721640)]",0.0,[],0.0,[],0.0,[],[],0,{},[],0.0,1,1,0.5,high
NCIH69_LUNG,1,105,circular,3160,1,1,"[('2', 53419001, 53422160)]","[('2', 53422160, '2', 53419001)]",1.0,"[('2', 53422160, '2', 53419001)]",0.0,[],0.0,[],0.0,[],[],0,{},[],0.0,1,1,0.5,high
NCIH69_LUNG,1,106,circular,2946,1,1,"[('2', 53231450, 53234395)]","[('2', 53234395, '2', 53231450)]",1.0,"[('2', 53234395, '2', 53231450)]",0.0,[],0.0,[],0.0,[],[],0,{},[],0.0,1,1,0.5,high
NCIH69_LUNG,1,107,circular,10805,1,1,"[('2', 53707723, 53718527)]","[('2', 53718527, '2', 53707723)]",1.0,"[('2', 53718527, '2', 53707723)]",0.0,[],0.0,[],0.0,[],[],0,{},[],0.0,1,1,0.5,high
NCIH69_LUNG,1,108,circular,258508,7,1,"[('2', 145130284, 145181196), ('2', 76985056, 76993445), ('2', 86504308, 86507093), ('2', 53732657, 53732046), ('2', 139808311, 139943680), ('2', 139991626, 139934547), ('2', 16045389, 16048749)]","[('2', 145181196, '2', 76985056), ('2', 76993445, '2', 86504308), ('2', 86507093, '2', 53732657), ('2', 53732046, '2', 139808311), ('2', 139943680, '2', 139991626), ('2', 139934547, '2', 16045389), ('2', 16048749, '2', 145130284)]",1.0,"[('2', 145181196, '2', 76985056), ('2', 76993445, '2', 86504308), ('2', 86507093, '2', 53732657), ('2', 53732046, '2', 139808311), ('2', 139943680, '2', 139991626), ('2', 139934547, '2', 16045389), ('2', 16048749, '2', 145130284)]",0.0,[],0.0,[],0.0,[],[],0,{},[],0.0,1,1,0.5,high
NCIH69_LUNG,1,109,circular,4921,1,1,"[('2', 53027433, 53032353)]","[('2', 53032353, '2', 53027433)]",1.0,"[('2', 53032353, '2', 53027433)]",0.0,[],0.0,[],0.0,[],[],0,{},[],0.0,1,1,0.5,high
NCIH69_LUNG,1,110,circular,3986,1,1,"[('2', 140041287, 140045272)]","[('2', 140045272, '2', 140041287)]",1.0,"[('2', 140045272, '2', 140041287)]",0.0,[],0.0,[],0.0,[],[],0,{},[],0.0,1,1,0.5,high
NCIH69_LUNG,1,111,circular,8767,1,1,"[('2', 139918964, 139927730)]","[('2', 139927730, '2', 139918964)]",1.0,"[('2', 139927730, '2', 139918964)]",0.0,[],0.0,[],0.0,[],[],0,{},[],0.0,1,1,0.5,high
NCIH69_LUNG,1,112,circular,3232,1,1,"[('2', 53248703, 53251934)]","[('2', 53251934, '2', 53248703)]",1.0,"[('2', 53251934, '2', 53248703)]",0.0,[],0.0,[],0.0,[],[],0,{},[],0.0,1,1,0.5,high
NCIH69_LUNG,1,113,circular,7456,1,1,"[('2', 76985537, 76992992)]","[('2', 76992992, '2', 76985537)]",1.0,"[('2', 76992992, '2', 76985537)]",0.0,[],0.0,[],0.0,[],[],0,{},[],0.0,1,1,0.5,high
NCIH69_LUNG,1,114,circular,8120,1,1,"[('2', 53519681, 53527800)]","[('2', 53527800, '2', 53519681)]",1.0,"[('2', 53527800, '2', 53519681)]",0.0,[],0.0,[],0.0,[],[],0,{},[],0.0,1,1,0.5,high
NCIH69_LUNG,1,115,circular,3806,1,1,"[('2', 53195967, 53199772)]","[('2', 53199772, '2', 53195967)]",1.0,"[('2', 53199772, '2', 53195967)]",0.0,[],0.0,[],0.0,[],[],0,{},[],0.0,1,1,0.5,high
NCIH69_LUNG,1,116,circular,6740,1,1,"[('2', 53459995, 53466734)]","[('2', 53466734, '2', 53459995)]",1.0,"[('2', 53466734, '2', 53459995)]",0.0,[],0.0,[],0.0,[],[],0,{},[],0.0,1,1,0.5,high
NCIH69_LUNG,1,117,circular,6254,1,1,"[('2', 53438325, 53444578)]","[('2', 53444578, '2', 53438325)]",1.0,"[('2', 53444578, '2', 53438325)]",0.0,[],0.0,[],0.0,[],[],0,{},[],0.0,1,1,0.5,high
NCIH69_LUNG,1,118,circular,6081,1,1,"[('2', 145134752, 145140832)]","[('2', 145140832, '2', 145134752)]",1.0,"[('2', 145140832, '2', 145134752)]",0.0,[],0.0,[],0.0,[],[],0,{},[],0.0,1,1,0.5,high
NCIH69_LUNG,1,119,circular,3320,1,1,"[('2', 53385070, 53388389)]","[('2', 53388389, '2', 53385070)]",1.0,"[('2', 53388389, '2', 53385070)]",0.0,[],0.0,[],0.0,[],[],0,{},[],0.0,1,1,0.5,high
NCIH69_LUNG,1,120,circular,5671,1,1,"[('2', 53571271, 53576941)]","[('2', 53576941, '2', 53571271)]",1.0,"[('2', 53576941, '2', 53571271)]",0.0,[],0.0,[],0.0,[],[],0,{},[],0.0,1,1,0.5,high
NCIH69_LUNG,1,121,linear,742062,11,1,"[('2', 76987500, 76993445), ('2', 86504308, 86507093), ('2', 53732657, 53703524), ('2', 15911407, 16027705), ('2', 53689667, 53629478), ('2', 53302288, 53306580), ('2', 53320409, 53689667), ('2', 16027705, 15911407), ('2', 53703524, 53732657), ('2', 86507093, 86504308), ('2', 76993445, 76987500)]","[('2', 76993445, '2', 86504308), ('2', 86507093, '2', 53732657), ('2', 53703524, '2', 15911407), ('2', 16027705, '2', 53689667), ('2', 53629478, '2', 53302288), ('2', 53306580, '2', 53320409), ('2', 53689667, '2', 16027705), ('2', 15911407, '2', 53703524), ('2', 53732657, '2', 86507093), ('2', 86504308, '2', 76993445), ('2', 76987500, '2', 76987500)]",1.0,"[('2', 76993445, '2', 86504308), ('2', 86507093, '2', 53732657), ('2', 53703524, '2', 15911407), ('2', 16027705, '2', 53689667), ('2', 53629478, '2', 53302288), ('2', 53306580, '2', 53320409), ('2', 53689667, '2', 16027705), ('2', 15911407, '2', 53703524), ('2', 53732657, '2', 86507093), ('2', 86504308, '2', 76993445)]",0.0,[],0.0,[],0.0,[],[],1,"{'2': {'MYCN': {'type': ['oncogene'], 'loc': ('15940564', '15947007')}}}","['MYCN', 'MYCN']",0.0,0,1,0.5,high
NCIH69_LUNG,2,1,circular,2901,2,1,"[('12', 9405842, 9406259), ('12', 31118307, 31120789)]","[('12', 9406259, '12', 31118307), ('12', 31120789, '12', 9405842)]",1.0,"[('12', 9406259, '12', 31118307), ('12', 31120789, '12', 9405842)]",0.0,[],0.0,[],0.0,[],[],0,{},[],0.0,1,1,0.5,high
NCIH69_LUNG,2,2,linear,748968,1,1,"[('12', 31124399, 30375430)]","[('12', 30375430, '12', 31124399)]",0.0,[],1.0,"[('12', 30375430, '12', 31124399)]",0.0,[],0.0,[],[],0,{},[],0.0,0,0,1.5,medium
NCIH82_LUNG,1,1,circular,5020,1,1,"[('8', 127400641, 127405660)]","[('8', 127405660, '8', 127400641)]",1.0,"[('8', 127405660, '8', 127400641)]",0.0,[],0.0,[],0.0,[],[],0,{},[],0.0,1,1,0.5,high
NCIH82_LUNG,1,2,circular,3205,1,1,"[('8', 127304732, 127307936)]","[('8', 127307936, '8', 127304732)]",1.0,"[('8', 127307936, '8', 127304732)]",0.0,[],0.0,[],0.0,[],[],0,{},[],0.0,1,1,0.5,high
NCIH82_LUNG,1,4,circular,6820,1,1,"[('8', 127421812, 127428631)]","[('8', 127428631, '8', 127421812)]",1.0,"[('8', 127428631, '8', 127421812)]",0.0,[],0.0,[],0.0,[],[],0,{},[],0.0,1,1,0.5,high
NCIH82_LUNG,1,5,circular,76305,1,1,"[('8', 127270327, 127346631)]","[('8', 127346631, '8', 127270327)]",1.0,"[('8', 127346631, '8', 127270327)]",0.0,[],0.0,[],0.0,[],[],0,{},[],0.0,1,1,0.5,high
NCIH82_LUNG,1,6,circular,6249,1,1,"[('8', 127297452, 127303700)]","[('8', 127303700, '8', 127297452)]",1.0,"[('8', 127303700, '8', 127297452)]",0.0,[],0.0,[],0.0,[],[],0,{},[],0.0,1,1,0.5,high
NCIH82_LUNG,1,7,circular,3498,1,1,"[('8', 96618213, 96621710)]","[('8', 96621710, '8', 96618213)]",1.0,"[('8', 96621710, '8', 96618213)]",0.0,[],0.0,[],0.0,[],[],0,{},[],0.0,1,1,0.5,high
NCIH82_LUNG,1,10,circular,6360,1,1,"[('8', 127696476, 127702835)]","[('8', 127702835, '8', 127696476)]",1.0,"[('8', 127702835, '8', 127696476)]",0.0,[],0.0,[],0.0,[],[],0,{},[],0.0,1,1,0.5,high
NCIH82_LUNG,1,11,circular,2028,1,1,"[('8', 96626944, 96628971)]","[('8', 96628971, '8', 96626944)]",1.0,"[('8', 96628971, '8', 96626944)]",0.0,[],0.0,[],0.0,[],[],0,{},[],0.0,1,1,0.5,high
NCIH82_LUNG,1,12,circular,2671,1,1,"[('8', 96699746, 96702416)]","[('8', 96702416, '8', 96699746)]",1.0,"[('8', 96702416, '8', 96699746)]",0.0,[],0.0,[],0.0,[],[],0,{},[],0.0,1,1,0.5,high
NCIH82_LUNG,1,13,circular,3326,1,1,"[('8', 127406519, 127409844)]","[('8', 127409844, '8', 127406519)]",1.0,"[('8', 127409844, '8', 127406519)]",0.0,[],0.0,[],0.0,[],[],0,{},[],0.0,1,1,0.5,high
NCIH82_LUNG,1,15,circular,7277,1,1,"[('8', 127330275, 127337551)]","[('8', 127337551, '8', 127330275)]",1.0,"[('8', 127337551, '8', 127330275)]",0.0,[],0.0,[],0.0,[],[],0,{},[],0.0,1,1,0.5,high
NCIH82_LUNG,1,16,circular,4872,1,1,"[('8', 127387606, 127392477)]","[('8', 127392477, '8', 127387606)]",1.0,"[('8', 127392477, '8', 127387606)]",0.0,[],0.0,[],0.0,[],[],0,{},[],0.0,1,1,0.5,high
NCIH82_LUNG,1,17,circular,4802,1,1,"[('8', 127443946, 127448747)]","[('8', 127448747, '8', 127443946)]",1.0,"[('8', 127448747, '8', 127443946)]",0.0,[],0.0,[],0.0,[],[],0,{},[],0.0,1,1,0.5,high
NCIH82_LUNG,1,18,circular,504,1,1,"[('8', 127277154, 127277657)]","[('8', 127277657, '8', 127277154)]",1.0,"[('8', 127277657, '8', 127277154)]",0.0,[],0.0,[],0.0,[],[],0,{},[],1.0,1,1,0.875,high
NCIH82_LUNG,1,19,circular,3083,1,1,"[('8', 127497118, 127500200)]","[('8', 127500200, '8', 127497118)]",1.0,"[('8', 127500200, '8', 127497118)]",0.0,[],0.0,[],0.0,[],[],0,{},[],0.0,1,1,0.5,high
NCIH82_LUNG,1,20,circular,6079,1,1,"[('8', 127321415, 127327493)]","[('8', 127327493, '8', 127321415)]",1.0,"[('8', 127327493, '8', 127321415)]",0.0,[],0.0,[],0.0,[],[],0,{},[],0.0,1,1,0.5,high
NCIH82_LUNG,1,21,circular,4649,1,1,"[('8', 127363876, 127368524)]","[('8', 127368524, '8', 127363876)]",1.0,"[('8', 127368524, '8', 127363876)]",0.0,[],0.0,[],0.0,[],[],0,{},[],0.0,1,1,0.5,high
NCIH82_LUNG,1,22,circular,4650,1,1,"[('8', 127343093, 127347742)]","[('8', 127347742, '8', 127343093)]",1.0,"[('8', 127347742, '8', 127343093)]",0.0,[],0.0,[],0.0,[],[],0,{},[],0.0,1,1,0.5,high
NCIH82_LUNG,1,23,circular,3394,1,1,"[('8', 96727089, 96730482)]","[('8', 96730482, '8', 96727089)]",1.0,"[('8', 96730482, '8', 96727089)]",0.0,[],0.0,[],0.0,[],[],0,{},[],0.0,1,1,0.5,high
NCIH82_LUNG,1,24,circular,3870,1,1,"[('8', 127663557, 127667426)]","[('8', 127667426, '8', 127663557)]",1.0,"[('8', 127667426, '8', 127663557)]",0.0,[],0.0,[],0.0,[],[],0,{},[],0.0,1,1,0.5,high
NCIH82_LUNG,1,25,circular,6597,1,1,"[('8', 127372721, 127379317)]","[('8', 127379317, '8', 127372721)]",1.0,"[('8', 127379317, '8', 127372721)]",0.0,[],0.0,[],0.0,[],[],0,{},[],0.0,1,1,0.5,high
NCIH82_LUNG,1,26,circular,2468,1,1,"[('8', 127269218, 127271685)]","[('8', 127271685, '8', 127269218)]",1.0,"[('8', 127271685, '8', 127269218)]",0.0,[],0.0,[],0.0,[],[],0,{},[],0.0,1,1,0.5,high
NCIH82_LUNG,1,27,circular,3861029,7,1,"[('14', 62293072, 62900148), ('14', 60054204, 59876523), ('14', 59874679, 59552460), ('14', 56095795, 58239930), ('14', 46263128, 46318938), ('14', 22036492, 21725702), ('14', 23171023, 23414340)]","[('14', 62900148, '14', 60054204), ('14', 59876523, '14', 59874679), ('14', 59552460, '14', 56095795), ('14', 58239930, '14', 46263128), ('14', 46318938, '14', 22036492), ('14', 21725702, '14', 23171023), ('14', 23414340, '14', 62293072)]",1.0,"[('14', 62900148, '14', 60054204), ('14', 59552460, '14', 56095795), ('14', 58239930, '14', 46263128), ('14', 46318938, '14', 22036492), ('14', 21725702, '14', 23171023), ('14', 23414340, '14', 62293072)]",0.0,[],0.0,[],0.0,[],[],1,{},[],1.0,1,1,0.875,high
NCIH82_LUNG,1,29,linear,1922808,5,1,"[('8', 96970499, 96591584), ('8', 127025429, 127551775), ('8', 127554652, 127772055), ('8', 127446657, 127025429), ('8', 96591584, 96970499)]","[('8', 96591584, '8', 127025429), ('8', 127551775, '8', 127554652), ('8', 127772055, '8', 127446657), ('8', 127025429, '8', 96591584), ('8', 96970499, '8', 96970499)]",1.0,"[('8', 96591584, '8', 127025429), ('8', 127551775, '8', 127554652), ('8', 127772055, '8', 127446657), ('8', 127025429, '8', 96591584)]",0.0,[],0.0,[],0.0,[],[],1,"{'8': {'MYC': {'type': ['oncogene', ' fusion'], 'loc': ('127735434', '127741434')}}}",['MYC'],1.0,0,1,0.875,high
NCIH82_LUNG,1,30,circular,1319,1,1,"[('8', 127538619, 127539937)]","[('8', 127539937, '8', 127538619)]",1.0,"[('8', 127539937, '8', 127538619)]",0.0,[],0.0,[],0.0,[],[],0,{},[],0.0,1,1,0.5,high
NCIH838_LUNG,5,1,circular,2858,2,1,"[('12', 9405842, 9406261), ('12', 31118305, 31120742)]","[('12', 9406261, '12', 31118305), ('12', 31120742, '12', 9405842)]",1.0,"[('12', 9406261, '12', 31118305), ('12', 31120742, '12', 9405842)]",0.0,[],0.0,[],0.0,[],[],0,{},[],0.0,1,1,0.5,high
NCIH838_LUNG,5,2,linear,9323035,2,1,"[('12', 33200000, 30765858), ('12', 30765357, 23876462)]","[('12', 30765858, '12', 30765357), ('12', 23876462, '12', 33200000)]",0.0,[],1.0,"[('12', 23876462, '12', 33200000)]",0.0,[],0.0,[],[],1,"{'12': {'KRAS': {'type': ['oncogene'], 'loc': ('25204789', '25250936')}, 'PPFIBP1': {'type': ['fusion'], 'loc': ('27523431', '27695564')}}}","['KRAS', 'PPFIBP1']",1.0,0,0,1.875,medium
NCIH838_LUNG,5,3,linear,1550048,1,1,"[('12', 33200000, 31649951)]","[('12', 31649951, '12', 33200000)]",0.0,[],1.0,"[('12', 31649951, '12', 33200000)]",0.0,[],0.0,[],[],0,{},[],0.0,0,0,1.5,medium
NCIH838_LUNG,6,1,circular,294308,2,1,"[('12', 86269978, 86553239), ('12', 86547685, 86536638)]","[('12', 86553239, '12', 86547685), ('12', 86536638, '12', 86269978)]",1.0,"[('12', 86553239, '12', 86547685), ('12', 86536638, '12', 86269978)]",0.0,[],0.0,[],0.0,[],[],0,{},[],0.0,1,1,0.5,high
NCIH841_LUNG,2,1,circular,292,2,2,"[('8', 30287885, 30288106), ('17', 7264570, 7264639)]","[('8', 30288106, '17', 7264570), ('17', 7264639, '8', 30287885)]",1.0,"[('8', 30288106, '17', 7264570), ('17', 7264639, '8', 30287885)]",0.0,[],0.0,[],0.0,[],[],0,{},[],1.0,1,1,0.875,high
NCIH841_LUNG,2,2,linear,20443,1,1,"[('17', 21440177, 21419733)]","[('17', 21419733, '17', 21440177)]",0.0,[],1.0,"[('17', 21419733, '17', 21440177)]",0.0,[],0.0,[],[],0,{},[],0.0,0,0,1.5,medium
NCIH841_LUNG,2,3,linear,300007,1,1,"[('17', 9249743, 8949735)]","[('17', 8949735, '17', 9249743)]",0.0,[],1.0,"[('17', 8949735, '17', 9249743)]",0.0,[],0.0,[],[],0,{},[],0.0,0,0,1.5,medium
NCIH841_LUNG,3,2,circular,4192,2,2,"[('Y', 6532955, 6535619), ('X', 89205908, 89207434)]","[('Y', 6535619, 'X', 89205908), ('X', 89207434, 'Y', 6532955)]",1.0,"[('Y', 6535619, 'X', 89205908), ('X', 89207434, 'Y', 6532955)]",0.0,[],0.0,[],1.0,"[('X', 89205908), ('X', 89207434)]","['High Signal Region', 'High Signal Region']",0,{},[],0.0,1,1,1.0625,medium
NCIH889_LUNG,1,1,circular,635819,7,1,"[('1', 38802744, 39018870), ('1', 39659917, 39757570), ('1', 39760884, 39921735), ('1', 40182021, 40098181), ('1', 39357033, 39343975), ('1', 39056267, 39022265), ('1', 39651528, 39621238)]","[('1', 39018870, '1', 39659917), ('1', 39757570, '1', 39760884), ('1', 39921735, '1', 40182021), ('1', 40098181, '1', 39357033), ('1', 39343975, '1', 39056267), ('1', 39022265, '1', 39651528), ('1', 39621238, '1', 38802744)]",1.0,"[('1', 39018870, '1', 39659917), ('1', 39757570, '1', 39760884), ('1', 39921735, '1', 40182021), ('1', 40098181, '1', 39357033), ('1', 39343975, '1', 39056267), ('1', 39022265, '1', 39651528), ('1', 39621238, '1', 38802744)]",0.0,[],0.0,[],0.0,[],[],0,"{'1': {'MYCL': {'type': ['oncogene'], 'loc': ('39895426', '39902256')}}}",['MYCL'],0.0,1,1,0.5,high
NCIH889_LUNG,1,4,linear,63598,1,1,"[('1', 40171199, 40107600)]","[('1', 40107600, '1', 40171199)]",0.0,[],1.0,"[('1', 40107600, '1', 40171199)]",0.0,[],0.0,[],[],0,{},[],0.0,0,0,1.5,medium
NCIH889_LUNG,1,5,linear,422079,1,1,"[('1', 40529680, 40107600)]","[('1', 40107600, '1', 40529680)]",0.0,[],1.0,"[('1', 40107600, '1', 40529680)]",0.0,[],0.0,[],[],0,{},[],0.0,0,0,1.5,medium
NCIN87_STOMACH,2,2,circular,622682,2,1,"[('17', 39485741, 39802743), ('17', 39801466, 39495786)]","[('17', 39802743, '17', 39801466), ('17', 39495786, '17', 39485741)]",1.0,"[('17', 39495786, '17', 39485741)]",0.0,[],0.0,[],0.0,[],[],1,"{'17': {'ERBB2': {'type': ['oncogene', ' fusion'], 'loc': ('39687914', '39730426')}}}","['ERBB2', 'ERBB2']",0.0,1,1,0.5,high
NCIN87_STOMACH,2,3,circular,2305,1,1,"[('17', 39671428, 39673732)]","[('17', 39673732, '17', 39671428)]",1.0,"[('17', 39673732, '17', 39671428)]",0.0,[],0.0,[],0.0,[],[],0,{},[],0.0,1,1,0.5,high
NCIN87_STOMACH,2,4,circular,1990,1,1,"[('17', 39675116, 39677105)]","[('17', 39677105, '17', 39675116)]",1.0,"[('17', 39677105, '17', 39675116)]",0.0,[],0.0,[],0.0,[],[],0,{},[],0.0,1,1,0.5,high
NCIN87_STOMACH,2,5,circular,3190,1,1,"[('17', 39566531, 39569720)]","[('17', 39569720, '17', 39566531)]",1.0,"[('17', 39569720, '17', 39566531)]",0.0,[],0.0,[],0.0,[],[],0,{},[],0.0,1,1,0.5,high
NCIN87_STOMACH,2,6,circular,2379,1,1,"[('17', 39598936, 39601314)]","[('17', 39601314, '17', 39598936)]",1.0,"[('17', 39601314, '17', 39598936)]",0.0,[],0.0,[],0.0,[],[],0,{},[],0.0,1,1,0.5,high
NCIN87_STOMACH,3,1,circular,183462,1,1,"[('X', 155803583, 155987044)]","[('X', 155987044, 'X', 155803583)]",1.0,"[('X', 155987044, 'X', 155803583)]",0.0,[],0.0,[],1.0,"[('X', 155987044)]",['High Signal Region'],0,{},[],0.0,1,1,1.0625,medium
NIHOVCAR3_OVARY,4,1,linear,215000,1,1,"[('10', 75115399, 74900398)]","[('10', 74900398, '10', 75115399)]",0.0,[],1.0,"[('10', 74900398, '10', 75115399)]",0.0,[],0.0,[],[],0,{},[],0.0,0,0,1.5,medium
NIHOVCAR3_OVARY,8,1,linear,1386703,5,1,"[('19', 30160865, 29902190), ('19', 29897896, 29465260), ('19', 29459289, 29262676), ('19', 29264548, 29459289), ('19', 29465260, 29769299)]","[('19', 29902190, '19', 29897896), ('19', 29465260, '19', 29459289), ('19', 29262676, '19', 29264548), ('19', 29459289, '19', 29465260), ('19', 29769299, '19', 30160865)]",0.75,"[('19', 29902190, '19', 29897896), ('19', 29465260, '19', 29459289), ('19', 29459289, '19', 29465260)]",0.25,"[('19', 29769299, '19', 30160865)]",0.0,[],0.0,[],[],1,"{'19': {'CCNE1': {'type': ['oncogene'], 'loc': ('29811898', '29824308')}}}",['CCNE1'],0.0,0,1,0.5,high
NIHOVCAR3_OVARY,8,2,circular,35294,1,1,"[('19', 29282315, 29317608)]","[('19', 29317608, '19', 29282315)]",1.0,"[('19', 29317608, '19', 29282315)]",0.0,[],0.0,[],0.0,[],[],0,{},[],0.0,1,1,0.5,high
NIHOVCAR3_OVARY,9,1,circular,15689,1,1,"[('19', 39882626, 39898314)]","[('19', 39898314, '19', 39882626)]",1.0,"[('19', 39898314, '19', 39882626)]",0.0,[],0.0,[],0.0,[],[],0,{},[],0.0,1,1,0.5,high
NIHOVCAR3_OVARY,9,3,linear,3730055,3,1,"[('19', 54486402, 53527614), ('19', 40460381, 40109853), ('19', 40107196, 37686454)]","[('19', 53527614, '19', 40460381), ('19', 40109853, '19', 40107196), ('19', 37686454, '19', 54486402)]",0.6666666666666666,"[('19', 53527614, '19', 40460381), ('19', 40109853, '19', 40107196)]",0.3333333333333333,"[('19', 37686454, '19', 54486402)]",0.0,[],0.0,[],[],0,"{'19': {'AKT2': {'type': ['oncogene'], 'loc': ('40230317', '40285536')}, 'CNOT3': {'type': ['TSG'], 'loc': ('54137717', '54155708')}, 'TFPT': {'type': ['fusion'], 'loc': ('54107013', '54115675')}}}","['AKT2', 'CNOT3', 'TFPT']",1.0,0,1,0.875,high
NUGC4_STOMACH,1,1,linear,20439,1,1,"[('1', 125175218, 125154778)]","[('1', 125154778, '1', 125175218)]",0.0,[],1.0,"[('1', 125154778, '1', 125175218)]",0.0,[],1.0,"[('1', 125154778), ('1', 125175218)]","['High Signal Region', 'High Signal Region']",0,{},[],0.0,0,2,2.0625,low
NUGC4_STOMACH,1,2,linear,1608,2,2,"[('7', 61026284, 61027202), ('16', 36124771, 36124081)]","[('7', 61027202, '16', 36124771), ('16', 36124081, '7', 61026284)]",0.5,"[('7', 61027202, '16', 36124771)]",0.5,"[('16', 36124081, '7', 61026284)]",0.0,[],1.0,"[('7', 61027202), ('7', 61026284)]","['High Signal Region', 'High Signal Region']",0,{},[],0.0,0,2,1.0625,medium
NUGC4_STOMACH,1,3,linear,70346,1,1,"[('7', 58100000, 58029653)]","[('7', 58029653, '7', 58100000)]",0.0,[],1.0,"[('7', 58029653, '7', 58100000)]",0.0,[],1.0,"[('7', 58100000)]",['High Signal Region'],0,{},[],0.0,0,2,2.0625,low
NUGC4_STOMACH,1,4,linear,259283,1,1,"[('7', 62456699, 62197415)]","[('7', 62197415, '7', 62456699)]",0.0,[],1.0,"[('7', 62197415, '7', 62456699)]",0.0,[],1.0,"[('7', 62456699)]",['High Signal Region'],0,{},[],0.0,0,2,2.0625,low
NUGC4_STOMACH,2,1,linear,3755,1,1,"[('17', 77638659, 77634903)]","[('17', 77634903, '17', 77638659)]",0.0,[],1.0,"[('17', 77634903, '17', 77638659)]",0.0,[],0.0,[],[],0,{},[],0.0,0,0,1.5,medium
NUGC4_STOMACH,2,2,linear,1960055,1,1,"[('17', 61771972, 59811916)]","[('17', 59811916, '17', 61771972)]",0.0,[],1.0,"[('17', 59811916, '17', 61771972)]",0.0,[],0.0,[],[],0,"{'17': {'PPM1D': {'type': ['oncogene'], 'loc': ('60600183', '60666280')}}}",['PPM1D'],1.0,0,0,1.875,medium
NUGC4_STOMACH,2,3,linear,29727,2,1,"[('17', 46688632, 46709072), ('17', 45468241, 45458954)]","[('17', 46709072, '17', 45468241), ('17', 45458954, '17', 46688632)]",0.5,"[('17', 46709072, '17', 45468241)]",0.5,"[('17', 45458954, '17', 46688632)]",0.0,[],0.0,[],[],0,{},[],0.0,0,1,0.5,high
OAW42_OVARY,1,1,linear,54999,1,1,"[('2', 54550414, 54495414)]","[('2', 54495414, '2', 54550414)]",0.0,[],1.0,"[('2', 54495414, '2', 54550414)]",0.0,[],0.0,[],[],0,{},[],0.0,0,0,1.5,medium
OAW42_OVARY,3,1,linear,270009,1,1,"[('20', 35547317, 35277307)]","[('20', 35277307, '20', 35547317)]",0.0,[],1.0,"[('20', 35277307, '20', 35547317)]",0.0,[],0.0,[],[],0,{},[],0.0,0,0,1.5,medium
OE19_OESOPHAGUS,1,1,circular,730,1,1,"[('6', 44044546, 44045275)]","[('6', 44045275, '6', 44044546)]",1.0,"[('6', 44045275, '6', 44044546)]",0.0,[],0.0,[],1.0,"[('6', 44045275), ('6', 44044546)]","['High Signal Region', 'High Signal Region']",0,{},[],1.0,1,1,1.4375,medium
OE19_OESOPHAGUS,1,2,linear,5087239,1,1,"[('6', 45369140, 40281900)]","[('6', 40281900, '6', 45369140)]",0.0,[],1.0,"[('6', 40281900, '6', 45369140)]",0.0,[],0.0,[],[],0,"{'6': {'CCND3': {'type': ['oncogene', ' fusion'], 'loc': ('41934933', '42050357')}, 'HSP90AB1': {'type': ['fusion'], 'loc': ('44246166', '44253888')}, 'NFKBIE': {'type': ['TSG'], 'loc': ('44258166', '44265788')}, 'TFEB': {'type': ['oncogene', ' fusion'], 'loc': ('41683978', '41736259')}}}","['CCND3', 'HSP90AB1', 'NFKBIE', 'TFEB']",1.0,0,0,1.875,medium
OE19_OESOPHAGUS,2,7,circular,163930,6,1,"[('17', 28938038, 28972148), ('17', 28972148, 28972020), ('17', 29123922, 29157046), ('17', 29157046, 29123934), ('17', 28972007, 28956529), ('17', 29069633, 29117611)]","[('17', 28972148, '17', 28972148), ('17', 28972020, '17', 29123922), ('17', 29157046, '17', 29157046), ('17', 29123934, '17', 28972007), ('17', 28956529, '17', 29069633), ('17', 29117611, '17', 28938038)]",1.0,"[('17', 28972020, '17', 29123922), ('17', 29123934, '17', 28972007), ('17', 28956529, '17', 29069633), ('17', 29117611, '17', 28938038)]",0.0,[],0.0,[],0.0,[],[],2,{},[],0.0,1,1,0.5,high
OE19_OESOPHAGUS,2,8,circular,424222,10,1,"[('17', 43312780, 43312578), ('17', 43312585, 43312780), ('17', 29025024, 29117611), ('17', 28938038, 28945559), ('17', 41725358, 41758618), ('17', 29214950, 29233763), ('17', 41603403, 41666785), ('17', 41796206, 41835644), ('17', 39670668, 39763903), ('17', 29100607, 29025024)]","[('17', 43312578, '17', 43312585), ('17', 43312780, '17', 29025024), ('17', 29117611, '17', 28938038), ('17', 28945559, '17', 41725358), ('17', 41758618, '17', 29214950), ('17', 29233763, '17', 41603403), ('17', 41666785, '17', 41796206), ('17', 41835644, '17', 39670668), ('17', 39763903, '17', 29100607), ('17', 29025024, '17', 43312780)]",1.0,"[('17', 43312780, '17', 29025024), ('17', 29117611, '17', 28938038), ('17', 28945559, '17', 41725358), ('17', 41758618, '17', 29214950), ('17', 29233763, '17', 41603403), ('17', 41666785, '17', 41796206), ('17', 41835644, '17', 39670668), ('17', 39763903, '17', 29100607), ('17', 29025024, '17', 43312780)]",0.0,[],0.0,[],1.0,"[('17', 43312578), ('17', 43312585), ('17', 43312780), ('17', 43312780)]","['High Signal Region', 'High Signal Region', 'High Signal Region', 'High Signal Region']",1,"{'17': {'ERBB2': {'type': ['oncogene', ' fusion'], 'loc': ('39687914', '39730426')}}}",['ERBB2'],0.0,1,1,1.0625,medium
OE19_OESOPHAGUS,3,1,linear,135943,1,1,"[('12', 42556199, 42420255)]","[('12', 42420255, '12', 42556199)]",0.0,[],1.0,"[('12', 42420255, '12', 42556199)]",0.0,[],0.0,[],[],0,{},[],0.0,0,0,1.5,medium
ONS76_CENTRAL_NERVOUS_SYSTEM,1,1,linear,4117,1,1,"[('7', 58194687, 58190569)]","[('7', 58190569, '7', 58194687)]",0.0,[],1.0,"[('7', 58190569, '7', 58194687)]",0.0,[],1.0,"[('7', 58190569), ('7', 58194687)]","['High Signal Region', 'High Signal Region']",0,{},[],0.0,0,2,2.0625,low
ONS76_CENTRAL_NERVOUS_SYSTEM,1,2,linear,40439,1,1,"[('16', 36212115, 36171675)]","[('16', 36171675, '16', 36212115)]",0.0,[],1.0,"[('16', 36171675, '16', 36212115)]",0.0,[],1.0,"[('16', 36171675)]",['High Signal Region'],0,{},[],0.0,0,2,2.0625,low
ONS76_CENTRAL_NERVOUS_SYSTEM,1,3,linear,128477,2,2,"[('7', 60933205, 60925167), ('1', 125163522, 125043081)]","[('7', 60925167, '1', 125163522), ('1', 125043081, '7', 60933205)]",0.5,"[('7', 60925167, '1', 125163522)]",0.5,"[('1', 125043081, '7', 60933205)]",0.0,[],1.0,"[('7', 60925167), ('1', 125163522), ('7', 60933205)]","['High Signal Region', 'High Signal Region', 'High Signal Region']",0,{},[],0.0,0,2,1.0625,medium
ONS76_CENTRAL_NERVOUS_SYSTEM,1,4,linear,145427,3,1,"[('7', 62412537, 62301175), ('7', 61026604, 61060229), ('7', 60919293, 60918852)]","[('7', 62301175, '7', 61026604), ('7', 61060229, '7', 60919293), ('7', 60918852, '7', 62412537)]",0.6666666666666666,"[('7', 62301175, '7', 61026604), ('7', 61060229, '7', 60919293)]",0.3333333333333333,"[('7', 60918852, '7', 62412537)]",0.0,[],1.0,"[('7', 62301175), ('7', 61026604), ('7', 61060229), ('7', 60919293), ('7', 60918852)]","['High Signal Region', 'High Signal Region', 'High Signal Region', 'High Signal Region', 'High Signal Region']",0,{},[],0.0,0,2,1.0625,medium
ONS76_CENTRAL_NERVOUS_SYSTEM,1,5,circular,3123,1,1,"[('7', 61057576, 61060698)]","[('7', 61060698, '7', 61057576)]",1.0,"[('7', 61060698, '7', 61057576)]",0.0,[],0.0,[],1.0,"[('7', 61060698), ('7', 61057576)]","['High Signal Region', 'High Signal Region']",0,{},[],0.0,1,1,1.0625,medium
ONS76_CENTRAL_NERVOUS_SYSTEM,1,6,linear,211291,2,1,"[('7', 58116299, 57915447), ('7', 57906102, 57895661)]","[('7', 57915447, '7', 57906102), ('7', 57895661, '7', 58116299)]",0.5,"[('7', 57915447, '7', 57906102)]",0.5,"[('7', 57895661, '7', 58116299)]",0.0,[],1.0,"[('7', 58116299)]",['High Signal Region'],0,{},[],0.0,0,2,1.0625,medium
ONS76_CENTRAL_NERVOUS_SYSTEM,1,7,linear,174115,1,1,"[('16', 34770599, 34596483)]","[('16', 34596483, '16', 34770599)]",0.0,[],1.0,"[('16', 34596483, '16', 34770599)]",0.0,[],1.0,"[('16', 34596483), ('16', 34770599)]","['High Signal Region', 'High Signal Region']",0,{},[],0.0,0,2,2.0625,low
OSRC2_KIDNEY,1,1,circular,93021,1,1,"[('5', 754020, 847040)]","[('5', 847040, '5', 754020)]",1.0,"[('5', 847040, '5', 754020)]",0.0,[],0.0,[],0.0,[],[],0,{},[],0.0,1,1,0.5,high
OV90_OVARY,2,1,linear,2109994,1,1,"[('10', 26474936, 24364941)]","[('10', 24364941, '10', 26474936)]",0.0,[],1.0,"[('10', 24364941, '10', 26474936)]",0.0,[],0.0,[],[],0,{},[],1.0,0,0,1.875,medium
OV90_OVARY,5,1,circular,250158,4,1,"[('22', 20488523, 20546274), ('22', 20547310, 20488523), ('22', 20454352, 20388531), ('22', 20386553, 20454352)]","[('22', 20546274, '22', 20547310), ('22', 20488523, '22', 20454352), ('22', 20388531, '22', 20386553), ('22', 20454352, '22', 20488523)]",1.0,"[('22', 20488523, '22', 20454352), ('22', 20454352, '22', 20488523)]",0.0,[],0.0,[],0.0,[],[],2,{},[],0.0,1,1,0.5,high
OV90_OVARY,5,3,linear,54898,1,1,"[('22', 21453299, 21398400)]","[('22', 21398400, '22', 21453299)]",0.0,[],1.0,"[('22', 21398400, '22', 21453299)]",0.0,[],1.0,"[('22', 21398400), ('22', 21453299)]","['High Signal Region', 'High Signal Region']",0,{},[],0.0,0,2,2.0625,low
OV90_OVARY,5,5,circular,1002165,3,2,"[('22', 21062547, 21565070), ('22', 21563612, 21064134), ('11', 132588137, 132587972)]","[('22', 21565070, '22', 21563612), ('22', 21064134, '11', 132588137), ('11', 132587972, '22', 21062547)]",1.0,"[('22', 21064134, '11', 132588137), ('11', 132587972, '22', 21062547)]",0.0,[],0.0,[],0.0,[],[],1,{},[],0.0,1,1,0.5,high
OV90_OVARY,6,1,circular,850,1,1,"[('18', 22231990, 22232839)]","[('18', 22232839, '18', 22231990)]",1.0,"[('18', 22232839, '18', 22231990)]",0.0,[],0.0,[],0.0,[],[],0,{},[],1.0,1,1,0.875,high
OV90_OVARY,7,2,linear,160719,1,1,"[('22', 18649443, 18488723)]","[('22', 18488723, '22', 18649443)]",0.0,[],1.0,"[('22', 18488723, '22', 18649443)]",0.0,[],1.0,"[('22', 18488723), ('22', 18649443)]","['High Signal Region', 'High Signal Region']",0,{},[],0.0,0,2,2.0625,low
OVCAR4_OVARY,6,1,circular,183461,1,1,"[('X', 155803645, 155987105)]","[('X', 155987105, 'X', 155803645)]",1.0,"[('X', 155987105, 'X', 155803645)]",0.0,[],0.0,[],1.0,"[('X', 155987105)]",['High Signal Region'],0,{},[],0.0,1,1,1.0625,medium
OVCAR8_OVARY,8,1,linear,90004,1,1,"[('19', 30006027, 29916022)]","[('19', 29916022, '19', 30006027)]",0.0,[],1.0,"[('19', 29916022, '19', 30006027)]",0.0,[],0.0,[],[],0,{},[],0.0,0,0,1.5,medium
OVSAHO_OVARY,5,1,linear,1664979,1,1,"[('7', 117756115, 116091135)]","[('7', 116091135, '7', 117756115)]",0.0,[],1.0,"[('7', 116091135, '7', 117756115)]",0.0,[],0.0,[],[],0,"{'7': {'MET': {'type': ['oncogene'], 'loc': ('116672390', '116798386')}}}",['MET'],0.0,0,0,1.5,medium
OVSAHO_OVARY,9,1,linear,2215062,1,1,"[('17', 78147439, 75932376)]","[('17', 75932376, '17', 78147439)]",0.0,[],1.0,"[('17', 75932376, '17', 78147439)]",0.0,[],0.0,[],[],0,"{'17': {'SEPT9': {'type': ['fusion'], 'loc': ('77280569', '77500596')}, 'SRSF2': {'type': ['oncogene'], 'loc': ('76734115', '76737374')}}}","['SEPT9', 'SRSF2']",1.0,0,0,1.875,medium
PANC0327_PANCREAS,3,1,linear,1258397,1,1,"[('22', 27062719, 25804321)]","[('22', 25804321, '22', 27062719)]",0.0,[],1.0,"[('22', 25804321, '22', 27062719)]",0.0,[],0.0,[],[],0,{},[],0.0,0,0,1.5,medium
PANC1_PANCREAS,1,3,linear,1134761,2,1,"[('19', 40334699, 39765609), ('19', 39769028, 40334699)]","[('19', 39765609, '19', 39769028), ('19', 40334699, '19', 40334699)]",1.0,"[('19', 39765609, '19', 39769028)]",0.0,[],0.0,[],0.0,[],[],1,"{'19': {'AKT2': {'type': ['oncogene'], 'loc': ('40230317', '40285536')}}}","['AKT2', 'AKT2']",0.0,0,1,0.5,high
PANC1_PANCREAS,2,1,linear,240011,1,1,"[('9', 37361873, 37121861)]","[('9', 37121861, '9', 37361873)]",0.0,[],1.0,"[('9', 37121861, '9', 37361873)]",0.0,[],0.0,[],[],0,{},[],0.0,0,0,1.5,medium
PC3_PROSTATE,1,1,linear,10431,1,1,"[('10', 50734854, 50724422)]","[('10', 50724422, '10', 50734854)]",0.0,[],1.0,"[('10', 50724422, '10', 50734854)]",0.0,[],0.0,[],[],0,{},[],0.0,0,0,1.5,medium
PC3_PROSTATE,1,2,linear,329996,1,1,"[('1', 200084125, 199754128)]","[('1', 199754128, '1', 200084125)]",0.0,[],1.0,"[('1', 199754128, '1', 200084125)]",0.0,[],0.0,[],[],0,{},[],0.0,0,0,1.5,medium
PC3_PROSTATE,1,3,linear,425936,1,1,"[('10', 80222399, 79796462)]","[('10', 79796462, '10', 80222399)]",0.0,[],1.0,"[('10', 79796462, '10', 80222399)]",0.0,[],0.0,[],[],0,{},[],0.0,0,0,1.5,medium
PC3_PROSTATE,1,4,linear,84998,1,1,"[('1', 171804354, 171719355)]","[('1', 171719355, '1', 171804354)]",0.0,[],1.0,"[('1', 171719355, '1', 171804354)]",0.0,[],0.0,[],[],0,{},[],0.0,0,0,1.5,medium
PC3_PROSTATE,1,5,linear,339999,1,1,"[('10', 70235393, 69895393)]","[('10', 69895393, '10', 70235393)]",0.0,[],1.0,"[('10', 69895393, '10', 70235393)]",0.0,[],0.0,[],[],0,{},[],0.0,0,0,1.5,medium
PC3_PROSTATE,2,1,linear,379995,1,1,"[('5', 149363637, 148983641)]","[('5', 148983641, '5', 149363637)]",0.0,[],1.0,"[('5', 148983641, '5', 149363637)]",0.0,[],0.0,[],[],0,{},[],0.0,0,0,1.5,medium
PC3_PROSTATE,3,1,linear,635000,1,1,"[('10', 49845370, 49210369)]","[('10', 49210369, '10', 49845370)]",0.0,[],1.0,"[('10', 49210369, '10', 49845370)]",0.0,[],0.0,[],[],0,{},[],0.0,0,0,1.5,medium
PC3_PROSTATE,5,1,linear,240002,1,1,"[('14', 68482833, 68242830)]","[('14', 68242830, '14', 68482833)]",0.0,[],1.0,"[('14', 68242830, '14', 68482833)]",0.0,[],0.0,[],[],0,{},[],0.0,0,0,1.5,medium
PC3_PROSTATE,6,1,linear,265005,1,1,"[('14', 72882936, 72617930)]","[('14', 72617930, '14', 72882936)]",0.0,[],1.0,"[('14', 72617930, '14', 72882936)]",0.0,[],0.0,[],[],0,{},[],0.0,0,0,1.5,medium
QGP1_PANCREAS,2,1,linear,100000,1,1,"[('2', 8640065, 8540064)]","[('2', 8540064, '2', 8640065)]",0.0,[],1.0,"[('2', 8540064, '2', 8640065)]",0.0,[],0.0,[],[],0,{},[],0.0,0,0,1.5,medium
QGP1_PANCREAS,4,1,circular,2259307,3,1,"[('12', 63293279, 63458665), ('12', 64504243, 66133872), ('12', 66136096, 66600385)]","[('12', 63458665, '12', 64504243), ('12', 66133872, '12', 66136096), ('12', 66600385, '12', 63293279)]",1.0,"[('12', 63458665, '12', 64504243), ('12', 66133872, '12', 66136096), ('12', 66600385, '12', 63293279)]",0.0,[],0.0,[],0.0,[],[],0,"{'12': {'HMGA2': {'type': ['oncogene', ' fusion'], 'loc': ('65824131', '65966295')}, 'WIF1': {'type': ['TSG', ' fusion'], 'loc': ('65050626', '65121566')}}}","['HMGA2', 'WIF1']",1.0,1,1,0.875,high
QGP1_PANCREAS,4,2,circular,5678535,6,1,"[('12', 67612772, 67068250), ('12', 67642559, 71139498), ('12', 71139971, 71139013), ('12', 71139974, 71795378), ('12', 71796792, 71962840), ('12', 71964358, 72779020)]","[('12', 67068250, '12', 67642559), ('12', 71139498, '12', 71139971), ('12', 71139013, '12', 71139974), ('12', 71795378, '12', 71796792), ('12', 71962840, '12', 71964358), ('12', 72779020, '12', 67612772)]",1.0,"[('12', 67068250, '12', 67642559), ('12', 72779020, '12', 67612772)]",0.0,[],0.0,[],0.0,[],[],4,"{'12': {'MDM2': {'type': ['oncogene'], 'loc': ('68808176', '68850686')}, 'PTPRB': {'type': ['TSG'], 'loc': ('70515866', '70637440')}, 'RAP1B': {'type': ['oncogene'], 'loc': ('68610839', '68671901')}}}","['MDM2', 'PTPRB', 'RAP1B']",1.0,1,1,0.875,high
RERFGC1B_STOMACH,2,1,circular,20391,1,1,"[('3', 10083089, 10103479)]","[('3', 10103479, '3', 10083089)]",1.0,"[('3', 10103479, '3', 10083089)]",0.0,[],0.0,[],0.0,[],[],0,{},[],0.0,1,1,0.5,high
RERFGC1B_STOMACH,3,1,linear,85001,1,1,"[('3', 22430607, 22345605)]","[('3', 22345605, '3', 22430607)]",0.0,[],1.0,"[('3', 22345605, '3', 22430607)]",0.0,[],0.0,[],[],0,{},[],0.0,0,0,1.5,medium
RERFGC1B_STOMACH,4,1,circular,549696,2,1,"[('10', 112003412, 112003068), ('10', 112002711, 112552063)]","[('10', 112003068, '10', 112002711), ('10', 112552063, '10', 112003412)]",1.0,"[('10', 112552063, '10', 112003412)]",0.0,[],0.0,[],0.0,[],[],1,{},[],0.0,1,1,0.5,high
RERFGC1B_STOMACH,4,2,linear,176534,1,1,"[('20', 38102482, 37925947)]","[('20', 37925947, '20', 38102482)]",0.0,[],1.0,"[('20', 37925947, '20', 38102482)]",0.0,[],0.0,[],[],0,{},[],0.0,0,0,1.5,medium
RERFGC1B_STOMACH,4,3,linear,10432,1,1,"[('20', 53496218, 53485785)]","[('20', 53485785, '20', 53496218)]",0.0,[],1.0,"[('20', 53485785, '20', 53496218)]",0.0,[],0.0,[],[],0,{},[],0.0,0,0,1.5,medium
RERFGC1B_STOMACH,4,4,linear,185011,1,1,"[('20', 51263327, 51078315)]","[('20', 51078315, '20', 51263327)]",0.0,[],1.0,"[('20', 51078315, '20', 51263327)]",0.0,[],0.0,[],[],0,{},[],0.0,0,0,1.5,medium
RERFGC1B_STOMACH,4,5,linear,3543785,4,1,"[('20', 44297753, 43855123), ('20', 43852648, 43645935), ('20', 43643279, 43397152), ('20', 43395971, 40747652)]","[('20', 43855123, '20', 43852648), ('20', 43645935, '20', 43643279), ('20', 43397152, '20', 43395971), ('20', 40747652, '20', 44297753)]",0.6666666666666666,"[('20', 43855123, '20', 43852648), ('20', 43645935, '20', 43643279)]",0.3333333333333333,"[('20', 40747652, '20', 44297753)]",0.0,[],0.0,[],[],1,"{'20': {'PLCG1': {'type': ['oncogene', ' fusion'], 'loc': ('41136960', '41196801')}, 'PTPRT': {'type': ['TSG'], 'loc': ('42072752', '43189970')}, 'TOP1': {'type': ['fusion'], 'loc': ('41028818', '41124487')}}}","['PLCG1', 'PTPRT', 'TOP1']",1.0,0,1,0.875,high
RERFGC1B_STOMACH,4,6,linear,904843,2,1,"[('10', 62528399, 62373098), ('10', 123660913, 124410455)]","[('10', 62373098, '10', 123660913), ('10', 124410455, '10', 62528399)]",0.5,"[('10', 62373098, '10', 123660913)]",0.5,"[('10', 124410455, '10', 62528399)]",0.0,[],0.0,[],[],0,{},[],0.0,0,1,0.5,high
RKN_SOFT_TISSUE,1,1,circular,2663,2,1,"[('12', 9405987, 9406260), ('12', 31118324, 31120712)]","[('12', 9406260, '12', 31118324), ('12', 31120712, '12', 9405987)]",1.0,"[('12', 9406260, '12', 31118324), ('12', 31120712, '12', 9405987)]",0.0,[],0.0,[],0.0,[],[],0,{},[],0.0,1,1,0.5,high
RKN_SOFT_TISSUE,1,2,circular,146756,1,1,"[('12', 31993908, 32140663)]","[('12', 32140663, '12', 31993908)]",1.0,"[('12', 32140663, '12', 31993908)]",0.0,[],0.0,[],0.0,[],[],0,{},[],0.0,1,1,0.5,high
RKN_SOFT_TISSUE,1,3,linear,10413,1,1,"[('12', 20795162, 20784748)]","[('12', 20784748, '12', 20795162)]",0.0,[],1.0,"[('12', 20784748, '12', 20795162)]",0.0,[],0.0,[],[],0,{},[],0.0,0,0,1.5,medium
RKN_SOFT_TISSUE,1,4,linear,1979973,1,1,"[('12', 23669603, 21689629)]","[('12', 21689629, '12', 23669603)]",0.0,[],1.0,"[('12', 21689629, '12', 23669603)]",0.0,[],0.0,[],[],0,"{'12': {'ETNK1': {'type': ['TSG'], 'loc': ('22625075', '22690665')}}}",['ETNK1'],1.0,0,0,1.875,medium
RKN_SOFT_TISSUE,1,5,circular,824,1,1,"[('12', 32504318, 32505141)]","[('12', 32505141, '12', 32504318)]",1.0,"[('12', 32505141, '12', 32504318)]",0.0,[],0.0,[],0.0,[],[],0,{},[],1.0,1,1,0.875,high
RKN_SOFT_TISSUE,1,6,linear,875128,2,1,"[('12', 31126499, 30765858), ('12', 30765357, 30250868)]","[('12', 30765858, '12', 30765357), ('12', 30250868, '12', 31126499)]",0.0,[],1.0,"[('12', 30250868, '12', 31126499)]",0.0,[],0.0,[],[],1,{},[],0.0,0,0,1.5,medium
RPMI8226_HAEMATOPOIETIC_AND_LYMPHOID_TISSUE,1,1,linear,224996,1,1,"[('6', 479993, 254996)]","[('6', 254996, '6', 479993)]",0.0,[],1.0,"[('6', 254996, '6', 479993)]",0.0,[],0.0,[],[],0,"{'6': {'IRF4': {'type': ['oncogene', ' TSG', ' fusion'], 'loc': ('391739', '411447')}}}",['IRF4'],0.0,0,0,1.5,medium
RPMI8226_HAEMATOPOIETIC_AND_LYMPHOID_TISSUE,2,1,circular,9496,1,1,"[('6', 73999075, 74008570)]","[('6', 74008570, '6', 73999075)]",1.0,"[('6', 74008570, '6', 73999075)]",0.0,[],0.0,[],0.0,[],[],0,{},[],0.0,1,1,0.5,high
RT112_URINARY_TRACT,1,2,circular,68771,1,1,"[('4', 1738191, 1806961)]","[('4', 1806961, '4', 1738191)]",1.0,"[('4', 1806961, '4', 1738191)]",0.0,[],0.0,[],0.0,[],[],0,{},[],0.0,1,1,0.5,high
RT112_URINARY_TRACT,3,1,linear,117434,1,1,"[('17', 21795729, 21678294)]","[('17', 21678294, '17', 21795729)]",0.0,[],1.0,"[('17', 21678294, '17', 21795729)]",0.0,[],1.0,"[('17', 21795729)]",['High Signal Region'],0,{},[],0.0,0,2,2.0625,low
RVH421_SKIN,4,1,linear,319690,1,1,"[('11', 95561755, 95242064)]","[('11', 95242064, '11', 95561755)]",0.0,[],1.0,"[('11', 95242064, '11', 95561755)]",0.0,[],0.0,[],[],0,{},[],0.0,0,0,1.5,medium
SCABER_URINARY_TRACT,1,1,circular,3303751,2,1,"[('1', 93913075, 92472550), ('1', 92505475, 94368701)]","[('1', 92472550, '1', 92505475), ('1', 94368701, '1', 93913075)]",1.0,"[('1', 92472550, '1', 92505475), ('1', 94368701, '1', 93913075)]",0.0,[],0.0,[],0.0,[],[],0,"{'1': {'RPL5': {'type': ['TSG'], 'loc': ('92831983', '92841924')}}}","['RPL5', 'RPL5']",1.0,1,1,0.875,high
SCC4_UPPER_AERODIGESTIVE_TRACT,1,1,linear,20571,1,1,"[('1', 125175199, 125154627)]","[('1', 125154627, '1', 125175199)]",0.0,[],1.0,"[('1', 125154627, '1', 125175199)]",0.0,[],1.0,"[('1', 125154627), ('1', 125175199)]","['High Signal Region', 'High Signal Region']",0,{},[],0.0,0,2,2.0625,low
SCC4_UPPER_AERODIGESTIVE_TRACT,1,2,linear,80891,1,1,"[('7', 62456699, 62375807)]","[('7', 62375807, '7', 62456699)]",0.0,[],1.0,"[('7', 62375807, '7', 62456699)]",0.0,[],1.0,"[('7', 62375807), ('7', 62456699)]","['High Signal Region', 'High Signal Region']",0,{},[],0.0,0,2,2.0625,low
SCC4_UPPER_AERODIGESTIVE_TRACT,2,1,circular,116,2,1,"[('7', 88887225, 88887246), ('7', 88889543, 88889636)]","[('7', 88887246, '7', 88889543), ('7', 88889636, '7', 88887225)]",1.0,"[('7', 88887246, '7', 88889543), ('7', 88889636, '7', 88887225)]",0.0,[],0.0,[],0.0,[],[],0,{},[],1.0,1,1,0.875,high
SCC4_UPPER_AERODIGESTIVE_TRACT,3,1,linear,315014,1,1,"[('8', 62808096, 62493081)]","[('8', 62493081, '8', 62808096)]",0.0,[],1.0,"[('8', 62493081, '8', 62808096)]",0.0,[],0.0,[],[],0,{},[],0.0,0,0,1.5,medium
SCC4_UPPER_AERODIGESTIVE_TRACT,4,1,linear,1395238,3,1,"[('11', 70940689, 69645363), ('11', 69644236, 69645360), ('11', 69644432, 69545643)]","[('11', 69645363, '11', 69644236), ('11', 69645360, '11', 69644432), ('11', 69545643, '11', 70940689)]",0.0,[],1.0,"[('11', 69545643, '11', 70940689)]",0.0,[],0.0,[],[],2,"{'11': {'FADD': {'type': [''], 'loc': ('70203163', '70207390')}}}",['FADD'],0.0,0,0,1.5,medium
SCC4_UPPER_AERODIGESTIVE_TRACT,6,1,linear,265022,1,1,"[('17', 17570480, 17305457)]","[('17', 17305457, '17', 17570480)]",0.0,[],1.0,"[('17', 17305457, '17', 17570480)]",0.0,[],0.0,[],[],0,{},[],0.0,0,0,1.5,medium
SCC4_UPPER_AERODIGESTIVE_TRACT,9,1,linear,595014,1,1,"[('X', 155335877, 154740862)]","[('X', 154740862, 'X', 155335877)]",0.0,[],1.0,"[('X', 154740862, 'X', 155335877)]",0.0,[],0.0,[],[],0,"{'X': {'MTCP1': {'type': ['oncogene', ' fusion'], 'loc': ('155061622', '155147937')}}}",['MTCP1'],0.0,0,0,1.5,medium
SCLC21H_LUNG,1,1,circular,1746,1,1,"[('8', 29749524, 29751269)]","[('8', 29751269, '8', 29749524)]",1.0,"[('8', 29751269, '8', 29749524)]",0.0,[],0.0,[],0.0,[],[],0,{},[],0.0,1,1,0.5,high
SCLC21H_LUNG,1,4,circular,714,1,1,"[('8', 127772716, 127773429)]","[('8', 127773429, '8', 127772716)]",1.0,"[('8', 127773429, '8', 127772716)]",0.0,[],0.0,[],0.0,[],[],0,{},[],1.0,1,1,0.875,high
SCLC21H_LUNG,1,5,circular,4841,1,1,"[('8', 11434683, 11439523)]","[('8', 11439523, '8', 11434683)]",1.0,"[('8', 11439523, '8', 11434683)]",0.0,[],0.0,[],0.0,[],[],0,{},[],0.0,1,1,0.5,high
SCLC21H_LUNG,1,7,circular,89129,6,2,"[('1', 1161349, 1161343), ('1', 1160726, 1179279), ('8', 11408361, 11389697), ('8', 11388056, 11374838), ('8', 88854831, 88873487), ('8', 115275395, 115295427)]","[('1', 1161343, '1', 1160726), ('1', 1179279, '8', 11408361), ('8', 11389697, '8', 11388056), ('8', 11374838, '8', 88854831), ('8', 88873487, '8', 115275395), ('8', 115295427, '1', 1161349)]",1.0,"[('1', 1179279, '8', 11408361), ('8', 11374838, '8', 88854831), ('8', 88873487, '8', 115275395), ('8', 115295427, '1', 1161349)]",0.0,[],0.0,[],0.0,[],[],2,{},[],0.0,1,1,0.5,high
SCLC21H_LUNG,1,8,linear,301537,7,1,"[('8', 11366094, 11388056), ('8', 11389697, 11440080), ('8', 65454359, 65358530), ('8', 98145257, 98175514), ('8', 65423599, 65454359), ('8', 11440080, 11389697), ('8', 11388056, 11366094)]","[('8', 11388056, '8', 11389697), ('8', 11440080, '8', 65454359), ('8', 65358530, '8', 98145257), ('8', 98175514, '8', 65423599), ('8', 65454359, '8', 11440080), ('8', 11389697, '8', 11388056), ('8', 11366094, '8', 11366094)]",1.0,"[('8', 11440080, '8', 65454359), ('8', 65358530, '8', 98145257), ('8', 98175514, '8', 65423599), ('8', 65454359, '8', 11440080)]",0.0,[],0.0,[],0.0,[],[],3,{},[],0.0,0,1,0.5,high
SCLC21H_LUNG,1,9,circular,4688,1,1,"[('8', 115279015, 115283702)]","[('8', 115283702, '8', 115279015)]",1.0,"[('8', 115283702, '8', 115279015)]",0.0,[],0.0,[],0.0,[],[],0,{},[],0.0,1,1,0.5,high
SCLC21H_LUNG,1,10,circular,1019,1,1,"[('8', 11429818, 11430836)]","[('8', 11430836, '8', 11429818)]",1.0,"[('8', 11430836, '8', 11429818)]",0.0,[],0.0,[],0.0,[],[],0,{},[],1.0,1,1,0.875,high
SCLC21H_LUNG,1,11,circular,6892,1,1,"[('8', 126421331, 126428222)]","[('8', 126428222, '8', 126421331)]",1.0,"[('8', 126428222, '8', 126421331)]",0.0,[],0.0,[],0.0,[],[],0,{},[],0.0,1,1,0.5,high
SCLC21H_LUNG,1,12,circular,5071,1,1,"[('8', 11390435, 11395505)]","[('8', 11395505, '8', 11390435)]",1.0,"[('8', 11395505, '8', 11390435)]",0.0,[],0.0,[],0.0,[],[],0,{},[],0.0,1,1,0.5,high
SCLC21H_LUNG,1,13,circular,838,1,1,"[('1', 1162433, 1163270)]","[('1', 1163270, '1', 1162433)]",1.0,"[('1', 1163270, '1', 1162433)]",0.0,[],0.0,[],0.0,[],[],0,{},[],1.0,1,1,0.875,high
SCLC21H_LUNG,1,15,circular,171973,5,1,"[('8', 62509769, 62527519), ('8', 83046808, 83029719), ('8', 98248908, 98195489), ('8', 83021819, 83003750), ('8', 127693337, 127758984)]","[('8', 62527519, '8', 83046808), ('8', 83029719, '8', 98248908), ('8', 98195489, '8', 83021819), ('8', 83003750, '8', 127693337), ('8', 127758984, '8', 62509769)]",1.0,"[('8', 62527519, '8', 83046808), ('8', 83029719, '8', 98248908), ('8', 98195489, '8', 83021819), ('8', 83003750, '8', 127693337), ('8', 127758984, '8', 62509769)]",0.0,[],0.0,[],0.0,[],[],0,"{'8': {'MYC': {'type': ['oncogene', ' fusion'], 'loc': ('127735434', '127741434')}}}",['MYC'],0.0,1,1,0.5,high
SCLC21H_LUNG,1,16,circular,1080,1,1,"[('1', 1171216, 1172295)]","[('1', 1172295, '1', 1171216)]",1.0,"[('1', 1172295, '1', 1171216)]",0.0,[],0.0,[],0.0,[],[],0,{},[],1.0,1,1,0.875,high
SCLC21H_LUNG,1,18,linear,308656,4,1,"[('8', 29827499, 29712436), ('8', 126463600, 126415358), ('8', 126433312, 126463600), ('8', 29712436, 29827499)]","[('8', 29712436, '8', 126463600), ('8', 126415358, '8', 126433312), ('8', 126463600, '8', 29712436), ('8', 29827499, '8', 29827499)]",1.0,"[('8', 29712436, '8', 126463600), ('8', 126415358, '8', 126433312), ('8', 126463600, '8', 29712436)]",0.0,[],0.0,[],0.0,[],[],1,{},[],0.0,0,1,0.5,high
SCLC21H_LUNG,1,24,linear,310948,5,2,"[('8', 38195908, 38195461), ('1', 1146730, 1207625), ('1', 13561523, 13476571), ('1', 13475422, 13385834), ('1', 13373469, 13298400)]","[('8', 38195461, '1', 1146730), ('1', 1207625, '1', 13561523), ('1', 13476571, '1', 13475422), ('1', 13385834, '1', 13373469), ('1', 13298400, '8', 38195908)]",0.75,"[('8', 38195461, '1', 1146730), ('1', 1207625, '1', 13561523), ('1', 13385834, '1', 13373469)]",0.25,"[('1', 13298400, '8', 38195908)]",0.0,[],0.0,[],[],1,{},[],0.0,0,1,0.5,high
SCLC21H_LUNG,1,25,linear,187390,4,2,"[('8', 139761936, 139761273), ('8', 139761273, 139761499), ('1', 1254285, 1160726), ('1', 1161343, 1254285)]","[('8', 139761273, '1', 1254285), ('1', 1160726, '1', 1161343), ('1', 1254285, '8', 139761273), ('8', 139761499, '8', 139761936)]",1.0,"[('8', 139761273, '1', 1254285), ('1', 1254285, '8', 139761273)]",0.0,[],0.0,[],0.0,[],[],2,{},[],0.0,0,1,0.5,high
SF295_CENTRAL_NERVOUS_SYSTEM,1,1,circular,985738,2,1,"[('11', 68844433, 69586074), ('11', 69586633, 69830728)]","[('11', 69586074, '11', 69586633), ('11', 69830728, '11', 68844433)]",1.0,"[('11', 69830728, '11', 68844433)]",0.0,[],0.0,[],0.0,[],[],1,"{'11': {'CCND1': {'type': ['oncogene', ' fusion'], 'loc': ('69641087', '69654474')}}}",['CCND1'],0.0,1,1,0.5,high
SH10TC_STOMACH,1,1,circular,676,1,1,"[('12', 124438750, 124439425)]","[('12', 124439425, '12', 124438750)]",1.0,"[('12', 124439425, '12', 124438750)]",0.0,[],0.0,[],1.0,"[('12', 124439425), ('12', 124438750)]","['High Signal Region', 'High Signal Region']",0,{},[],1.0,1,1,1.4375,medium
SH10TC_STOMACH,1,2,linear,1634971,1,1,"[('12', 20719646, 19084674)]","[('12', 19084674, '12', 20719646)]",0.0,[],1.0,"[('12', 19084674, '12', 20719646)]",0.0,[],0.0,[],[],0,{},[],0.0,0,0,1.5,medium
SH10TC_STOMACH,1,3,linear,10434,1,1,"[('12', 33166651, 33156216)]","[('12', 33156216, '12', 33166651)]",0.0,[],1.0,"[('12', 33156216, '12', 33166651)]",0.0,[],0.0,[],[],0,{},[],0.0,0,0,1.5,medium
SH10TC_STOMACH,1,4,linear,20433,1,1,"[('12', 32550942, 32530508)]","[('12', 32530508, '12', 32550942)]",0.0,[],1.0,"[('12', 32530508, '12', 32550942)]",0.5,"[('12', 32530508, '12', 30928432)]",0.0,[],[],0,{},[],0.0,0,0,1.75,medium
SH10TC_STOMACH,1,5,linear,3389941,1,1,"[('12', 27579528, 24189586)]","[('12', 24189586, '12', 27579528)]",0.0,[],1.0,"[('12', 24189586, '12', 27579528)]",0.0,[],0.0,[],[],0,"{'12': {'KRAS': {'type': ['oncogene'], 'loc': ('25204789', '25250936')}}}",['KRAS'],1.0,0,0,1.875,medium
SH10TC_STOMACH,1,6,linear,2121315,2,1,"[('12', 31324465, 29693502), ('12', 29691450, 29201096)]","[('12', 29693502, '12', 29691450), ('12', 29201096, '12', 31324465)]",0.5,"[('12', 29693502, '12', 29691450)]",0.5,"[('12', 29201096, '12', 31324465)]",0.0,[],0.0,[],[],0,{},[],1.0,0,1,0.875,high
SH10TC_STOMACH,1,7,linear,49089,1,1,"[('12', 22957618, 22908528)]","[('12', 22908528, '12', 22957618)]",0.0,[],1.0,"[('12', 22908528, '12', 22957618)]",0.0,[],0.0,[],[],0,{},[],0.0,0,0,1.5,medium
SH10TC_STOMACH,1,8,linear,10433,1,1,"[('12', 22891565, 22881131)]","[('12', 22881131, '12', 22891565)]",0.0,[],1.0,"[('12', 22881131, '12', 22891565)]",0.5,"[('12', 22881131, '12', 22955747)]",0.0,[],[],0,{},[],0.0,0,0,1.75,medium
SH10TC_STOMACH,4,1,linear,54998,1,1,"[('12', 32694441, 32639442)]","[('12', 32639442, '12', 32694441)]",0.0,[],1.0,"[('12', 32639442, '12', 32694441)]",0.0,[],0.0,[],[],0,{},[],0.0,0,0,1.5,medium
SH10TC_STOMACH,6,1,linear,645017,1,1,"[('17', 30606084, 29961066)]","[('17', 29961066, '17', 30606084)]",0.0,[],1.0,"[('17', 29961066, '17', 30606084)]",0.0,[],0.0,[],[],0,{},[],0.0,0,0,1.5,medium
SHP77_LUNG,1,1,linear,64998,1,1,"[('1', 155419487, 155354488)]","[('1', 155354488, '1', 155419487)]",0.0,[],1.0,"[('1', 155354488, '1', 155419487)]",0.0,[],0.0,[],[],0,{},[],0.0,0,0,1.5,medium
SHP77_LUNG,2,1,linear,555003,1,1,"[('2', 53730408, 53175404)]","[('2', 53175404, '2', 53730408)]",0.0,[],1.0,"[('2', 53175404, '2', 53730408)]",0.0,[],0.0,[],[],0,{},[],0.0,0,0,1.5,medium
SHP77_LUNG,3,1,linear,385002,1,1,"[('2', 54955417, 54570414)]","[('2', 54570414, '2', 54955417)]",0.0,[],1.0,"[('2', 54570414, '2', 54955417)]",0.0,[],0.0,[],[],0,{},[],0.0,0,0,1.5,medium
SHP77_LUNG,4,1,linear,49999,1,1,"[('3', 98330573, 98280573)]","[('3', 98280573, '3', 98330573)]",0.0,[],1.0,"[('3', 98280573, '3', 98330573)]",0.0,[],0.0,[],[],0,{},[],0.0,0,0,1.5,medium
SHP77_LUNG,6,1,linear,720062,1,1,"[('17', 17570480, 16850417)]","[('17', 16850417, '17', 17570480)]",0.0,[],1.0,"[('17', 16850417, '17', 17570480)]",0.0,[],0.0,[],[],0,"{'17': {'FLCN': {'type': ['TSG'], 'loc': ('17212212', '17237188')}}}",['FLCN'],0.0,0,0,1.5,medium
SKCO1_LARGE_INTESTINE,6,1,linear,689991,1,1,"[('9', 73310491, 72620499)]","[('9', 72620499, '9', 73310491)]",0.0,[],1.0,"[('9', 72620499, '9', 73310491)]",0.0,[],0.0,[],[],0,{},[],0.0,0,0,1.5,medium
SKLU1_LUNG,2,1,linear,629987,1,1,"[('6', 42609189, 41979201)]","[('6', 41979201, '6', 42609189)]",0.0,[],1.0,"[('6', 41979201, '6', 42609189)]",0.0,[],0.0,[],[],0,{},[],0.0,0,0,1.5,medium
SKLU1_LUNG,4,1,circular,903695,2,1,"[('20', 31734106, 31282278), ('20', 31284453, 31736320)]","[('20', 31282278, '20', 31284453), ('20', 31736320, '20', 31734106)]",1.0,"[('20', 31282278, '20', 31284453), ('20', 31736320, '20', 31734106)]",0.0,[],0.0,[],0.0,[],[],0,{},[],0.0,1,1,0.5,high
SKLU1_LUNG,4,2,circular,30441,1,1,"[('20', 31315549, 31345989)]","[('20', 31345989, '20', 31315549)]",1.0,"[('20', 31345989, '20', 31315549)]",0.0,[],0.0,[],0.0,[],[],0,{},[],0.0,1,1,0.5,high
SKLU1_LUNG,7,1,linear,525032,1,1,"[('20', 54368526, 53843493)]","[('20', 53843493, '20', 54368526)]",0.0,[],1.0,"[('20', 53843493, '20', 54368526)]",0.0,[],0.0,[],[],0,{},[],0.0,0,0,1.5,medium
SKMEL2_SKIN,2,1,linear,1904995,1,1,"[('11', 70955696, 69050700)]","[('11', 69050700, '11', 70955696)]",0.0,[],1.0,"[('11', 69050700, '11', 70955696)]",0.0,[],0.0,[],[],0,"{'11': {'CCND1': {'type': ['oncogene', ' fusion'], 'loc': ('69641087', '69654474')}, 'FADD': {'type': [''], 'loc': ('70203163', '70207390')}}}","['CCND1', 'FADD']",1.0,0,0,1.875,medium
SKMEL30_SKIN,1,1,linear,4102182,1,1,"[('11', 75167491, 71065308)]","[('11', 71065308, '11', 75167491)]",0.0,[],1.0,"[('11', 71065308, '11', 75167491)]",0.0,[],0.0,[],[],0,"{'11': {'NUMA1': {'type': ['fusion'], 'loc': ('72002864', '72080693')}}}",['NUMA1'],1.0,0,0,1.875,medium
SKMEL5_SKIN,1,1,linear,2168951,2,1,"[('11', 70950686, 70138381), ('11', 70136448, 68779800)]","[('11', 70138381, '11', 70136448), ('11', 68779800, '11', 70950686)]",0.0,[],1.0,"[('11', 68779800, '11', 70950686)]",0.0,[],0.0,[],[],1,"{'11': {'CCND1': {'type': ['oncogene', ' fusion'], 'loc': ('69641087', '69654474')}, 'FADD': {'type': [''], 'loc': ('70203163', '70207390')}}}","['CCND1', 'FADD']",1.0,0,0,1.875,medium
SKMEL5_SKIN,1,2,linear,120003,1,1,"[('17', 65222071, 65102067)]","[('17', 65102067, '17', 65222071)]",0.0,[],1.0,"[('17', 65102067, '17', 65222071)]",0.0,[],0.0,[],[],0,{},[],0.0,0,0,1.5,medium
SKMEL5_SKIN,1,3,linear,9623,2,1,"[('17', 59802597, 59793823), ('17', 59792854, 59792003)]","[('17', 59793823, '17', 59792854), ('17', 59792003, '17', 59802597)]",0.0,[],1.0,"[('17', 59792003, '17', 59802597)]",0.0,[],0.0,[],[],1,{},[],0.0,0,0,1.5,medium
SKMES1_LUNG,6,1,circular,2680,2,1,"[('X', 155803593, 155803598), ('X', 155984298, 155986971)]","[('X', 155803598, 'X', 155984298), ('X', 155986971, 'X', 155803593)]",1.0,"[('X', 155803598, 'X', 155984298), ('X', 155986971, 'X', 155803593)]",0.0,[],0.0,[],1.0,"[('X', 155984298), ('X', 155986971)]","['High Signal Region', 'High Signal Region']",0,{},[],0.0,1,1,1.0625,medium
SKOV3_OVARY,2,1,circular,31558,1,1,"[('3', 168978832, 169010389)]","[('3', 169010389, '3', 168978832)]",1.0,"[('3', 169010389, '3', 168978832)]",0.0,[],0.0,[],0.0,[],[],0,{},[],0.0,1,1,0.5,high
SKOV3_OVARY,2,2,linear,110698,1,1,"[('3', 169001399, 168890700)]","[('3', 168890700, '3', 169001399)]",0.0,[],1.0,"[('3', 168890700, '3', 169001399)]",0.0,[],0.0,[],[],0,{},[],0.0,0,0,1.5,medium
SKOV3_OVARY,2,3,linear,88198,1,1,"[('17', 39731699, 39643500)]","[('17', 39643500, '17', 39731699)]",0.0,[],1.0,"[('17', 39643500, '17', 39731699)]",0.0,[],0.0,[],[],0,"{'17': {'ERBB2': {'type': ['oncogene', ' fusion'], 'loc': ('39687914', '39730426')}}}",['ERBB2'],0.0,0,0,1.5,medium
SNU119_OVARY,3,1,circular,23963,1,1,"[('8', 132493745, 132517707)]","[('8', 132517707, '8', 132493745)]",1.0,"[('8', 132517707, '8', 132493745)]",0.0,[],0.0,[],0.0,[],[],0,{},[],0.0,1,1,0.5,high
SNU119_OVARY,3,2,linear,29772358,9,1,"[('8', 145076004, 144832447), ('8', 144831649, 139962905), ('8', 139960605, 137731618), ('8', 137730723, 131268907), ('8', 131255991, 128459020), ('8', 128452921, 126397480), ('8', 126394147, 126182327), ('8', 126179964, 125588887), ('8', 125582884, 115268930)]","[('8', 144832447, '8', 144831649), ('8', 139962905, '8', 139960605), ('8', 137731618, '8', 137730723), ('8', 131268907, '8', 131255991), ('8', 128459020, '8', 128452921), ('8', 126397480, '8', 126394147), ('8', 126182327, '8', 126179964), ('8', 125588887, '8', 125582884), ('8', 115268930, '8', 145076004)]",0.8571428571428571,"[('8', 139962905, '8', 139960605), ('8', 131268907, '8', 131255991), ('8', 128459020, '8', 128452921), ('8', 126397480, '8', 126394147), ('8', 126182327, '8', 126179964), ('8', 125588887, '8', 125582884)]",0.1428571428571428,"[('8', 115268930, '8', 145076004)]",0.0,[],0.0,[],[],2,"{'8': {'EXT1': {'type': ['TSG', ' fusion'], 'loc': ('117794490', '118111853')}, 'FAM135B': {'type': [''], 'loc': ('138130023', '138496822')}, 'MYC': {'type': ['oncogene', ' fusion'], 'loc': ('127735434', '127741434')}, 'NDRG1': {'type': ['TSG', ' fusion'], 'loc': ('133237171', '133302022')}, 'PLEC': {'type': ['fusion'], 'loc': ('143915147', '143976734')}, 'RAD21': {'type': ['oncogene', ' TSG'], 'loc': ('116845935', '116874866')}, 'RECQL4': {'type': ['oncogene', ' TSG'], 'loc': ('144511288', '144517845')}}}","['EXT1', 'FAM135B', 'MYC', 'NDRG1', 'PLEC', 'RAD21', 'RECQL4']",1.0,0,1,0.875,high
SNU119_OVARY,6,1,linear,91798,1,1,"[('3', 195718799, 195627000)]","[('3', 195627000, '3', 195718799)]",0.0,[],1.0,"[('3', 195627000, '3', 195718799)]",0.0,[],1.0,"[('3', 195627000), ('3', 195718799)]","['High Signal Region', 'High Signal Region']",0,{},[],0.0,0,2,2.0625,low
SNU119_OVARY,7,1,circular,1420,1,1,"[('3', 197390241, 197391660)]","[('3', 197391660, '3', 197390241)]",1.0,"[('3', 197391660, '3', 197390241)]",0.0,[],0.0,[],1.0,"[('3', 197391660), ('3', 197390241)]","['High Signal Region', 'High Signal Region']",0,{},[],0.0,1,1,1.0625,medium
SNU16_STOMACH,1,2,circular,75748,2,2,"[('10', 121251784, 121322545), ('11', 35335085, 35330098)]","[('10', 121322545, '11', 35335085), ('11', 35330098, '10', 121251784)]",1.0,"[('10', 121322545, '11', 35335085), ('11', 35330098, '10', 121251784)]",0.0,[],0.0,[],0.0,[],[],0,{},[],0.0,1,1,0.5,high
SNU16_STOMACH,1,3,circular,632443,3,2,"[('18', 51191728, 51191837), ('10', 120635776, 120321954), ('10', 120319822, 120638333)]","[('18', 51191837, '10', 120635776), ('10', 120321954, '10', 120319822), ('10', 120638333, '18', 51191728)]",1.0,"[('18', 51191837, '10', 120635776), ('10', 120321954, '10', 120319822), ('10', 120638333, '18', 51191728)]",0.0,[],0.0,[],0.0,[],[],0,{},[],0.0,1,1,0.5,high
SNU16_STOMACH,1,10,circular,481,3,2,"[('8', 127222199, 127222146), ('11', 36277001, 36276797), ('11', 35931730, 35931955)]","[('8', 127222146, '11', 36277001), ('11', 36276797, '11', 35931730), ('11', 35931955, '8', 127222199)]",1.0,"[('8', 127222146, '11', 36277001), ('11', 36276797, '11', 35931730), ('11', 35931955, '8', 127222199)]",0.0,[],0.0,[],0.0,[],[],0,{},[],1.0,1,1,0.875,high
SNU16_STOMACH,1,12,linear,159,1,1,"[('11', 33599676, 33599516)]","[('11', 33599516, '11', 33599676)]",0.0,[],1.0,"[('11', 33599516, '11', 33599676)]",0.0,[],0.0,[],[],0,{},[],1.0,0,0,1.875,medium
SNU16_STOMACH,1,14,circular,433014,3,1,"[('11', 34965363, 34965608), ('11', 38179222, 37963818), ('11', 37963818, 38181182)]","[('11', 34965608, '11', 38179222), ('11', 37963818, '11', 37963818), ('11', 38181182, '11', 34965363)]",1.0,"[('11', 34965608, '11', 38179222), ('11', 38181182, '11', 34965363)]",0.0,[],0.0,[],0.0,[],[],1,{},[],0.0,1,1,0.5,high
SNU16_STOMACH,1,15,linear,315,1,1,"[('8', 125119914, 125119598)]","[('8', 125119598, '8', 125119914)]",0.0,[],1.0,"[('8', 125119598, '8', 125119914)]",0.0,[],0.0,[],[],0,{},[],1.0,0,0,1.875,medium
SNU16_STOMACH,1,16,circular,71083,3,2,"[('11', 41437833, 41437269), ('8', 126600905, 126600763), ('8', 126509826, 126580204)]","[('11', 41437269, '8', 126600905), ('8', 126600763, '8', 126509826), ('8', 126580204, '11', 41437833)]",1.0,"[('11', 41437269, '8', 126600905), ('8', 126600763, '8', 126509826), ('8', 126580204, '11', 41437833)]",0.0,[],0.0,[],0.0,[],[],0,{},[],0.0,1,1,0.5,high
SNU16_STOMACH,1,19,circular,493251,3,1,"[('8', 127574418, 127489621), ('8', 127489758, 127800474), ('8', 127744927, 127647188)]","[('8', 127489621, '8', 127489758), ('8', 127800474, '8', 127744927), ('8', 127647188, '8', 127574418)]",1.0,"[('8', 127800474, '8', 127744927), ('8', 127647188, '8', 127574418)]",0.0,[],0.0,[],0.0,[],[],1,"{'8': {'MYC': {'type': ['oncogene', ' fusion'], 'loc': ('127735434', '127741434')}}}","['MYC', 'MYC']",0.0,1,1,0.5,high
SNU16_STOMACH,1,22,linear,294,1,1,"[('11', 34454882, 34454587)]","[('11', 34454587, '11', 34454882)]",0.0,[],1.0,"[('11', 34454587, '11', 34454882)]",0.0,[],0.0,[],[],0,{},[],1.0,0,0,1.875,medium
SNU16_STOMACH,1,28,circular,35044,3,2,"[('8', 127222146, 127247294), ('11', 34886231, 34876423), ('11', 34748959, 34748870)]","[('8', 127247294, '11', 34886231), ('11', 34876423, '11', 34748959), ('11', 34748870, '8', 127222146)]",1.0,"[('8', 127247294, '11', 34886231), ('11', 34876423, '11', 34748959), ('11', 34748870, '8', 127222146)]",0.0,[],0.0,[],0.0,[],[],0,{},[],0.0,1,1,0.5,high
SNU16_STOMACH,1,30,circular,1321615,4,2,"[('8', 127949633, 128043191), ('11', 35336476, 35175283), ('11', 35175298, 35931955), ('11', 34748870, 35059075)]","[('8', 128043191, '11', 35336476), ('11', 35175283, '11', 35175298), ('11', 35931955, '11', 34748870), ('11', 35059075, '8', 127949633)]",1.0,"[('8', 128043191, '11', 35336476), ('11', 35931955, '11', 34748870), ('11', 35059075, '8', 127949633)]",0.0,[],0.0,[],0.0,[],[],1,{},[],0.0,1,1,0.5,high
SNU16_STOMACH,1,32,circular,925174,5,1,"[('10', 120984389, 120955918), ('10', 120955918, 121603029), ('10', 121603879, 121704064), ('10', 121704064, 121603879), ('10', 121603029, 121553806)]","[('10', 120955918, '10', 120955918), ('10', 121603029, '10', 121603879), ('10', 121704064, '10', 121704064), ('10', 121603879, '10', 121603029), ('10', 121553806, '10', 120984389)]",1.0,"[('10', 121553806, '10', 120984389)]",0.0,[],0.0,[],0.0,[],[],4,"{'10': {'FGFR2': {'type': ['oncogene', ' fusion'], 'loc': ('121478334', '121598458')}}}",['FGFR2'],0.0,1,1,0.5,high
SNU16_STOMACH,1,33,linear,852723,2,2,"[('8', 126578699, 126509826), ('11', 41437269, 42221119)]","[('8', 126509826, '11', 41437269), ('11', 42221119, '8', 126578699)]",0.5,"[('8', 126509826, '11', 41437269)]",0.5,"[('11', 42221119, '8', 126578699)]",0.0,[],0.0,[],[],0,{},[],0.0,0,1,0.5,high
SNU16_STOMACH,1,36,linear,56939,3,2,"[('8', 124791299, 124744655), ('8', 125119597, 125109518), ('11', 19048152, 19047933)]","[('8', 124744655, '11', 19048152), ('11', 19047933, '8', 125119597), ('8', 125109518, '8', 124791299)]",0.6666666666666666,"[('8', 124744655, '11', 19048152), ('11', 19047933, '8', 125119597)]",0.3333333333333333,"[('8', 125109518, '8', 124791299)]",0.0,[],0.0,[],[],0,{},[],0.0,0,1,0.5,high
SNU16_STOMACH,1,37,linear,2482,4,1,"[('11', 34454882, 34453995), ('11', 44289434, 44288683), ('11', 33599067, 33599515), ('11', 34454486, 34454882)]","[('11', 34453995, '11', 44289434), ('11', 44288683, '11', 33599067), ('11', 33599515, '11', 34454486), ('11', 34454882, '11', 34454882)]",1.0,"[('11', 34453995, '11', 44289434), ('11', 44288683, '11', 33599067), ('11', 33599515, '11', 34454486)]",0.0,[],0.0,[],0.0,[],[],1,{},[],0.0,0,1,0.5,high
SNU182_LIVER,7,1,linear,613591,2,1,"[('17', 21805625, 21683992), ('17', 21682765, 21190805)]","[('17', 21683992, '17', 21682765), ('17', 21190805, '17', 21805625)]",0.0,[],1.0,"[('17', 21190805, '17', 21805625)]",0.0,[],1.0,"[('17', 21805625)]",['High Signal Region'],1,{},[],0.0,0,2,2.0625,low
SNU182_LIVER,7,2,linear,10549,1,1,"[('17', 22069691, 22059141)]","[('17', 22059141, '17', 22069691)]",0.0,[],1.0,"[('17', 22059141, '17', 22069691)]",0.0,[],0.0,[],[],0,{},[],0.0,0,0,1.5,medium
SNU182_LIVER,8,2,linear,2436354,2,1,"[('22', 21304481, 19552973), ('22', 19586226, 20271072)]","[('22', 19552973, '22', 19586226), ('22', 20271072, '22', 21304481)]",0.5,"[('22', 19552973, '22', 19586226)]",0.5,"[('22', 20271072, '22', 21304481)]",0.0,[],1.0,"[('22', 21304481)]",['High Signal Region'],0,"{'22': {'DGCR8': {'type': ['oncogene'], 'loc': ('20080232', '20111877')}, 'LZTR1': {'type': ['TSG'], 'loc': ('20982013', '20999038')}, 'SEPT5': {'type': ['fusion'], 'loc': ('19714464', '19724224')}}}","['DGCR8', 'DGCR8', 'LZTR1', 'SEPT5', 'SEPT5']",1.0,0,2,1.4375,medium
SNU387_LIVER,1,1,linear,870023,1,1,"[('3', 11170302, 10300278)]","[('3', 10300278, '3', 11170302)]",0.0,[],1.0,"[('3', 10300278, '3', 11170302)]",0.0,[],0.0,[],[],0,{},[],0.0,0,0,1.5,medium
SNU387_LIVER,3,1,linear,30448,1,1,"[('11', 71584242, 71553793)]","[('11', 71553793, '11', 71584242)]",0.0,[],1.0,"[('11', 71553793, '11', 71584242)]",0.0,[],0.0,[],[],0,{},[],0.0,0,0,1.5,medium
SNU387_LIVER,3,2,linear,478037,1,1,"[('11', 71545638, 71067600)]","[('11', 71067600, '11', 71545638)]",0.0,[],1.0,"[('11', 71067600, '11', 71545638)]",0.0,[],0.0,[],[],0,{},[],0.0,0,0,1.5,medium
SNU387_LIVER,4,1,circular,128877,1,1,"[('11', 68515211, 68644087)]","[('11', 68644087, '11', 68515211)]",1.0,"[('11', 68644087, '11', 68515211)]",0.0,[],0.0,[],0.0,[],[],0,{},[],0.0,1,1,0.5,high
SNU449_LIVER,1,2,circular,266797,2,1,"[('17', 19421491, 19290909), ('17', 19288239, 19424454)]","[('17', 19290909, '17', 19288239), ('17', 19424454, '17', 19421491)]",1.0,"[('17', 19290909, '17', 19288239), ('17', 19424454, '17', 19421491)]",0.0,[],0.0,[],0.0,[],[],0,{},[],0.0,1,1,0.5,high
SNU449_LIVER,1,4,linear,83098,1,1,"[('17', 19114499, 19031400)]","[('17', 19031400, '17', 19114499)]",0.0,[],1.0,"[('17', 19031400, '17', 19114499)]",0.0,[],1.0,"[('17', 19031400), ('17', 19114499)]","['High Signal Region', 'High Signal Region']",0,{},[],0.0,0,2,2.0625,low
SNU475_LIVER,1,1,circular,2793,2,1,"[('12', 9405842, 9406259), ('12', 31118333, 31120707)]","[('12', 9406259, '12', 31118333), ('12', 31120707, '12', 9405842)]",1.0,"[('12', 9406259, '12', 31118333), ('12', 31120707, '12', 9405842)]",0.0,[],0.0,[],0.0,[],[],0,{},[],0.0,1,1,0.5,high
SNU475_LIVER,1,2,linear,10426,1,1,"[('11', 66243214, 66232787)]","[('11', 66232787, '11', 66243214)]",0.0,[],1.0,"[('11', 66232787, '11', 66243214)]",0.0,[],0.0,[],[],0,{},[],0.0,0,0,1.5,medium
SW1271_LUNG,2,1,linear,699980,1,1,"[('11', 95057705, 94357724)]","[('11', 94357724, '11', 95057705)]",0.0,[],1.0,"[('11', 94357724, '11', 95057705)]",0.0,[],0.0,[],[],0,{},[],0.0,0,0,1.5,medium
SW1783_CENTRAL_NERVOUS_SYSTEM,1,1,circular,3855652,4,1,"[('4', 122424450, 122423878), ('4', 53913454, 56895046), ('4', 56895948, 57769285), ('4', 5689094, 5688943)]","[('4', 122423878, '4', 53913454), ('4', 56895046, '4', 56895948), ('4', 57769285, '4', 5689094), ('4', 5688943, '4', 122424450)]",1.0,"[('4', 122423878, '4', 53913454), ('4', 57769285, '4', 5689094), ('4', 5688943, '4', 122424450)]",0.0,[],0.0,[],0.0,[],[],1,"{'4': {'CHIC2': {'type': ['fusion'], 'loc': ('54009789', '54064690')}, 'KDR': {'type': ['oncogene'], 'loc': ('55078259', '55125595')}, 'KIT': {'type': ['oncogene'], 'loc': ('54657918', '54740715')}, 'PDGFRA': {'type': ['oncogene', ' fusion'], 'loc': ('54229097', '54298247')}}}","['CHIC2', 'KDR', 'KIT', 'PDGFRA']",1.0,1,1,0.875,high
SW480_LARGE_INTESTINE,1,1,circular,788999,7,1,"[('8', 125498734, 125582884), ('8', 125588887, 125679197), ('8', 126998264, 127393450), ('8', 126171644, 126173716), ('8', 127394508, 127400708), ('8', 127593652, 127752717), ('8', 128553012, 128605021)]","[('8', 125582884, '8', 125588887), ('8', 125679197, '8', 126998264), ('8', 127393450, '8', 126171644), ('8', 126173716, '8', 127394508), ('8', 127400708, '8', 127593652), ('8', 127752717, '8', 128553012), ('8', 128605021, '8', 125498734)]",1.0,"[('8', 125582884, '8', 125588887), ('8', 125679197, '8', 126998264), ('8', 127393450, '8', 126171644), ('8', 126173716, '8', 127394508), ('8', 127400708, '8', 127593652), ('8', 127752717, '8', 128553012), ('8', 128605021, '8', 125498734)]",0.0,[],0.0,[],0.0,[],[],0,"{'8': {'MYC': {'type': ['oncogene', ' fusion'], 'loc': ('127735434', '127741434')}}}",['MYC'],0.0,1,1,0.5,high
SW480_LARGE_INTESTINE,3,1,linear,7452,2,1,"[('20', 30425093, 30424597), ('20', 29125545, 29118587)]","[('20', 30424597, '20', 29125545), ('20', 29118587, '20', 30425093)]",0.5,"[('20', 30424597, '20', 29125545)]",0.5,"[('20', 29118587, '20', 30425093)]",0.0,[],1.0,"[('20', 29125545), ('20', 29118587)]","['High Signal Region', 'High Signal Region']",0,{},[],0.0,0,2,1.0625,medium
SW480_LARGE_INTESTINE,3,2,linear,11690,1,1,"[('20', 28794690, 28782999)]","[('20', 28782999, '20', 28794690)]",0.0,[],1.0,"[('20', 28782999, '20', 28794690)]",0.0,[],1.0,"[('20', 28782999), ('20', 28794690)]","['High Signal Region', 'High Signal Region']",0,{},[],0.0,0,2,2.0625,low
SW480_LARGE_INTESTINE,3,3,linear,20495,1,1,"[('20', 30425093, 30404597)]","[('20', 30404597, '20', 30425093)]",0.0,[],1.0,"[('20', 30404597, '20', 30425093)]",0.0,[],0.0,[],[],0,{},[],0.0,0,0,1.5,medium
SW480_LARGE_INTESTINE,4,1,linear,105002,1,1,"[('17', 46191528, 46086525)]","[('17', 46086525, '17', 46191528)]",0.0,[],1.0,"[('17', 46086525, '17', 46191528)]",0.0,[],0.0,[],[],0,{},[],0.0,0,0,1.5,medium
SW579_THYROID,1,1,linear,1372680,3,1,"[('7', 1399992, 567340), ('7', 566717, 225974), ('7', 224287, 24999)]","[('7', 567340, '7', 566717), ('7', 225974, '7', 224287), ('7', 24999, '7', 1399992)]",0.0,[],1.0,"[('7', 24999, '7', 1399992)]",0.0,[],1.0,"[('7', 225974), ('7', 24999)]","['High Signal Region', 'High Signal Region']",2,{},[],0.0,0,2,2.0625,low
SW579_THYROID,1,2,linear,229997,1,1,"[('7', 7389955, 7159957)]","[('7', 7159957, '7', 7389955)]",0.0,[],1.0,"[('7', 7159957, '7', 7389955)]",0.0,[],0.0,[],[],0,{},[],0.0,0,0,1.5,medium
SW579_THYROID,1,3,linear,10453,1,1,"[('7', 8944430, 8933976)]","[('7', 8933976, '7', 8944430)]",0.0,[],1.0,"[('7', 8933976, '7', 8944430)]",0.0,[],0.0,[],[],0,{},[],0.0,0,0,1.5,medium
SW579_THYROID,1,4,linear,1705003,1,1,"[('7', 6389970, 4684966)]","[('7', 4684966, '7', 6389970)]",0.0,[],1.0,"[('7', 4684966, '7', 6389970)]",0.0,[],0.0,[],[],0,"{'7': {'PMS2': {'type': ['TSG'], 'loc': ('5973239', '6009125')}, 'TNRC18': {'type': ['fusion'], 'loc': ('5306790', '5425414')}}}","['PMS2', 'TNRC18']",0.0,0,0,1.5,medium
SW579_THYROID,1,5,linear,79998,1,1,"[('7', 8124951, 8044952)]","[('7', 8044952, '7', 8124951)]",0.0,[],1.0,"[('7', 8044952, '7', 8124951)]",0.0,[],0.0,[],[],0,{},[],0.0,0,0,1.5,medium
SW579_THYROID,1,6,linear,30454,1,1,"[('4', 60104809, 60074354)]","[('4', 60074354, '4', 60104809)]",0.0,[],1.0,"[('4', 60074354, '4', 60104809)]",0.0,[],0.0,[],[],0,{},[],0.0,0,0,1.5,medium
SW579_THYROID,1,7,linear,1444990,1,1,"[('7', 15624906, 14179915)]","[('7', 14179915, '7', 15624906)]",0.0,[],1.0,"[('7', 14179915, '7', 15624906)]",0.0,[],0.0,[],[],0,{},[],0.0,0,0,1.5,medium
SW579_THYROID,2,1,linear,211668,1,1,"[('7', 8751618, 8539949)]","[('7', 8539949, '7', 8751618)]",0.0,[],1.0,"[('7', 8539949, '7', 8751618)]",0.0,[],0.0,[],[],0,{},[],0.0,0,0,1.5,medium
SW579_THYROID,4,1,linear,1444784,1,1,"[('12', 11025585, 9580800)]","[('12', 9580800, '12', 11025585)]",0.0,[],1.0,"[('12', 9580800, '12', 11025585)]",0.0,[],0.0,[],[],0,{},[],0.0,0,0,1.5,medium
SW900_LUNG,2,1,linear,159998,1,1,"[('5', 171033382, 170873383)]","[('5', 170873383, '5', 171033382)]",0.0,[],1.0,"[('5', 170873383, '5', 171033382)]",0.0,[],0.0,[],[],0,{},[],0.0,0,0,1.5,medium
SW900_LUNG,3,1,linear,279995,1,1,"[('12', 19894660, 19614664)]","[('12', 19614664, '12', 19894660)]",0.0,[],1.0,"[('12', 19614664, '12', 19894660)]",0.0,[],0.0,[],[],0,{},[],0.0,0,0,1.5,medium
SW900_LUNG,4,1,circular,2693,2,1,"[('12', 9405974, 9406267), ('12', 31118318, 31120716)]","[('12', 9406267, '12', 31118318), ('12', 31120716, '12', 9405974)]",1.0,"[('12', 9406267, '12', 31118318), ('12', 31120716, '12', 9405974)]",0.0,[],0.0,[],0.0,[],[],0,{},[],0.0,1,1,0.5,high
T24_URINARY_TRACT,1,1,linear,826,1,1,"[('7', 61106395, 61105568)]","[('7', 61105568, '7', 61106395)]",0.0,[],1.0,"[('7', 61105568, '7', 61106395)]",0.0,[],1.0,"[('7', 61105568), ('7', 61106395)]","['Low Mappability', 'Low Mappability']",0,{},[],1.0,0,2,2.4375,low
T24_URINARY_TRACT,1,2,linear,9629,2,1,"[('20', 28781906, 28773535), ('20', 28762719, 28761459)]","[('20', 28773535, '20', 28762719), ('20', 28761459, '20', 28781906)]",0.5,"[('20', 28773535, '20', 28762719)]",0.5,"[('20', 28761459, '20', 28781906)]",0.0,[],1.0,"[('20', 28773535), ('20', 28762719), ('20', 28761459), ('20', 28781906)]","['High Signal Region', 'High Signal Region', 'High Signal Region', 'High Signal Region']",0,{},[],0.0,0,2,1.0625,medium
T24_URINARY_TRACT,1,3,linear,120,1,1,"[('7', 61105689, 61105568)]","[('7', 61105568, '7', 61105689)]",0.0,[],1.0,"[('7', 61105568, '7', 61105689)]",0.0,[],1.0,"[('7', 61105568), ('7', 61105689)]","['Low Mappability', 'Low Mappability']",0,{},[],1.0,0,2,2.4375,low
T24_URINARY_TRACT,1,4,linear,20446,1,1,"[('20', 28944141, 28923694)]","[('20', 28923694, '20', 28944141)]",0.0,[],1.0,"[('20', 28923694, '20', 28944141)]",0.0,[],1.0,"[('20', 28944141)]",['High Signal Region'],0,{},[],0.0,0,2,2.0625,low
T47D_BREAST,2,1,linear,239999,1,1,"[('3', 197295559, 197055559)]","[('3', 197055559, '3', 197295559)]",0.0,[],1.0,"[('3', 197055559, '3', 197295559)]",0.0,[],0.0,[],[],0,{},[],0.0,0,0,1.5,medium
TE11_OESOPHAGUS,1,1,linear,20581,1,1,"[('1', 125175220, 125154638)]","[('1', 125154638, '1', 125175220)]",0.0,[],1.0,"[('1', 125154638, '1', 125175220)]",0.0,[],1.0,"[('1', 125154638), ('1', 125175220)]","['High Signal Region', 'High Signal Region']",0,{},[],0.0,0,2,2.0625,low
TE11_OESOPHAGUS,1,2,linear,180918,1,1,"[('7', 62456699, 62275780)]","[('7', 62275780, '7', 62456699)]",0.0,[],1.0,"[('7', 62275780, '7', 62456699)]",0.0,[],1.0,"[('7', 62275780), ('7', 62456699)]","['High Signal Region', 'High Signal Region']",0,{},[],0.0,0,2,2.0625,low
TE11_OESOPHAGUS,1,3,linear,64140,1,1,"[('7', 61070794, 61006653)]","[('7', 61006653, '7', 61070794)]",0.0,[],1.0,"[('7', 61006653, '7', 61070794)]",0.0,[],1.0,"[('7', 61070794)]",['High Signal Region'],0,{},[],0.0,0,2,2.0625,low
TE11_OESOPHAGUS,3,1,linear,844989,1,1,"[('7', 87491478, 86646488)]","[('7', 86646488, '7', 87491478)]",0.0,[],1.0,"[('7', 86646488, '7', 87491478)]",0.0,[],0.0,[],[],0,{},[],0.0,0,0,1.5,medium
TE11_OESOPHAGUS,6,2,linear,2235083,1,1,"[('11', 70955699, 68720615)]","[('11', 68720615, '11', 70955699)]",0.0,[],1.0,"[('11', 68720615, '11', 70955699)]",0.0,[],0.0,[],[],0,"{'11': {'CCND1': {'type': ['oncogene', ' fusion'], 'loc': ('69641087', '69654474')}, 'FADD': {'type': [''], 'loc': ('70203163', '70207390')}}}","['CCND1', 'FADD']",1.0,0,0,1.875,medium
TE1_OESOPHAGUS,2,1,linear,820005,1,1,"[('2', 43395329, 42575323)]","[('2', 42575323, '2', 43395329)]",0.0,[],1.0,"[('2', 42575323, '2', 43395329)]",0.0,[],0.0,[],[],0,{},[],0.0,0,0,1.5,medium
TE1_OESOPHAGUS,4,1,linear,20599,1,1,"[('8', 43448047, 43427447)]","[('8', 43427447, '8', 43448047)]",0.0,[],1.0,"[('8', 43427447, '8', 43448047)]",0.0,[],0.0,[],[],0,{},[],0.0,0,0,1.5,medium
TE1_OESOPHAGUS,5,1,linear,1367163,2,1,"[('22', 24694360, 23937037), ('22', 23934248, 23324406)]","[('22', 23937037, '22', 23934248), ('22', 23324406, '22', 24694360)]",0.5,"[('22', 23937037, '22', 23934248)]",0.5,"[('22', 23324406, '22', 24694360)]",0.0,[],0.0,[],[],0,"{'22': {'SMARCB1': {'type': ['TSG'], 'loc': ('23786931', '23838008')}}}",['SMARCB1'],0.0,0,1,0.5,high
TE1_OESOPHAGUS,5,2,circular,5311917,4,2,"[('22', 24192738, 24192481), ('11', 103710513, 101062050), ('11', 97696631, 97697028), ('11', 101047237, 103710037)]","[('22', 24192481, '11', 103710513), ('11', 101062050, '11', 97696631), ('11', 97697028, '11', 101047237), ('11', 103710037, '22', 24192738)]",1.0,"[('22', 24192481, '11', 103710513), ('11', 101062050, '11', 97696631), ('11', 97697028, '11', 101047237), ('11', 103710037, '22', 24192738)]",0.0,[],0.0,[],0.0,[],[],0,"{'11': {'BIRC3': {'type': ['oncogene', ' TSG', ' fusion'], 'loc': ('102317450', '102339403')}, 'YAP1': {'type': ['fusion', ' oncogene'], 'loc': ('102110461', '102233423')}}}","['BIRC3', 'BIRC3', 'YAP1', 'YAP1']",1.0,1,1,0.875,high
TE1_OESOPHAGUS,6,1,linear,59989,1,1,"[('10', 43895977, 43835987)]","[('10', 43835987, '10', 43895977)]",0.0,[],1.0,"[('10', 43835987, '10', 43895977)]",0.0,[],0.0,[],[],0,{},[],0.0,0,0,1.5,medium
TE1_OESOPHAGUS,8,1,linear,4469991,1,1,"[('13', 61893024, 57423032)]","[('13', 57423032, '13', 61893024)]",0.0,[],1.0,"[('13', 57423032, '13', 61893024)]",0.0,[],0.0,[],[],0,{},[],1.0,0,0,1.875,medium
TE5_OESOPHAGUS,3,1,linear,1950073,1,1,"[('11', 60510300, 58560226)]","[('11', 58560226, '11', 60510300)]",0.0,[],1.0,"[('11', 58560226, '11', 60510300)]",0.0,[],0.0,[],[],0,{},[],1.0,0,0,1.875,medium
TE5_OESOPHAGUS,4,1,linear,455016,1,1,"[('11', 63490413, 63035396)]","[('11', 63035396, '11', 63490413)]",0.0,[],1.0,"[('11', 63035396, '11', 63490413)]",0.0,[],0.0,[],[],0,{},[],0.0,0,0,1.5,medium
TE5_OESOPHAGUS,5,1,linear,31198,1,1,"[('12', 37831199, 37800000)]","[('12', 37800000, '12', 37831199)]",0.0,[],1.0,"[('12', 37800000, '12', 37831199)]",0.0,[],0.0,[],[],0,{},[],0.0,0,0,1.5,medium
TE5_OESOPHAGUS,5,2,linear,225251,1,1,"[('12', 38025252, 37800000)]","[('12', 37800000, '12', 38025252)]",0.0,[],1.0,"[('12', 37800000, '12', 38025252)]",0.0,[],0.0,[],[],0,{},[],0.0,0,0,1.5,medium
THP1_HAEMATOPOIETIC_AND_LYMPHOID_TISSUE,1,2,circular,2715086,4,2,"[('2', 241579699, 241579979), ('1', 40894492, 40196366), ('1', 40105683, 39491599), ('1', 39491061, 40893657)]","[('2', 241579979, '1', 40894492), ('1', 40196366, '1', 40105683), ('1', 39491599, '1', 39491061), ('1', 40893657, '2', 241579699)]",1.0,"[('2', 241579979, '1', 40894492), ('1', 40196366, '1', 40105683), ('1', 40893657, '2', 241579699)]",0.0,[],0.0,[],0.0,[],[],1,"{'1': {'MYCL': {'type': ['oncogene'], 'loc': ('39895426', '39902256')}}}","['MYCL', 'MYCL']",1.0,1,1,0.875,high
U251MG_CENTRAL_NERVOUS_SYSTEM,2,1,linear,704814,1,1,"[('1', 121641415, 120936600)]","[('1', 120936600, '1', 121641415)]",0.0,[],1.0,"[('1', 120936600, '1', 121641415)]",0.0,[],1.0,"[('1', 121641415)]",['High Signal Region'],0,{},[],0.0,0,2,2.0625,low
U2OS_BONE,1,1,linear,650039,1,1,"[('4', 30909239, 30259199)]","[('4', 30259199, '4', 30909239)]",0.0,[],1.0,"[('4', 30259199, '4', 30909239)]",0.0,[],0.0,[],[],0,{},[],0.0,0,0,1.5,medium
U2OS_BONE,3,1,linear,139998,1,1,"[('8', 144548641, 144408642)]","[('8', 144408642, '8', 144548641)]",0.0,[],1.0,"[('8', 144408642, '8', 144548641)]",0.0,[],0.0,[],[],0,"{'8': {'RECQL4': {'type': ['oncogene', ' TSG'], 'loc': ('144511288', '144517845')}}}",['RECQL4'],0.0,0,0,1.5,medium
UACC812_BREAST,1,1,circular,3975216,6,1,"[('13', 91220147, 90361952), ('13', 91268378, 92459651), ('13', 92722314, 93592063), ('13', 82211940, 82209583), ('13', 66877448, 66981107), ('13', 67099882, 68049863)]","[('13', 90361952, '13', 91268378), ('13', 92459651, '13', 92722314), ('13', 93592063, '13', 82211940), ('13', 82209583, '13', 66877448), ('13', 66981107, '13', 67099882), ('13', 68049863, '13', 91220147)]",1.0,"[('13', 90361952, '13', 91268378), ('13', 92459651, '13', 92722314), ('13', 93592063, '13', 82211940), ('13', 82209583, '13', 66877448), ('13', 66981107, '13', 67099882), ('13', 68049863, '13', 91220147)]",0.0,[],0.0,[],0.0,[],[],0,{},[],1.0,1,1,0.875,high
UACC812_BREAST,1,4,linear,20587,1,1,"[('20', 54678140, 54657552)]","[('20', 54657552, '20', 54678140)]",0.0,[],1.0,"[('20', 54657552, '20', 54678140)]",0.5,"[('20', 54657552, '20', 36428103)]",0.0,[],[],0,{},[],0.0,0,0,1.75,medium
UACC812_BREAST,1,6,circular,2738559,7,1,"[('13', 77031774, 76572157), ('13', 74291975, 75835128), ('13', 77487529, 77880500), ('13', 91220258, 91220482), ('13', 91231667, 91209747), ('13', 84747453, 84821627), ('13', 90893202, 91139699)]","[('13', 76572157, '13', 74291975), ('13', 75835128, '13', 77487529), ('13', 77880500, '13', 91220258), ('13', 91220482, '13', 91231667), ('13', 91209747, '13', 84747453), ('13', 84821627, '13', 90893202), ('13', 91139699, '13', 77031774)]",1.0,"[('13', 76572157, '13', 74291975), ('13', 75835128, '13', 77487529), ('13', 77880500, '13', 91220258), ('13', 91220482, '13', 91231667), ('13', 91209747, '13', 84747453), ('13', 84821627, '13', 90893202), ('13', 91139699, '13', 77031774)]",0.0,[],0.0,[],0.0,[],[],0,{},[],1.0,1,1,0.875,high
UACC812_BREAST,1,7,linear,4863928,2,1,"[('20', 57178707, 60579125), ('20', 38655933, 37192423)]","[('20', 60579125, '20', 38655933), ('20', 37192423, '20', 57178707)]",0.5,"[('20', 60579125, '20', 38655933)]",0.5,"[('20', 37192423, '20', 57178707)]",0.0,[],0.0,[],[],0,"{'20': {'GNAS': {'type': ['oncogene'], 'loc': ('58839718', '58911192')}, 'SRC': {'type': ['oncogene'], 'loc': ('37344685', '37406050')}}}","['GNAS', 'SRC']",1.0,0,1,0.875,high
UACC812_BREAST,1,8,linear,911475,2,1,"[('13', 63058022, 63167229), ('13', 70130278, 69328010)]","[('13', 63167229, '13', 70130278), ('13', 69328010, '13', 63058022)]",0.5,"[('13', 63167229, '13', 70130278)]",0.5,"[('13', 69328010, '13', 63058022)]",0.0,[],0.0,[],[],0,{},[],0.0,0,1,0.5,high
UACC812_BREAST,1,9,linear,787396,1,1,"[('20', 60679125, 59891728)]","[('20', 59891728, '20', 60679125)]",0.0,[],1.0,"[('20', 59891728, '20', 60679125)]",0.0,[],0.0,[],[],0,{},[],0.0,0,0,1.5,medium
UACC812_BREAST,1,10,circular,1309036,5,2,"[('1', 113173974, 113436588), ('17', 39904330, 39590901), ('17', 38552040, 38807243), ('17', 38808663, 38909327), ('17', 40007459, 40384582)]","[('1', 113436588, '17', 39904330), ('17', 39590901, '17', 38552040), ('17', 38807243, '17', 38808663), ('17', 38909327, '17', 40007459), ('17', 40384582, '1', 113173974)]",1.0,"[('1', 113436588, '17', 39904330), ('17', 39590901, '17', 38552040), ('17', 38909327, '17', 40007459), ('17', 40384582, '1', 113173974)]",0.0,[],0.0,[],0.0,[],[],1,"{'17': {'ERBB2': {'type': ['oncogene', ' fusion'], 'loc': ('39687914', '39730426')}, 'IKZF3': {'type': ['oncogene', ' TSG', ' fusion'], 'loc': ('39757715', '39864188')}, 'MLLT6': {'type': ['fusion'], 'loc': ('38705542', '38729803')}, 'RARA': {'type': ['oncogene', ' fusion'], 'loc': ('40309192', '40357643')}}}","['ERBB2', 'IKZF3', 'MLLT6', 'RARA']",0.0,1,1,0.5,high
UACC812_BREAST,2,1,linear,210003,1,1,"[('1', 119856412, 119646408)]","[('1', 119646408, '1', 119856412)]",0.0,[],1.0,"[('1', 119646408, '1', 119856412)]",0.0,[],0.0,[],[],0,{},[],0.0,0,0,1.5,medium
UACC812_BREAST,3,1,linear,544995,1,1,"[('1', 150749525, 150204529)]","[('1', 150204529, '1', 150749525)]",0.0,[],1.0,"[('1', 150204529, '1', 150749525)]",0.0,[],0.0,[],[],0,{},[],0.0,0,0,1.5,medium
UACC812_BREAST,3,2,linear,539684,2,1,"[('1', 152009515, 151672701), ('1', 202379472, 202176600)]","[('1', 151672701, '1', 202379472), ('1', 202176600, '1', 152009515)]",0.5,"[('1', 151672701, '1', 202379472)]",0.5,"[('1', 202176600, '1', 152009515)]",0.0,[],0.0,[],[],0,{},[],0.0,0,1,0.5,high
UACC812_BREAST,4,1,linear,195011,1,1,"[('20', 56248647, 56053635)]","[('20', 56053635, '20', 56248647)]",0.0,[],1.0,"[('20', 56053635, '20', 56248647)]",0.0,[],0.0,[],[],0,{},[],0.0,0,0,1.5,medium
UACC893_BREAST,9,1,linear,1078,1,1,"[('17', 81532370, 81531291)]","[('17', 81531291, '17', 81532370)]",0.0,[],1.0,"[('17', 81531291, '17', 81532370)]",0.0,[],0.0,[],[],0,{},[],1.0,0,0,1.875,medium
UACC893_BREAST,9,2,circular,744,1,1,"[('20', 63492159, 63492902)]","[('20', 63492902, '20', 63492159)]",1.0,"[('20', 63492902, '20', 63492159)]",0.0,[],0.0,[],0.0,[],[],0,{},[],1.0,1,1,0.875,high
VMCUB1_URINARY_TRACT,3,1,linear,10573,1,1,"[('11', 70669534, 70658960)]","[('11', 70658960, '11', 70669534)]",0.0,[],1.0,"[('11', 70658960, '11', 70669534)]",0.0,[],0.0,[],[],0,{},[],0.0,0,0,1.5,medium
VMCUB1_URINARY_TRACT,3,2,linear,200573,1,1,"[('11', 64618182, 64417608)]","[('11', 64417608, '11', 64618182)]",0.0,[],1.0,"[('11', 64417608, '11', 64618182)]",0.0,[],0.0,[],[],0,{},[],0.0,0,0,1.5,medium
VMCUB1_URINARY_TRACT,3,3,linear,1170040,1,1,"[('11', 64090436, 62920395)]","[('11', 62920395, '11', 64090436)]",0.0,[],1.0,"[('11', 62920395, '11', 64090436)]",0.0,[],0.0,[],[],0,{},[],0.0,0,0,1.5,medium
VMCUB1_URINARY_TRACT,3,4,linear,760024,1,1,"[('11', 67490561, 66730536)]","[('11', 66730536, '11', 67490561)]",0.0,[],1.0,"[('11', 66730536, '11', 67490561)]",0.0,[],0.0,[],[],0,{},[],0.0,0,0,1.5,medium
VMCUB1_URINARY_TRACT,4,1,linear,127253,2,1,"[('11', 61640343, 61747021), ('11', 70753824, 70733249)]","[('11', 61747021, '11', 70753824), ('11', 70733249, '11', 61640343)]",0.5,"[('11', 61747021, '11', 70753824)]",0.5,"[('11', 70733249, '11', 61640343)]",0.0,[],0.0,[],[],0,{},[],0.0,0,1,0.5,high
