Sample,Amplicon,Cycle,Cycle Type,Cycle Size (bp),Cycle Breakpoint Count,Cycle Chromosome Count,Cycle Regions List,Cycle Paired Ends List,Cycle TPR,Cycle TP BEs,Cycle FPR,Cycle FP BEs,Cycle PFNR,Cycle PFN BEs,Cycle MEB,Cycle Mapping Error Breakends,Cycle Unmappable Reasons,Small Deletions Count,Cycle Genes Info,Cycle Genes List,Cycle ESB,Cycle Type Boolean,Cycle Cluster Assignment,Selection Score,Confidence
CURTIS_H000381_T01_01_WG01,1,1,circular,855,1,1,"[('6', 44149194, 44150048)]","[('6', 44150048, '6', 44149194)]",0.0,[],1.0,"[('6', 44150048, '6', 44149194)]",0.0,[],1.0,"[('6', 44150048), ('6', 44149194)]","['High_Signal_Region', 'High_Signal_Region']",0,{},[],0.0,1,1,2.0625,low
CURTIS_H000382_T01_01_WG01,1,1,linear,20749,1,1,"[('8', 120335841, 120315091)]","[('8', 120315091, '8', 120335841)]",0.0,[],1.0,"[('8', 120315091, '8', 120335841)]",0.0,[],0.0,[],[],0,{},[],0.0,0,0,1.5,medium
CURTIS_H000387_T01_01_WG01,1,1,linear,10741,1,1,"[('17', 71264685, 71253943)]","[('17', 71253943, '17', 71264685)]",0.0,[],1.0,"[('17', 71253943, '17', 71264685)]",0.0,[],0.0,[],[],0,{},[],0.0,0,0,1.5,medium
CURTIS_H000387_T01_01_WG01,1,2,linear,210741,1,1,"[('17', 71124888, 70914146)]","[('17', 70914146, '17', 71124888)]",0.0,[],1.0,"[('17', 70914146, '17', 71124888)]",0.0,[],0.0,[],[],0,{},[],0.0,0,0,1.5,medium
CURTIS_H000390_T01_01_WG01,1,1,linear,584698,1,1,"[('11', 69724499, 69139800)]","[('11', 69139800, '11', 69724499)]",0.0,[],1.0,"[('11', 69139800, '11', 69724499)]",0.0,[],0.0,[],[],0,"{'11': {'CCND1': {'type': ['oncogene', ' fusion'], 'loc': ('69455855', '69469242')}}}",['CCND1'],0.0,0,0,1.5,medium
CURTIS_H000390_T01_01_WG01,1,2,circular,822,2,2,"[('Y', 13203741, 13204538), ('11', 70835243, 70835266)]","[('Y', 13204538, '11', 70835243), ('11', 70835266, 'Y', 13203741)]",0.0,[],1.0,"[('Y', 13204538, '11', 70835243), ('11', 70835266, 'Y', 13203741)]",0.0,[],1.0,"[('Y', 13204538), ('Y', 13203741)]","['High_Signal_Region', 'High_Signal_Region']",0,{},[],0.0,1,1,2.0625,low
CURTIS_H000390_T01_01_WG01,1,3,circular,998,2,2,"[('11', 76903854, 76904542), ('19', 14706528, 14706836)]","[('11', 76904542, '19', 14706528), ('19', 14706836, '11', 76903854)]",0.0,[],1.0,"[('11', 76904542, '19', 14706528), ('19', 14706836, '11', 76903854)]",0.0,[],0.0,[],[],0,{},[],0.0,1,0,1.5,medium
CURTIS_H000392_T01_01_WG01,1,1,linear,41,1,1,"[('7', 107410670, 107410628)]","[('7', 107410628, '7', 107410670)]",0.0,[],1.0,"[('7', 107410628, '7', 107410670)]",0.0,[],0.0,[],[],0,{},[],1.0,0,0,1.875,medium
CURTIS_H000392_T01_01_WG01,1,2,linear,41,1,1,"[('7', 107410670, 107410628)]","[('7', 107410628, '7', 107410670)]",0.0,[],1.0,"[('7', 107410628, '7', 107410670)]",0.0,[],0.0,[],[],0,{},[],1.0,0,0,1.875,medium
CURTIS_H000394_T01_01_WG01,1,1,circular,751029,1,1,"[('17', 37207510, 37958538)]","[('17', 37958538, '17', 37207510)]",1.0,"[('17', 37958538, '17', 37207510)]",0.0,[],0.0,[],0.0,[],[],0,"{'17': {'CDK12': {'type': ['TSG'], 'loc': ('37617764', '37721160')}, 'ERBB2': {'type': ['oncogene', ' fusion'], 'loc': ('37844167', '37886679')}}}","['CDK12', 'ERBB2']",0.0,1,2,0.5,high
CURTIS_H000394_T01_01_WG01,1,2,linear,214498,1,1,"[('17', 37424999, 37210500)]","[('17', 37210500, '17', 37424999)]",0.0,[],1.0,"[('17', 37210500, '17', 37424999)]",0.0,[],0.0,[],[],0,{},[],0.0,0,0,1.5,medium
CURTIS_H000394_T01_01_WG01,1,3,circular,95928,2,1,"[('17', 37601285, 37669922), ('17', 28019227, 28046516)]","[('17', 37669922, '17', 28019227), ('17', 28046516, '17', 37601285)]",1.0,"[('17', 37669922, '17', 28019227), ('17', 28046516, '17', 37601285)]",0.0,[],0.0,[],0.0,[],[],0,{},[],0.0,1,2,0.5,high
CURTIS_H000394_T01_01_WG01,1,4,linear,3584777,5,1,"[('17', 25800250, 26780386), ('17', 26783489, 28046516), ('17', 37601285, 37727179), ('17', 37633006, 37209002), ('17', 37202834, 36411119)]","[('17', 26780386, '17', 26783489), ('17', 28046516, '17', 37601285), ('17', 37727179, '17', 37633006), ('17', 37209002, '17', 37202834), ('17', 36411119, '17', 25800250)]",0.4,"[('17', 28046516, '17', 37601285), ('17', 37209002, '17', 37202834)]",0.6,"[('17', 26780386, '17', 26783489), ('17', 37727179, '17', 37633006), ('17', 36411119, '17', 25800250)]",0.0,[],0.0,[],[],0,"{'17': {'CDK12': {'type': ['TSG'], 'loc': ('37617764', '37721160')}, 'LASP1': {'type': ['fusion'], 'loc': ('37026112', '37078023')}, 'MLLT6': {'type': ['fusion'], 'loc': ('36861795', '36886056')}}}","['CDK12', 'LASP1', 'MLLT6']",1.0,0,2,1.375,medium
CURTIS_H000396_T01_01_WG01,1,1,linear,224987,2,1,"[('8', 125672162, 125876497), ('8', 129423650, 129402998)]","[('8', 125876497, '8', 129423650), ('8', 129402998, '8', 125672162)]",0.5,"[('8', 125876497, '8', 129423650)]",0.5,"[('8', 129402998, '8', 125672162)]",0.0,[],0.0,[],[],0,{},[],0.0,0,2,0.5,high
CURTIS_H000396_T01_01_WG01,1,2,linear,789843,5,3,"[('8', 43090210, 43079559), ('8', 130363451, 130343983), ('11', 73683084, 73831408), ('11', 71836533, 71846740), ('3', 87318558, 87919750)]","[('8', 43079559, '11', 73683084), ('11', 73831408, '8', 130363451), ('8', 130343983, '11', 71836533), ('11', 71846740, '3', 87318558), ('3', 87919750, '8', 43090210)]",0.0,[],1.0,"[('8', 43079559, '11', 73683084), ('11', 73831408, '8', 130363451), ('8', 130343983, '11', 71836533), ('11', 71846740, '3', 87318558), ('3', 87919750, '8', 43090210)]",0.3,"[('11', 73683084, '8', 73683095), ('11', 73831408, '8', 73831410), ('11', 71836533, '8', 71836539)]",0.0,[],[],0,{},[],0.0,0,0,1.625,medium
CURTIS_H000396_T01_01_WG01,1,3,linear,1341304,5,2,"[('8', 125009419, 125011288), ('8', 125012607, 125011565), ('8', 43111249, 43103980), ('12', 68960310, 67632788), ('12', 24474406, 24470801)]","[('8', 125011288, '8', 125012607), ('8', 125011565, '12', 68960310), ('12', 67632788, '12', 24474406), ('12', 24470801, '8', 43111249), ('8', 43103980, '8', 125009419)]",0.25,"[('12', 67632788, '12', 24474406)]",0.75,"[('8', 125011565, '12', 68960310), ('12', 24470801, '8', 43111249), ('8', 43103980, '8', 125009419)]",0.1666666666666666,"[('12', 68960310, '8', 68960310)]",1.0,"[('8', 43111249), ('8', 43103980)]","['High_Signal_Region', 'High_Signal_Region']",1,{},[],0.0,0,1,1.6875,medium
CURTIS_H000396_T01_01_WG01,1,4,linear,10650,1,1,"[('8', 43090210, 43079559)]","[('8', 43079559, '8', 43090210)]",0.0,[],1.0,"[('8', 43079559, '8', 43090210)]",0.0,[],0.0,[],[],0,{},[],0.0,0,0,1.5,medium
CURTIS_H000396_T01_01_WG01,1,5,linear,1297930,4,2,"[('8', 127299888, 127306222), ('8', 127306222, 127299888), ('12', 70977830, 70590859), ('12', 70079539, 70977830)]","[('8', 127306222, '12', 70977830), ('12', 70590859, '12', 70079539), ('12', 70977830, '8', 127306222), ('8', 127299888, '8', 127299888)]",0.0,[],1.0,"[('8', 127306222, '12', 70977830), ('12', 70590859, '12', 70079539), ('12', 70977830, '8', 127306222)]",0.3333333333333333,"[('12', 70977830, '8', 70977831), ('12', 70977830, '8', 70977831)]",0.0,[],[],1,{},[],0.0,0,0,1.625,medium
CURTIS_H000396_T01_01_WG01,1,6,linear,16315,1,1,"[('8', 125892814, 125876498)]","[('8', 125876498, '8', 125892814)]",0.0,[],1.0,"[('8', 125876498, '8', 125892814)]",0.5,"[('8', 125876498, '8', 129423651)]",0.0,[],[],0,{},[],0.0,0,0,1.75,medium
CURTIS_H000396_T01_01_WG01,1,7,linear,2643593,9,3,"[('12', 109423500, 110440757), ('12', 66732043, 66727865), ('10', 56479613, 57412036), ('10', 55007904, 55057786), ('11', 74624855, 74633668), ('11', 74164592, 74106943), ('11', 74690779, 74924577), ('11', 69484151, 69401401), ('11', 69400842, 69144000)]","[('12', 110440757, '10', 56479613), ('10', 57412036, '11', 74624855), ('11', 74633668, '11', 74164592), ('11', 74106943, '12', 66732043), ('12', 66727865, '11', 74690779), ('11', 74924577, '10', 55007904), ('10', 55057786, '11', 69484151), ('11', 69401401, '11', 69400842), ('11', 69144000, '12', 109423500)]",0.125,"[('11', 74633668, '11', 74164592)]",0.875,"[('12', 110440757, '10', 56479613), ('10', 57412036, '11', 74624855), ('11', 74106943, '12', 66732043), ('12', 66727865, '11', 74690779), ('11', 74924577, '10', 55007904), ('10', 55057786, '11', 69484151), ('11', 69144000, '12', 109423500)]",0.1428571428571428,"[('12', 66732043, '11', 66732044), ('12', 66727865, '11', 66727869)]",0.0,[],[],1,"{'11': {'CCND1': {'type': ['oncogene', ' fusion'], 'loc': ('69455855', '69469242')}}}",['CCND1'],1.0,0,0,1.5,medium
CURTIS_H000396_T01_01_WG01,1,8,circular,108108,5,2,"[('12', 72508221, 72553120), ('12', 72550057, 72508221), ('12', 71005869, 70985034), ('12', 71005783, 71005869), ('3', 77589255, 77589706)]","[('12', 72553120, '12', 72550057), ('12', 72508221, '12', 71005869), ('12', 70985034, '3', 77589255), ('3', 77589706, '12', 71005783), ('12', 71005869, '12', 72508221)]",0.6,"[('12', 72553120, '12', 72550057), ('12', 72508221, '12', 71005869), ('12', 71005869, '12', 72508221)]",0.4,"[('12', 70985034, '3', 77589255), ('3', 77589706, '12', 71005783)]",0.0,[],0.0,[],[],0,{},[],0.0,1,2,0.5,high
CURTIS_H000396_T01_01_WG01,1,9,linear,20650,1,1,"[('8', 110888645, 110867994)]","[('8', 110867994, '8', 110888645)]",0.0,[],1.0,"[('8', 110867994, '8', 110888645)]",0.0,[],0.0,[],[],0,{},[],0.0,0,0,1.5,medium
CURTIS_H000396_T01_01_WG01,1,10,linear,35675,2,2,"[('8', 127276755, 127299630), ('12', 70590656, 70577856)]","[('8', 127299630, '12', 70590656), ('12', 70577856, '8', 127276755)]",0.0,[],1.0,"[('8', 127299630, '12', 70590656), ('12', 70577856, '8', 127276755)]",0.25,"[('12', 70590656, '8', 70590656)]",0.0,[],[],0,{},[],0.0,0,0,1.625,medium
CURTIS_H000396_T01_01_WG01,1,11,linear,20824,1,1,"[('3', 88186985, 88166160)]","[('3', 88166160, '3', 88186985)]",0.0,[],1.0,"[('3', 88166160, '3', 88186985)]",0.0,[],0.0,[],[],0,{},[],0.0,0,0,1.5,medium
CURTIS_H000396_T01_01_WG01,1,12,circular,62554,2,1,"[('3', 74032832, 74094192), ('3', 74161761, 74162953)]","[('3', 74094192, '3', 74161761), ('3', 74162953, '3', 74032832)]",1.0,"[('3', 74094192, '3', 74161761), ('3', 74162953, '3', 74032832)]",0.0,[],0.0,[],0.0,[],[],0,{},[],0.0,1,2,0.5,high
CURTIS_H000396_T01_01_WG01,1,13,linear,240650,1,1,"[('8', 130474634, 130233983)]","[('8', 130233983, '8', 130474634)]",0.0,[],1.0,"[('8', 130233983, '8', 130474634)]",0.0,[],0.0,[],[],0,{},[],0.0,0,0,1.5,medium
CURTIS_H000396_T01_01_WG01,1,14,linear,1908242,20,4,"[('12', 71503199, 71406748), ('12', 73527015, 73515625), ('12', 73531383, 73641173), ('12', 73437458, 73443604), ('12', 71742219, 72218706), ('3', 73742573, 73772945), ('3', 73604355, 73674892), ('3', 78348965, 78341915), ('3', 78285429, 78303042), ('3', 74037450, 74140614), ('3', 77543100, 77520035), ('3', 77835701, 77837019), ('11', 77093009, 76896528), ('11', 79968941, 79967031), ('11', 68005609, 68004909), ('11', 80789771, 80883032), ('11', 80893330, 80474249), ('11', 79901975, 79902818), ('11', 68846672, 69083399), ('10', 55009693, 55003839)]","[('12', 71406748, '3', 73742573), ('3', 73772945, '12', 73527015), ('12', 73515625, '12', 73531383), ('12', 73641173, '3', 73604355), ('3', 73674892, '3', 78348965), ('3', 78341915, '3', 78285429), ('3', 78303042, '3', 74037450), ('3', 74140614, '3', 77543100), ('3', 77520035, '3', 77835701), ('3', 77837019, '12', 73437458), ('12', 73443604, '12', 71742219), ('12', 72218706, '11', 77093009), ('11', 76896528, '11', 79968941), ('11', 79967031, '11', 68005609), ('11', 68004909, '11', 80789771), ('11', 80883032, '10', 55009693), ('10', 55003839, '11', 80893330), ('11', 80474249, '11', 79901975), ('11', 79902818, '11', 68846672), ('11', 69083399, '12', 71503199)]",0.6,"[('12', 73515625, '12', 73531383), ('3', 73674892, '3', 78348965), ('3', 78341915, '3', 78285429), ('3', 78303042, '3', 74037450), ('3', 74140614, '3', 77543100), ('3', 77520035, '3', 77835701), ('12', 73443604, '12', 71742219), ('11', 76896528, '11', 79968941), ('11', 79967031, '11', 68005609), ('11', 68004909, '11', 80789771), ('11', 80474249, '11', 79901975), ('11', 79902818, '11', 68846672)]",0.4,"[('12', 71406748, '3', 73742573), ('3', 73772945, '12', 73527015), ('12', 73641173, '3', 73604355), ('3', 77837019, '12', 73437458), ('12', 72218706, '11', 77093009), ('11', 80883032, '10', 55009693), ('10', 55003839, '11', 80893330), ('11', 69083399, '12', 71503199)]",0.0,[],0.0,[],[],0,{},[],0.0,0,2,0.5,high
CURTIS_H000396_T01_01_WG01,1,15,linear,1501794,2,1,"[('4', 76990646, 75648881), ('4', 75642731, 75482700)]","[('4', 75648881, '4', 75642731), ('4', 75482700, '4', 76990646)]",0.0,[],1.0,"[('4', 75648881, '4', 75642731), ('4', 75482700, '4', 76990646)]",0.0,[],0.0,[],[],0,{},[],0.0,0,0,1.5,medium
CURTIS_H000396_T01_01_WG01,1,16,linear,10637,1,1,"[('8', 110888645, 110878007)]","[('8', 110878007, '8', 110888645)]",0.0,[],1.0,"[('8', 110878007, '8', 110888645)]",0.5,"[('8', 110878007, '8', 125592444)]",0.0,[],[],0,{},[],0.0,0,0,1.75,medium
CURTIS_H000400_T01_01_WG01,1,1,circular,866099,2,1,"[('17', 57919191, 58411914), ('17', 58414024, 58787398)]","[('17', 58411914, '17', 58414024), ('17', 58787398, '17', 57919191)]",0.5,"[('17', 58787398, '17', 57919191)]",0.5,"[('17', 58411914, '17', 58414024)]",0.0,[],0.0,[],[],0,"{'17': {'PPM1D': {'type': ['oncogene'], 'loc': ('58677544', '58741849')}}}",['PPM1D'],0.0,1,2,0.5,high
CURTIS_H000400_T01_01_WG01,1,2,linear,30659,1,1,"[('17', 72122162, 72091502)]","[('17', 72091502, '17', 72122162)]",0.0,[],1.0,"[('17', 72091502, '17', 72122162)]",0.0,[],0.0,[],[],0,{},[],0.0,0,0,1.5,medium
CURTIS_H000402_T01_01_WG01,1,1,linear,579037,2,1,"[('11', 69719399, 69401402), ('11', 69400842, 69139800)]","[('11', 69401402, '11', 69400842), ('11', 69139800, '11', 69719399)]",0.0,[],1.0,"[('11', 69139800, '11', 69719399)]",0.0,[],0.0,[],[],1,"{'11': {'CCND1': {'type': ['oncogene', ' fusion'], 'loc': ('69455855', '69469242')}}}",['CCND1'],0.0,0,0,1.5,medium
CURTIS_H000405_T01_01_WG01,1,1,linear,38399,1,1,"[('1', 161439900, 161401500)]","[('1', 161401500, '1', 161439900)]",0.0,[],1.0,"[('1', 161401500, '1', 161439900)]",0.0,[],1.0,"[('1', 161401500), ('1', 161439900)]","['High_Signal_Region', 'High_Signal_Region']",0,{},[],0.0,0,1,2.0625,low
CURTIS_H000405_T01_01_WG01,1,2,circular,692,2,2,"[('11', 76903871, 76904504), ('19', 14706785, 14706842)]","[('11', 76904504, '19', 14706785), ('19', 14706842, '11', 76903871)]",0.0,[],1.0,"[('11', 76904504, '19', 14706785), ('19', 14706842, '11', 76903871)]",0.0,[],0.0,[],[],0,{},[],0.0,1,0,1.5,medium
CURTIS_H000405_T01_01_WG01,1,3,circular,5713,1,1,"[('1', 206282774, 206288486)]","[('1', 206288486, '1', 206282774)]",0.0,[],1.0,"[('1', 206288486, '1', 206282774)]",0.0,[],0.0,[],[],0,{},[],0.0,1,0,1.5,medium
CURTIS_H000405_T01_01_WG01,1,4,linear,140854,2,1,"[('1', 218035782, 218035591), ('1', 206323439, 206182774)]","[('1', 218035591, '1', 206323439), ('1', 206182774, '1', 218035782)]",0.5,"[('1', 218035591, '1', 206323439)]",0.5,"[('1', 206182774, '1', 218035782)]",0.0,[],0.0,[],[],0,{},[],0.0,0,2,0.5,high
CURTIS_H000405_T01_01_WG01,1,5,linear,10719,1,1,"[('19', 14707505, 14696785)]","[('19', 14696785, '19', 14707505)]",0.0,[],1.0,"[('19', 14696785, '19', 14707505)]",0.0,[],0.0,[],[],0,{},[],0.0,0,0,1.5,medium
CURTIS_H000407_T01_01_WG01,1,1,circular,260228,2,1,"[('11', 38569332, 38815300), ('11', 38829684, 38843942)]","[('11', 38815300, '11', 38829684), ('11', 38843942, '11', 38569332)]",0.5,"[('11', 38843942, '11', 38569332)]",0.5,"[('11', 38815300, '11', 38829684)]",0.0,[],0.0,[],[],0,{},[],0.0,1,2,0.5,high
CURTIS_H000407_T01_01_WG01,2,1,circular,1229612,2,1,"[('1', 114645953, 115263966), ('1', 115265966, 114654367)]","[('1', 115263966, '1', 115265966), ('1', 114654367, '1', 114645953)]",0.0,[],1.0,"[('1', 114654367, '1', 114645953)]",0.0,[],0.0,[],[],1,"{'1': {'NRAS': {'type': ['oncogene'], 'loc': ('115247090', '115259515')}, 'TRIM33': {'type': ['TSG', ' fusion'], 'loc': ('114935399', '115053781')}}}","['NRAS', 'NRAS', 'TRIM33', 'TRIM33']",0.0,1,0,1.5,medium
CURTIS_H000407_T01_01_WG01,2,2,circular,1532160,2,1,"[('1', 113884040, 114654353), ('1', 114646030, 113884183)]","[('1', 114654353, '1', 114646030), ('1', 113884183, '1', 113884040)]",0.0,[],1.0,"[('1', 114654353, '1', 114646030)]",0.0,[],0.0,[],[],1,{},[],0.0,1,0,1.5,medium
CURTIS_H000407_T01_01_WG01,2,3,circular,918888,3,1,"[('1', 114835419, 115297306), ('1', 115296092, 115207000), ('1', 115204509, 114836599)]","[('1', 115297306, '1', 115296092), ('1', 115207000, '1', 115204509), ('1', 114836599, '1', 114835419)]",0.0,[],1.0,"[('1', 115207000, '1', 115204509)]",0.0,[],0.0,[],[],2,"{'1': {'NRAS': {'type': ['oncogene'], 'loc': ('115247090', '115259515')}, 'TRIM33': {'type': ['TSG', ' fusion'], 'loc': ('114935399', '115053781')}}}","['NRAS', 'NRAS', 'TRIM33', 'TRIM33']",0.0,1,0,1.5,medium
CURTIS_H000409_T01_01_WG01,1,1,circular,44457,1,1,"[('X', 23812207, 23856663)]","[('X', 23856663, 'X', 23812207)]",1.0,"[('X', 23856663, 'X', 23812207)]",0.0,[],0.0,[],0.0,[],[],0,{},[],0.0,1,2,0.5,high
CURTIS_H000409_T01_01_WG01,1,2,linear,35398,1,1,"[('X', 23854499, 23819100)]","[('X', 23819100, 'X', 23854499)]",0.0,[],1.0,"[('X', 23819100, 'X', 23854499)]",0.0,[],0.0,[],[],0,{},[],0.0,0,0,1.5,medium
CURTIS_H000409_T01_01_WG01,1,3,circular,172167,1,1,"[('X', 23729914, 23902080)]","[('X', 23902080, 'X', 23729914)]",1.0,"[('X', 23902080, 'X', 23729914)]",0.0,[],0.0,[],0.0,[],[],0,{},[],0.0,1,2,0.5,high
CURTIS_H000409_T01_01_WG01,1,4,linear,1357085,1,1,"[('1', 154128589, 152771503)]","[('1', 152771503, '1', 154128589)]",0.0,[],1.0,"[('1', 152771503, '1', 154128589)]",0.0,[],0.0,[],[],0,"{'1': {'S100A7': {'type': ['fusion'], 'loc': ('153430220', '153433177')}}}",['S100A7'],0.0,0,0,1.5,medium
CURTIS_H000409_T01_01_WG01,2,1,circular,200219,1,1,"[('4', 70932633, 71132851)]","[('4', 71132851, '4', 70932633)]",1.0,"[('4', 71132851, '4', 70932633)]",0.0,[],0.0,[],0.0,[],[],0,{},[],0.0,1,2,0.5,high
CURTIS_H000412_T01_01_WG01,3,1,linear,537,1,1,"[('Y', 2845269, 2844731)]","[('Y', 2844731, 'Y', 2845269)]",0.0,[],1.0,"[('Y', 2844731, 'Y', 2845269)]",0.0,[],0.0,[],[],0,{},[],1.0,0,0,1.875,medium
CURTIS_H000412_T01_01_WG01,3,2,linear,126298,1,1,"[('17', 36411599, 36285300)]","[('17', 36285300, '17', 36411599)]",0.0,[],1.0,"[('17', 36285300, '17', 36411599)]",0.0,[],1.0,"[('17', 36285300)]",['High_Signal_Region'],0,{},[],0.0,0,1,2.0625,low
CURTIS_H000412_T01_01_WG01,3,3,linear,330536,1,1,"[('17', 31487463, 31156926)]","[('17', 31156926, '17', 31487463)]",0.0,[],1.0,"[('17', 31156926, '17', 31487463)]",0.0,[],0.0,[],[],0,{},[],0.0,0,0,1.5,medium
CURTIS_H000412_T01_01_WG01,2,1,linear,30537,1,1,"[('12', 58211017, 58180479)]","[('12', 58180479, '12', 58211017)]",0.0,[],1.0,"[('12', 58180479, '12', 58211017)]",0.0,[],0.0,[],[],0,{},[],0.0,0,0,1.5,medium
CURTIS_H000412_T01_01_WG01,2,2,linear,529843,1,1,"[('17', 34367947, 33838103)]","[('17', 33838103, '17', 34367947)]",0.0,[],1.0,"[('17', 33838103, '17', 34367947)]",0.0,[],0.0,[],[],0,"{'17': {'TAF15': {'type': ['oncogene', ' fusion'], 'loc': ('34136459', '34191619')}}}",['TAF15'],0.0,0,0,1.5,medium
CURTIS_H000412_T01_01_WG01,1,1,linear,1022481,1,1,"[('17', 33476151, 32453669)]","[('17', 32453669, '17', 33476151)]",0.0,[],1.0,"[('17', 32453669, '17', 33476151)]",0.5,"[('17', 32453669, '17', 31542801)]",0.0,[],[],0,{},[],0.0,0,0,1.75,medium
CURTIS_H000414_T01_01_WG01,2,1,linear,110569,1,1,"[('1', 120656102, 120545532)]","[('1', 120545532, '1', 120656102)]",0.0,[],1.0,"[('1', 120545532, '1', 120656102)]",0.0,[],1.0,"[('1', 120545532), ('1', 120656102)]","['High_Signal_Region', 'High_Signal_Region']",0,{},[],0.0,0,1,2.0625,low
CURTIS_H000414_T01_01_WG01,2,2,linear,210570,1,1,"[('1', 119885089, 119674518)]","[('1', 119674518, '1', 119885089)]",0.0,[],1.0,"[('1', 119674518, '1', 119885089)]",0.0,[],0.0,[],[],0,{},[],0.0,0,0,1.5,medium
CURTIS_H000414_T01_01_WG01,2,3,linear,10570,1,1,"[('1', 119598319, 119587748)]","[('1', 119587748, '1', 119598319)]",0.0,[],1.0,"[('1', 119587748, '1', 119598319)]",0.0,[],0.0,[],[],0,{},[],0.0,0,0,1.5,medium
CURTIS_H000414_T01_01_WG01,1,1,linear,102644,1,1,"[('4', 75425123, 75322478)]","[('4', 75322478, '4', 75425123)]",0.0,[],1.0,"[('4', 75322478, '4', 75425123)]",0.0,[],0.0,[],[],0,{},[],0.0,0,0,1.5,medium
CURTIS_H000415_T01_01_WG01,1,1,linear,869181,2,2,"[('11', 69713099, 69466536), ('17', 58732621, 58110001)]","[('11', 69466536, '17', 58732621), ('17', 58110001, '11', 69713099)]",0.0,[],1.0,"[('11', 69466536, '17', 58732621), ('17', 58110001, '11', 69713099)]",0.0,[],0.0,[],[],0,{},[],0.0,0,0,1.5,medium
CURTIS_H000415_T01_01_WG01,1,2,circular,267179,2,2,"[('11', 69275681, 69492598), ('17', 29097730, 29047468)]","[('11', 69492598, '17', 29097730), ('17', 29047468, '11', 69275681)]",0.0,[],1.0,"[('11', 69492598, '17', 29097730), ('17', 29047468, '11', 69275681)]",0.0,[],0.0,[],[],0,"{'11': {'CCND1': {'type': ['oncogene', ' fusion'], 'loc': ('69455855', '69469242')}}}",['CCND1'],0.0,1,0,1.5,medium
CURTIS_H000415_T01_01_WG01,1,3,circular,130,2,2,"[('11', 76903871, 76903948), ('19', 14706785, 14706836)]","[('11', 76903948, '19', 14706785), ('19', 14706836, '11', 76903871)]",0.0,[],1.0,"[('11', 76903948, '19', 14706785), ('19', 14706836, '11', 76903871)]",0.0,[],0.0,[],[],0,{},[],1.0,1,0,1.875,medium
CURTIS_H000415_T01_01_WG01,1,4,linear,1037881,1,1,"[('17', 58083599, 57045717)]","[('17', 57045717, '17', 58083599)]",0.0,[],1.0,"[('17', 57045717, '17', 58083599)]",0.5,"[('17', 57045717, '17', 30788747)]",0.0,[],[],0,"{'17': {'CLTC': {'type': ['TSG', ' fusion'], 'loc': ('57697219', '57773671')}}}",['CLTC'],0.0,0,0,1.75,medium
CURTIS_H000415_T01_01_WG01,1,5,circular,6207,1,1,"[('17', 57795912, 57802118)]","[('17', 57802118, '17', 57795912)]",0.0,[],1.0,"[('17', 57802118, '17', 57795912)]",0.0,[],0.0,[],[],0,{},[],0.0,1,0,1.5,medium
CURTIS_H000415_T01_01_WG01,1,6,circular,18771,4,1,"[('17', 29097800, 29114009), ('17', 61122551, 61123926), ('17', 61123379, 61122544), ('17', 29098501, 29098149)]","[('17', 29114009, '17', 61122551), ('17', 61123926, '17', 61123379), ('17', 61122544, '17', 29098501), ('17', 29098149, '17', 29097800)]",1.0,"[('17', 29114009, '17', 61122551), ('17', 61122544, '17', 29098501)]",0.0,[],0.0,[],0.0,[],[],2,{},[],0.0,1,2,0.5,high
CURTIS_H000415_T01_01_WG01,1,7,linear,4217087,7,2,"[('17', 29233759, 29842697), ('17', 33081704, 33329168), ('17', 37328595, 38114555), ('17', 58174424, 57802440), ('17', 61636396, 61123229), ('17', 57795965, 58840545), ('11', 70423793, 69778800)]","[('17', 29842697, '17', 33081704), ('17', 33329168, '17', 37328595), ('17', 38114555, '17', 58174424), ('17', 57802440, '17', 61636396), ('17', 61123229, '17', 57795965), ('17', 58840545, '11', 70423793), ('11', 69778800, '17', 29233759)]",0.2857142857142857,"[('17', 29842697, '17', 33081704), ('17', 33329168, '17', 37328595)]",0.7142857142857143,"[('17', 38114555, '17', 58174424), ('17', 57802440, '17', 61636396), ('17', 61123229, '17', 57795965), ('17', 58840545, '11', 70423793), ('11', 69778800, '17', 29233759)]",0.0,[],0.0,[],[],0,"{'17': {'CDK12': {'type': ['TSG'], 'loc': ('37617764', '37721160')}, 'ERBB2': {'type': ['oncogene', ' fusion'], 'loc': ('37844167', '37886679')}, 'IKZF3': {'type': ['oncogene', ' TSG', ' fusion'], 'loc': ('37921198', '38020441')}, 'NF1': {'type': ['TSG', ' fusion'], 'loc': ('29421945', '29709134')}, 'PPM1D': {'type': ['oncogene'], 'loc': ('58677544', '58741849')}}, '11': {'FADD': {'type': [''], 'loc': ('70049269', '70053496')}}}","['CDK12', 'ERBB2', 'IKZF3', 'NF1', 'PPM1D', 'FADD']",1.0,0,0,1.375,medium
CURTIS_H000416_T01_01_WG01,2,1,linear,735,1,1,"[('14', 32932138, 32931402)]","[('14', 32931402, '14', 32932138)]",0.0,[],1.0,"[('14', 32931402, '14', 32932138)]",0.0,[],0.0,[],[],0,{},[],0.0,0,0,1.5,medium
CURTIS_H000416_T01_01_WG01,2,2,linear,10734,1,1,"[('8', 128171892, 128161157)]","[('8', 128161157, '8', 128171892)]",0.0,[],1.0,"[('8', 128161157, '8', 128171892)]",0.0,[],0.0,[],[],0,{},[],0.0,0,0,1.5,medium
CURTIS_H000416_T01_01_WG01,2,3,linear,20735,1,1,"[('8', 94231677, 94210941)]","[('8', 94210941, '8', 94231677)]",0.0,[],1.0,"[('8', 94210941, '8', 94231677)]",0.0,[],0.0,[],[],0,{},[],0.0,0,0,1.5,medium
CURTIS_H000427_T01_01_WG01,1,1,linear,330739,1,1,"[('10', 79486780, 79156040)]","[('10', 79156040, '10', 79486780)]",0.0,[],1.0,"[('10', 79156040, '10', 79486780)]",0.0,[],0.0,[],[],0,{},[],0.0,0,0,1.5,medium
CURTIS_H000427_T01_01_WG01,1,2,linear,51921,1,1,"[('12', 52999971, 52948049)]","[('12', 52948049, '12', 52999971)]",0.0,[],1.0,"[('12', 52948049, '12', 52999971)]",0.0,[],0.0,[],[],0,{},[],0.0,0,0,1.5,medium
CURTIS_H000429_T01_01_WG01,1,1,circular,2825332,3,1,"[('8', 37466344, 38865779), ('8', 36031130, 37050884), ('8', 37051853, 37457993)]","[('8', 38865779, '8', 36031130), ('8', 37050884, '8', 37051853), ('8', 37457993, '8', 37466344)]",1.0,"[('8', 38865779, '8', 36031130), ('8', 37457993, '8', 37466344)]",0.0,[],0.0,[],0.0,[],[],1,"{'8': {'FGFR1': {'type': ['oncogene', ' fusion'], 'loc': ('38268656', '38326352')}, 'NSD3': {'type': ['oncogene', ' fusion'], 'loc': ('38127215', '38239790')}}}","['FGFR1', 'NSD3']",1.0,1,2,0.875,high
CURTIS_H000432_T01_01_WG01,1,1,circular,6460301,1,1,"[('11', 74724440, 81184740)]","[('11', 81184740, '11', 74724440)]",1.0,"[('11', 81184740, '11', 74724440)]",0.0,[],0.0,[],0.0,[],[],0,{},[],1.0,1,2,0.875,high
CURTIS_H000432_T01_01_WG01,1,2,linear,647,1,1,"[('11', 76904504, 76903856)]","[('11', 76903856, '11', 76904504)]",0.0,[],1.0,"[('11', 76903856, '11', 76904504)]",0.0,[],0.0,[],[],0,{},[],1.0,0,0,1.875,medium
CURTIS_H000438_T01_01_WG01,1,1,linear,210520,1,1,"[('8', 38329869, 38119348)]","[('8', 38119348, '8', 38329869)]",0.0,[],1.0,"[('8', 38119348, '8', 38329869)]",0.0,[],0.0,[],[],0,"{'8': {'FGFR1': {'type': ['oncogene', ' fusion'], 'loc': ('38268656', '38326352')}, 'NSD3': {'type': ['oncogene', ' fusion'], 'loc': ('38127215', '38239790')}}}","['FGFR1', 'NSD3']",0.0,0,0,1.5,medium
CURTIS_H000438_T01_01_WG01,1,2,linear,574534,2,1,"[('11', 69719099, 69401405), ('11', 69400842, 69144000)]","[('11', 69401405, '11', 69400842), ('11', 69144000, '11', 69719099)]",0.0,[],1.0,"[('11', 69144000, '11', 69719099)]",0.0,[],0.0,[],[],1,"{'11': {'CCND1': {'type': ['oncogene', ' fusion'], 'loc': ('69455855', '69469242')}}}",['CCND1'],0.0,0,0,1.5,medium
CURTIS_H000443_T01_01_WG01,1,1,circular,162,2,2,"[('11', 76903849, 76903957), ('19', 14706785, 14706837)]","[('11', 76903957, '19', 14706785), ('19', 14706837, '11', 76903849)]",0.0,[],1.0,"[('11', 76903957, '19', 14706785), ('19', 14706837, '11', 76903849)]",0.0,[],0.0,[],[],0,{},[],1.0,1,0,1.875,medium
CURTIS_H000443_T01_01_WG01,1,2,linear,200559,1,1,"[('11', 79144537, 78943977)]","[('11', 78943977, '11', 79144537)]",0.0,[],1.0,"[('11', 78943977, '11', 79144537)]",0.0,[],0.0,[],[],0,{},[],0.0,0,0,1.5,medium
CURTIS_H000452_T01_01_WG01,1,1,linear,230749,1,1,"[('20', 49228731, 48997981)]","[('20', 48997981, '20', 49228731)]",0.0,[],1.0,"[('20', 48997981, '20', 49228731)]",0.0,[],0.0,[],[],0,{},[],0.0,0,0,1.5,medium
CURTIS_H000454_T01_01_WG01,1,1,circular,32152,1,1,"[('15', 98307722, 98339873)]","[('15', 98339873, '15', 98307722)]",0.0,[],1.0,"[('15', 98339873, '15', 98307722)]",0.0,[],0.0,[],[],0,{},[],0.0,1,0,1.5,medium
CURTIS_H000454_T01_01_WG01,1,2,circular,2221944,5,2,"[('12', 27883476, 28707718), ('12', 30294928, 30478286), ('12', 30480989, 31083980), ('15', 98233732, 98309652), ('15', 98344494, 98879922)]","[('12', 28707718, '12', 30294928), ('12', 30478286, '12', 30480989), ('12', 31083980, '15', 98233732), ('15', 98309652, '15', 98344494), ('15', 98879922, '12', 27883476)]",0.0,[],1.0,"[('12', 28707718, '12', 30294928), ('12', 30478286, '12', 30480989), ('12', 31083980, '15', 98233732), ('15', 98309652, '15', 98344494), ('15', 98879922, '12', 27883476)]",0.0,[],0.0,[],[],0,{},[],0.0,1,0,1.5,medium
CURTIS_H000454_T01_01_WG01,1,3,linear,1317087,3,1,"[('15', 99582299, 99575606), ('15', 99574539, 98344494), ('15', 98309652, 98229300)]","[('15', 99575606, '15', 99574539), ('15', 98344494, '15', 98309652), ('15', 98229300, '15', 99582299)]",0.0,[],1.0,"[('15', 98344494, '15', 98309652), ('15', 98229300, '15', 99582299)]",0.0,[],0.0,[],[],1,{},[],0.0,0,0,1.5,medium
CURTIS_H000454_T01_01_WG01,1,4,circular,6391866,10,3,"[('12', 24100772, 27203513), ('12', 27994624, 28707718), ('12', 30294928, 30478286), ('12', 30480989, 31083980), ('12', 24088207, 24079210), ('15', 98233732, 99574539), ('15', 99575606, 99584141), ('15', 72064658, 72385996), ('15', 72388149, 72497917), ('11', 66164269, 66164038)]","[('12', 27203513, '12', 27994624), ('12', 28707718, '12', 30294928), ('12', 30478286, '12', 30480989), ('12', 31083980, '15', 98233732), ('15', 99574539, '15', 99575606), ('15', 99584141, '15', 72064658), ('15', 72385996, '15', 72388149), ('15', 72497917, '12', 24088207), ('12', 24079210, '11', 66164269), ('11', 66164038, '12', 24100772)]",0.1111111111111111,"[('15', 99584141, '15', 72064658)]",0.8888888888888888,"[('12', 27203513, '12', 27994624), ('12', 28707718, '12', 30294928), ('12', 30478286, '12', 30480989), ('12', 31083980, '15', 98233732), ('15', 72385996, '15', 72388149), ('15', 72497917, '12', 24088207), ('12', 24079210, '11', 66164269), ('11', 66164038, '12', 24100772)]",0.0,[],0.0,[],[],1,"{'12': {'KRAS': {'type': ['oncogene'], 'loc': ('25357723', '25403870')}}}",['KRAS'],1.0,1,0,1.375,medium
CURTIS_H000454_T01_01_WG01,1,5,circular,3212768,6,2,"[('15', 98184186, 99574539), ('15', 99575606, 99584141), ('15', 72064658, 72385996), ('15', 72388149, 72497917), ('12', 24088207, 24079213), ('12', 24100768, 25474544)]","[('15', 99574539, '15', 99575606), ('15', 99584141, '15', 72064658), ('15', 72385996, '15', 72388149), ('15', 72497917, '12', 24088207), ('12', 24079213, '12', 24100768), ('12', 25474544, '15', 98184186)]",0.4,"[('15', 99584141, '15', 72064658), ('12', 24079213, '12', 24100768)]",0.6,"[('15', 72385996, '15', 72388149), ('15', 72497917, '12', 24088207), ('12', 25474544, '15', 98184186)]",0.0,[],0.0,[],[],1,"{'12': {'KRAS': {'type': ['oncogene'], 'loc': ('25357723', '25403870')}}}",['KRAS'],1.0,1,2,1.375,medium
CURTIS_H000463_T01_01_WG01,1,1,circular,1526548,3,2,"[('15', 99016843, 99916744), ('15', 97851796, 97263093), ('10', 76173436, 76135491)]","[('15', 99916744, '10', 76173436), ('10', 76135491, '15', 97851796), ('15', 97263093, '15', 99016843)]",0.0,[],1.0,"[('15', 99916744, '10', 76173436), ('10', 76135491, '15', 97851796), ('15', 97263093, '15', 99016843)]",0.0,[],0.0,[],[],0,{},[],0.0,1,0,1.5,medium
CURTIS_H000463_T01_01_WG01,1,2,circular,1192671,2,1,"[('15', 94630384, 95639281), ('15', 100688564, 100872336)]","[('15', 95639281, '15', 100688564), ('15', 100872336, '15', 94630384)]",0.0,[],1.0,"[('15', 95639281, '15', 100688564), ('15', 100872336, '15', 94630384)]",0.0,[],0.0,[],[],0,{},[],0.0,1,0,1.5,medium
CURTIS_H000463_T01_01_WG01,1,3,circular,39462,1,1,"[('10', 77465752, 77505213)]","[('10', 77505213, '10', 77465752)]",1.0,"[('10', 77505213, '10', 77465752)]",0.0,[],0.0,[],0.0,[],[],0,{},[],0.0,1,2,0.5,high
CURTIS_H000463_T01_01_WG01,1,4,circular,1133607,1,1,"[('15', 95845142, 96978748)]","[('15', 96978748, '15', 95845142)]",0.0,[],1.0,"[('15', 96978748, '15', 95845142)]",0.0,[],0.0,[],[],0,{},[],0.0,1,0,1.5,medium
CURTIS_H000463_T01_01_WG01,1,5,circular,3374389,4,2,"[('15', 98900789, 100413372), ('15', 96594493, 95174835), ('15', 98485079, 98900069), ('10', 83689773, 83716929)]","[('15', 100413372, '15', 96594493), ('15', 95174835, '10', 83689773), ('10', 83716929, '15', 98485079), ('15', 98900069, '15', 98900789)]",0.3333333333333333,"[('15', 100413372, '15', 96594493)]",0.6666666666666666,"[('15', 95174835, '10', 83689773), ('10', 83716929, '15', 98485079)]",0.0,[],0.0,[],[],1,{},[],1.0,1,0,1.375,medium
CURTIS_H000463_T01_01_WG01,1,6,linear,929998,1,1,"[('15', 98619299, 97689300)]","[('15', 97689300, '15', 98619299)]",0.0,[],1.0,"[('15', 97689300, '15', 98619299)]",0.0,[],0.0,[],[],0,{},[],0.0,0,0,1.5,medium
CURTIS_H000463_T01_01_WG01,1,7,circular,2322630,3,1,"[('15', 99905027, 100872336), ('15', 94630384, 95438026), ('15', 98674369, 98126691)]","[('15', 100872336, '15', 94630384), ('15', 95438026, '15', 98674369), ('15', 98126691, '15', 99905027)]",0.6666666666666666,"[('15', 95438026, '15', 98674369), ('15', 98126691, '15', 99905027)]",0.3333333333333333,"[('15', 100872336, '15', 94630384)]",0.0,[],0.0,[],[],0,{},[],0.0,1,2,0.5,high
CURTIS_H000463_T01_01_WG01,1,8,circular,1361,1,1,"[('15', 100200895, 100202255)]","[('15', 100202255, '15', 100200895)]",0.0,[],1.0,"[('15', 100202255, '15', 100200895)]",0.0,[],0.0,[],[],0,{},[],0.0,1,0,1.5,medium
CURTIS_H000472_T01_01_WG01,1,1,linear,10569,1,1,"[('8', 91930697, 91920127)]","[('8', 91920127, '8', 91930697)]",0.0,[],1.0,"[('8', 91920127, '8', 91930697)]",0.0,[],0.0,[],[],0,{},[],0.0,0,0,1.5,medium
CURTIS_H000472_T01_01_WG01,2,1,linear,579036,2,1,"[('11', 69719399, 69401403), ('11', 69400842, 69139800)]","[('11', 69401403, '11', 69400842), ('11', 69139800, '11', 69719399)]",0.0,[],1.0,"[('11', 69139800, '11', 69719399)]",0.0,[],0.0,[],[],1,"{'11': {'CCND1': {'type': ['oncogene', ' fusion'], 'loc': ('69455855', '69469242')}}}",['CCND1'],0.0,0,0,1.5,medium
CURTIS_H000472_T01_01_WG01,2,2,linear,403898,1,1,"[('17', 20136587, 19732688)]","[('17', 19732688, '17', 20136587)]",0.0,[],1.0,"[('17', 19732688, '17', 20136587)]",0.0,[],0.0,[],[],0,{},[],0.0,0,0,1.5,medium
CURTIS_H000472_T01_01_WG01,2,3,linear,20569,1,1,"[('8', 47994486, 47973916)]","[('8', 47973916, '8', 47994486)]",0.0,[],1.0,"[('8', 47973916, '8', 47994486)]",0.5,"[('8', 47973916, '8', 42652135)]",0.0,[],[],0,{},[],0.0,0,0,1.75,medium
CURTIS_H000472_T01_01_WG01,3,1,linear,528974,1,1,"[('17', 21419176, 20890201)]","[('17', 20890201, '17', 21419176)]",0.0,[],1.0,"[('17', 20890201, '17', 21419176)]",0.0,[],0.0,[],[],0,{},[],0.0,0,0,1.5,medium
CURTIS_H000477_T01_01_WG01,1,1,circular,97195,1,1,"[('15', 54422144, 54519338)]","[('15', 54519338, '15', 54422144)]",1.0,"[('15', 54519338, '15', 54422144)]",0.0,[],0.0,[],0.0,[],[],0,{},[],0.0,1,2,0.5,high
CURTIS_H000477_T01_01_WG01,1,2,circular,888,1,1,"[('15', 52816162, 52817049)]","[('15', 52817049, '15', 52816162)]",0.0,[],1.0,"[('15', 52817049, '15', 52816162)]",0.0,[],0.0,[],[],0,{},[],0.0,1,0,1.5,medium
CURTIS_H000477_T01_01_WG01,2,1,circular,1861,1,1,"[('17', 26743585, 26745445)]","[('17', 26745445, '17', 26743585)]",0.0,[],1.0,"[('17', 26745445, '17', 26743585)]",0.0,[],0.0,[],[],0,{},[],0.0,1,0,1.5,medium
CURTIS_H000485_T01_01_WG01,3,1,linear,579633,2,1,"[('11', 69724499, 69401406), ('11', 69400842, 69144300)]","[('11', 69401406, '11', 69400842), ('11', 69144300, '11', 69724499)]",0.0,[],1.0,"[('11', 69144300, '11', 69724499)]",0.0,[],0.0,[],[],1,"{'11': {'CCND1': {'type': ['oncogene', ' fusion'], 'loc': ('69455855', '69469242')}}}",['CCND1'],0.0,0,0,1.5,medium
CURTIS_H000485_T01_01_WG01,3,2,linear,200588,1,1,"[('20', 57516412, 57315823)]","[('20', 57315823, '20', 57516412)]",0.0,[],1.0,"[('20', 57315823, '20', 57516412)]",0.0,[],0.0,[],[],0,"{'20': {'GNAS': {'type': ['oncogene'], 'loc': ('57414773', '57486247')}}}",['GNAS'],0.0,0,0,1.5,medium
CURTIS_H000485_T01_01_WG01,3,3,linear,20588,1,1,"[('20', 47559117, 47538528)]","[('20', 47538528, '20', 47559117)]",0.0,[],1.0,"[('20', 47538528, '20', 47559117)]",0.0,[],0.0,[],[],0,{},[],0.0,0,0,1.5,medium
CURTIS_H000485_T01_01_WG01,3,4,linear,200589,1,1,"[('20', 57965865, 57765275)]","[('20', 57765275, '20', 57965865)]",0.0,[],1.0,"[('20', 57765275, '20', 57965865)]",0.0,[],0.0,[],[],0,{},[],0.0,0,0,1.5,medium
CURTIS_H000485_T01_01_WG01,3,5,linear,177970,2,1,"[('20', 45692600, 45672011), ('20', 56649297, 56806678)]","[('20', 45672011, '20', 56649297), ('20', 56806678, '20', 45692600)]",0.5,"[('20', 45672011, '20', 56649297)]",0.5,"[('20', 56806678, '20', 45692600)]",0.0,[],0.0,[],[],0,{},[],0.0,0,2,0.5,high
CURTIS_H000485_T01_01_WG01,3,6,linear,958477,1,1,"[('11', 88696778, 87738300)]","[('11', 87738300, '11', 88696778)]",0.0,[],1.0,"[('11', 87738300, '11', 88696778)]",0.0,[],0.0,[],[],0,{},[],0.0,0,0,1.5,medium
CURTIS_H000485_T01_01_WG01,3,7,linear,20588,1,1,"[('20', 45523212, 45502623)]","[('20', 45502623, '20', 45523212)]",0.0,[],1.0,"[('20', 45502623, '20', 45523212)]",0.0,[],0.0,[],[],0,{},[],0.0,0,0,1.5,medium
CURTIS_H000485_T01_01_WG01,3,8,linear,989292,4,2,"[('11', 69083399, 68703824), ('11', 80102083, 80099233), ('20', 60647697, 61083976), ('20', 45031748, 44861158)]","[('11', 68703824, '11', 80102083), ('11', 80099233, '20', 60647697), ('20', 61083976, '20', 45031748), ('20', 44861158, '11', 69083399)]",0.0,[],1.0,"[('11', 68703824, '11', 80102083), ('11', 80099233, '20', 60647697), ('20', 61083976, '20', 45031748), ('20', 44861158, '11', 69083399)]",0.0,[],0.0,[],[],0,"{'20': {'SS18L1': {'type': ['fusion'], 'loc': ('60718822', '60757540')}}}",['SS18L1'],0.0,0,0,1.5,medium
CURTIS_H000487_T01_01_WG01,2,1,linear,789298,1,1,"[('22', 35447999, 34658700)]","[('22', 34658700, '22', 35447999)]",0.0,[],1.0,"[('22', 34658700, '22', 35447999)]",0.0,[],0.0,[],[],0,{},[],0.0,0,0,1.5,medium
CURTIS_H000489_T01_01_WG01,1,1,linear,1454281,1,1,"[('11', 71236682, 69782400)]","[('11', 69782400, '11', 71236682)]",0.0,[],1.0,"[('11', 69782400, '11', 71236682)]",0.0,[],0.0,[],[],0,"{'11': {'FADD': {'type': [''], 'loc': ('70049269', '70053496')}}}",['FADD'],0.0,0,0,1.5,medium
CURTIS_H000497_T01_01_WG01,1,1,linear,20610,1,1,"[('8', 49087238, 49066627)]","[('8', 49066627, '8', 49087238)]",0.0,[],1.0,"[('8', 49066627, '8', 49087238)]",0.0,[],0.0,[],[],0,{},[],0.0,0,0,1.5,medium
CURTIS_H000497_T01_01_WG01,2,1,linear,5121242,4,1,"[('8', 43091751, 42787032), ('8', 40962930, 40779776), ('8', 40774632, 37051853), ('8', 37050884, 36140290)]","[('8', 42787032, '8', 40962930), ('8', 40779776, '8', 40774632), ('8', 37051853, '8', 37050884), ('8', 36140290, '8', 43091751)]",0.3333333333333333,"[('8', 42787032, '8', 40962930)]",0.6666666666666666,"[('8', 40779776, '8', 40774632), ('8', 36140290, '8', 43091751)]",0.0,[],1.0,"[('8', 43091751)]",['High_Signal_Region'],1,"{'8': {'FGFR1': {'type': ['oncogene', ' fusion'], 'loc': ('38268656', '38326352')}, 'NSD3': {'type': ['oncogene', ' fusion'], 'loc': ('38127215', '38239790')}}}","['FGFR1', 'NSD3']",1.0,0,1,1.9375,medium
CURTIS_H000498_T01_01_WG01,1,1,linear,14030,1,1,"[('17', 30290708, 30276677)]","[('17', 30276677, '17', 30290708)]",0.0,[],1.0,"[('17', 30276677, '17', 30290708)]",0.0,[],1.0,"[('17', 30276677)]",['High_Signal_Region'],0,{},[],0.0,0,1,2.0625,low
CURTIS_H000498_T01_01_WG01,1,2,linear,109877,2,1,"[('7', 107521152, 107464739), ('7', 107464069, 107410603)]","[('7', 107464739, '7', 107464069), ('7', 107410603, '7', 107521152)]",0.0,[],1.0,"[('7', 107410603, '7', 107521152)]",0.0,[],0.0,[],[],1,{},[],0.0,0,0,1.5,medium
CURTIS_H000498_T01_01_WG01,2,1,linear,532,1,1,"[('14', 32932138, 32931605)]","[('14', 32931605, '14', 32932138)]",0.0,[],1.0,"[('14', 32931605, '14', 32932138)]",0.0,[],0.0,[],[],0,{},[],1.0,0,0,1.875,medium
CURTIS_H000498_T01_01_WG01,2,2,linear,532,1,1,"[('14', 32932138, 32931605)]","[('14', 32931605, '14', 32932138)]",0.0,[],1.0,"[('14', 32931605, '14', 32932138)]",0.0,[],0.0,[],[],0,{},[],1.0,0,0,1.875,medium
CURTIS_H000500_T01_01_WG01,1,1,circular,17963,1,1,"[('11', 76869735, 76887697)]","[('11', 76887697, '11', 76869735)]",0.0,[],1.0,"[('11', 76887697, '11', 76869735)]",0.0,[],0.0,[],[],0,{},[],0.0,1,0,1.5,medium
CURTIS_H000500_T01_01_WG01,1,2,linear,922301,2,1,"[('1', 2629499, 2149297), ('1', 3398001, 2955900)]","[('1', 2149297, '1', 3398001), ('1', 2955900, '1', 2629499)]",0.5,"[('1', 2149297, '1', 3398001)]",0.5,"[('1', 2955900, '1', 2629499)]",0.0,[],1.0,"[('1', 2629499)]",['High_Signal_Region'],0,"{'1': {'PRDM16': {'type': ['oncogene', ' fusion'], 'loc': ('2985732', '3355185')}, 'SKI': {'type': ['oncogene'], 'loc': ('2160134', '2241558')}, 'TNFRSF14': {'type': ['TSG'], 'loc': ('2487078', '2496821')}}}","['PRDM16', 'SKI', 'TNFRSF14']",0.0,0,1,1.0625,medium
CURTIS_H000500_T01_01_WG01,1,3,linear,650491,3,2,"[('11', 77597700, 78108966), ('11', 77875099, 77874869), ('1', 2825196, 2686200)]","[('11', 78108966, '11', 77875099), ('11', 77874869, '1', 2825196), ('1', 2686200, '11', 77597700)]",0.0,[],1.0,"[('11', 78108966, '11', 77875099), ('11', 77874869, '1', 2825196), ('1', 2686200, '11', 77597700)]",0.0,[],1.0,"[('1', 2686200), ('11', 77597700)]","['High_Signal_Region', 'High_Signal_Region']",0,{},[],0.0,0,1,2.0625,low
CURTIS_H000500_T01_01_WG01,1,4,circular,2422652,4,1,"[('11', 77211407, 78183969), ('11', 76634474, 76371200), ('11', 78797683, 78185511), ('11', 77211176, 76636530)]","[('11', 78183969, '11', 76634474), ('11', 76371200, '11', 78797683), ('11', 78185511, '11', 77211176), ('11', 76636530, '11', 77211407)]",1.0,"[('11', 78183969, '11', 76634474), ('11', 76371200, '11', 78797683), ('11', 78185511, '11', 77211176), ('11', 76636530, '11', 77211407)]",0.0,[],0.0,[],0.0,[],[],0,{},[],1.0,1,2,0.875,high
CURTIS_H000500_T01_01_WG01,1,5,linear,535032,2,2,"[('1', 2629499, 2369174), ('11', 77872409, 77597700)]","[('1', 2369174, '11', 77872409), ('11', 77597700, '1', 2629499)]",0.0,[],1.0,"[('1', 2369174, '11', 77872409), ('11', 77597700, '1', 2629499)]",0.0,[],1.0,"[('11', 77597700), ('1', 2629499)]","['High_Signal_Region', 'High_Signal_Region']",0,"{'1': {'TNFRSF14': {'type': ['TSG'], 'loc': ('2487078', '2496821')}}}",['TNFRSF14'],0.0,0,1,2.0625,low
CURTIS_H000500_T01_01_WG01,1,6,linear,2354754,5,3,"[('17', 25800250, 26782412), ('17', 26783495, 27430646), ('11', 77420940, 77211407), ('11', 76636530, 76874792), ('1', 2963845, 2686200)]","[('17', 26782412, '17', 26783495), ('17', 27430646, '11', 77420940), ('11', 77211407, '11', 76636530), ('11', 76874792, '1', 2963845), ('1', 2686200, '17', 25800250)]",0.25,"[('11', 77211407, '11', 76636530)]",0.75,"[('17', 27430646, '11', 77420940), ('11', 76874792, '1', 2963845), ('1', 2686200, '17', 25800250)]",0.0,[],1.0,"[('1', 2686200)]",['High_Signal_Region'],1,{},[],1.0,0,1,1.9375,medium
CURTIS_H000500_T01_01_WG01,1,7,circular,2585706,8,2,"[('11', 76636530, 77717033), ('11', 78160360, 78106063), ('11', 76546710, 76627833), ('11', 77873271, 78160360), ('11', 77717033, 77211407), ('1', 3118214, 3398001), ('1', 2149297, 2369229), ('1', 3131029, 3053682)]","[('11', 77717033, '11', 78160360), ('11', 78106063, '1', 3118214), ('1', 3398001, '1', 2149297), ('1', 2369229, '11', 76546710), ('11', 76627833, '1', 3131029), ('1', 3053682, '11', 77873271), ('11', 78160360, '11', 77717033), ('11', 77211407, '11', 76636530)]",0.5,"[('11', 77717033, '11', 78160360), ('1', 3398001, '1', 2149297), ('11', 78160360, '11', 77717033), ('11', 77211407, '11', 76636530)]",0.5,"[('11', 78106063, '1', 3118214), ('1', 2369229, '11', 76546710), ('11', 76627833, '1', 3131029), ('1', 3053682, '11', 77873271)]",0.0,[],0.0,[],[],0,"{'1': {'SKI': {'type': ['oncogene'], 'loc': ('2160134', '2241558')}}}",['SKI'],1.0,1,2,0.875,high
CURTIS_H000501_T01_01_WG01,1,1,linear,61,1,1,"[('7', 107410679, 107410617)]","[('7', 107410617, '7', 107410679)]",0.0,[],1.0,"[('7', 107410617, '7', 107410679)]",0.0,[],0.0,[],[],0,{},[],1.0,0,0,1.875,medium
CURTIS_H000501_T01_01_WG01,1,2,linear,49,1,1,"[('7', 107410679, 107410629)]","[('7', 107410629, '7', 107410679)]",0.0,[],1.0,"[('7', 107410629, '7', 107410679)]",0.0,[],0.0,[],[],0,{},[],1.0,0,0,1.875,medium
CURTIS_H000501_T01_01_WG01,1,3,linear,49,1,1,"[('7', 107410679, 107410629)]","[('7', 107410629, '7', 107410679)]",0.0,[],1.0,"[('7', 107410629, '7', 107410679)]",0.0,[],0.0,[],[],0,{},[],1.0,0,0,1.875,medium
CURTIS_H000501_T01_01_WG01,1,4,linear,52,1,1,"[('7', 107410679, 107410626)]","[('7', 107410626, '7', 107410679)]",0.0,[],1.0,"[('7', 107410626, '7', 107410679)]",0.0,[],0.0,[],[],0,{},[],1.0,0,0,1.875,medium
CURTIS_H000501_T01_01_WG01,1,5,linear,52,1,1,"[('7', 107410679, 107410626)]","[('7', 107410626, '7', 107410679)]",0.0,[],1.0,"[('7', 107410626, '7', 107410679)]",0.0,[],0.0,[],[],0,{},[],1.0,0,0,1.875,medium
CURTIS_H000501_T01_01_WG01,1,6,linear,52,1,1,"[('7', 107410679, 107410626)]","[('7', 107410626, '7', 107410679)]",0.0,[],1.0,"[('7', 107410626, '7', 107410679)]",0.0,[],0.0,[],[],0,{},[],1.0,0,0,1.875,medium
CURTIS_H000501_T01_01_WG01,1,7,linear,52,1,1,"[('7', 107410679, 107410626)]","[('7', 107410626, '7', 107410679)]",0.0,[],1.0,"[('7', 107410626, '7', 107410679)]",0.0,[],0.0,[],[],0,{},[],1.0,0,0,1.875,medium
CURTIS_H000501_T01_01_WG01,1,8,linear,52,1,1,"[('7', 107410679, 107410626)]","[('7', 107410626, '7', 107410679)]",0.0,[],1.0,"[('7', 107410626, '7', 107410679)]",0.0,[],0.0,[],[],0,{},[],1.0,0,0,1.875,medium
CURTIS_H000501_T01_01_WG01,1,9,linear,52,1,1,"[('7', 107410679, 107410626)]","[('7', 107410626, '7', 107410679)]",0.0,[],1.0,"[('7', 107410626, '7', 107410679)]",0.0,[],0.0,[],[],0,{},[],1.0,0,0,1.875,medium
CURTIS_H000501_T01_01_WG01,1,10,linear,52,1,1,"[('7', 107410679, 107410626)]","[('7', 107410626, '7', 107410679)]",0.0,[],1.0,"[('7', 107410626, '7', 107410679)]",0.0,[],0.0,[],[],0,{},[],1.0,0,0,1.875,medium
CURTIS_H000501_T01_01_WG01,1,11,linear,52,1,1,"[('7', 107410679, 107410626)]","[('7', 107410626, '7', 107410679)]",0.0,[],1.0,"[('7', 107410626, '7', 107410679)]",0.0,[],0.0,[],[],0,{},[],1.0,0,0,1.875,medium
CURTIS_H000501_T01_01_WG01,1,12,linear,52,1,1,"[('7', 107410679, 107410626)]","[('7', 107410626, '7', 107410679)]",0.0,[],1.0,"[('7', 107410626, '7', 107410679)]",0.0,[],0.0,[],[],0,{},[],1.0,0,0,1.875,medium
CURTIS_H000501_T01_01_WG01,1,13,linear,52,1,1,"[('7', 107410679, 107410626)]","[('7', 107410626, '7', 107410679)]",0.0,[],1.0,"[('7', 107410626, '7', 107410679)]",0.0,[],0.0,[],[],0,{},[],1.0,0,0,1.875,medium
CURTIS_H000502_T01_01_WG01,1,1,linear,94720,1,1,"[('17', 62555621, 62460900)]","[('17', 62460900, '17', 62555621)]",0.0,[],1.0,"[('17', 62460900, '17', 62555621)]",0.0,[],0.0,[],[],0,"{'17': {'DDX5': {'type': ['oncogene', ' fusion'], 'loc': ('62495734', '62504317')}}}",['DDX5'],0.0,0,0,1.5,medium
CURTIS_H000505_T01_01_WG01,3,1,linear,526245,1,1,"[('17', 38365599, 37839353)]","[('17', 37839353, '17', 38365599)]",0.0,[],1.0,"[('17', 37839353, '17', 38365599)]",0.5,"[('17', 38365599, '17', 27148347)]",0.0,[],[],0,"{'17': {'ERBB2': {'type': ['oncogene', ' fusion'], 'loc': ('37844167', '37886679')}, 'IKZF3': {'type': ['oncogene', ' TSG', ' fusion'], 'loc': ('37921198', '38020441')}}}","['ERBB2', 'IKZF3']",0.0,0,0,1.75,medium
CURTIS_H000505_T01_01_WG01,3,2,linear,10524,1,1,"[('17', 47998287, 47987762)]","[('17', 47987762, '17', 47998287)]",0.0,[],1.0,"[('17', 47987762, '17', 47998287)]",0.0,[],0.0,[],[],0,{},[],0.0,0,0,1.5,medium
CURTIS_H000505_T01_01_WG01,2,1,linear,522,1,1,"[('17', 30277202, 30276679)]","[('17', 30276679, '17', 30277202)]",0.0,[],1.0,"[('17', 30276679, '17', 30277202)]",0.0,[],1.0,"[('17', 30276679), ('17', 30277202)]","['High_Signal_Region', 'High_Signal_Region']",0,{},[],1.0,0,1,2.4375,low
CURTIS_H000505_T01_01_WG01,2,2,linear,522,1,1,"[('17', 30277202, 30276679)]","[('17', 30276679, '17', 30277202)]",0.0,[],1.0,"[('17', 30276679, '17', 30277202)]",0.0,[],1.0,"[('17', 30276679), ('17', 30277202)]","['High_Signal_Region', 'High_Signal_Region']",0,{},[],1.0,0,1,2.4375,low
CURTIS_H000505_T01_01_WG01,2,3,linear,523,1,1,"[('17', 30277202, 30276678)]","[('17', 30276678, '17', 30277202)]",0.0,[],1.0,"[('17', 30276678, '17', 30277202)]",0.0,[],1.0,"[('17', 30276678), ('17', 30277202)]","['High_Signal_Region', 'High_Signal_Region']",0,{},[],1.0,0,1,2.4375,low
CURTIS_H000505_T01_01_WG01,2,4,linear,523,1,1,"[('17', 30277202, 30276678)]","[('17', 30276678, '17', 30277202)]",0.0,[],1.0,"[('17', 30276678, '17', 30277202)]",0.0,[],1.0,"[('17', 30276678), ('17', 30277202)]","['High_Signal_Region', 'High_Signal_Region']",0,{},[],1.0,0,1,2.4375,low
CURTIS_H000505_T01_01_WG01,2,5,linear,474102,1,1,"[('11', 70256203, 69782100)]","[('11', 69782100, '11', 70256203)]",0.0,[],1.0,"[('11', 69782100, '11', 70256203)]",0.0,[],0.0,[],[],0,"{'11': {'FADD': {'type': [''], 'loc': ('70049269', '70053496')}}}",['FADD'],0.0,0,0,1.5,medium
CURTIS_H000505_T01_01_WG01,2,6,linear,733639,2,1,"[('11', 59131805, 59214733), ('11', 59122511, 58471800)]","[('11', 59214733, '11', 59122511), ('11', 58471800, '11', 59131805)]",0.5,"[('11', 59214733, '11', 59122511)]",0.5,"[('11', 58471800, '11', 59131805)]",0.0,[],0.0,[],[],0,{},[],0.0,0,2,0.5,high
CURTIS_H000505_T01_01_WG01,2,7,linear,10523,1,1,"[('8', 82833351, 82822827)]","[('8', 82822827, '8', 82833351)]",0.0,[],1.0,"[('8', 82822827, '8', 82833351)]",0.0,[],0.0,[],[],0,{},[],0.0,0,0,1.5,medium
CURTIS_H000505_T01_01_WG01,1,1,linear,174623,1,1,"[('17', 41928500, 41753876)]","[('17', 41753876, '17', 41928500)]",0.0,[],1.0,"[('17', 41753876, '17', 41928500)]",0.0,[],0.0,[],[],0,{},[],0.0,0,0,1.5,medium
CURTIS_H000506_T01_01_WG01,1,1,circular,38916,2,1,"[('1', 39056565, 39080021), ('1', 39070075, 39054615)]","[('1', 39080021, '1', 39070075), ('1', 39054615, '1', 39056565)]",1.0,"[('1', 39080021, '1', 39070075)]",0.0,[],0.0,[],0.0,[],[],1,{},[],0.0,1,2,0.5,high
CURTIS_H000506_T01_01_WG01,1,2,linear,37198,1,1,"[('19', 36794999, 36757800)]","[('19', 36757800, '19', 36794999)]",0.0,[],1.0,"[('19', 36757800, '19', 36794999)]",0.0,[],0.0,[],[],0,{},[],0.0,0,0,1.5,medium
CURTIS_H000506_T01_01_WG01,1,3,linear,623574,1,1,"[('19', 29223825, 28600250)]","[('19', 28600250, '19', 29223825)]",0.0,[],1.0,"[('19', 28600250, '19', 29223825)]",0.0,[],0.0,[],[],0,{},[],0.0,0,0,1.5,medium
CURTIS_H000511_T01_01_WG01,1,1,linear,564,1,1,"[('17', 30277244, 30276679)]","[('17', 30276679, '17', 30277244)]",0.0,[],1.0,"[('17', 30276679, '17', 30277244)]",0.0,[],1.0,"[('17', 30276679), ('17', 30277244)]","['High_Signal_Region', 'High_Signal_Region']",0,{},[],1.0,0,1,2.4375,low
CURTIS_H000511_T01_01_WG01,1,2,circular,3594699,7,1,"[('15', 98536468, 99574539), ('15', 99575608, 99985100), ('15', 99988122, 99575608), ('15', 99574539, 98536468), ('15', 98532621, 97922832), ('15', 97588511, 97590095), ('15', 98447444, 98532621)]","[('15', 99574539, '15', 99575608), ('15', 99985100, '15', 99988122), ('15', 99575608, '15', 99574539), ('15', 98536468, '15', 98532621), ('15', 97922832, '15', 97588511), ('15', 97590095, '15', 98447444), ('15', 98532621, '15', 98536468)]",0.6,"[('15', 99985100, '15', 99988122), ('15', 97922832, '15', 97588511), ('15', 97590095, '15', 98447444)]",0.4,"[('15', 98536468, '15', 98532621), ('15', 98532621, '15', 98536468)]",0.0,[],0.0,[],[],2,{},[],1.0,1,2,0.875,high
CURTIS_H000511_T01_01_WG01,1,3,circular,334685,3,1,"[('15', 97592913, 97920712), ('15', 93852638, 93855755), ('15', 98442793, 98446559)]","[('15', 97920712, '15', 93852638), ('15', 93855755, '15', 98442793), ('15', 98446559, '15', 97592913)]",1.0,"[('15', 97920712, '15', 93852638), ('15', 93855755, '15', 98442793), ('15', 98446559, '15', 97592913)]",0.0,[],0.0,[],0.0,[],[],0,{},[],0.0,1,2,0.5,high
CURTIS_H000511_T01_01_WG01,1,4,linear,1482547,7,1,"[('15', 100285910, 99985150), ('15', 99988462, 99990946), ('15', 49649867, 49882943), ('15', 94234766, 94233973), ('15', 97928174, 97697313), ('15', 90215577, 90817283), ('15', 93616841, 93503973)]","[('15', 99985150, '15', 99988462), ('15', 99990946, '15', 49649867), ('15', 49882943, '15', 94234766), ('15', 94233973, '15', 97928174), ('15', 97697313, '15', 90215577), ('15', 90817283, '15', 93616841), ('15', 93503973, '15', 100285910)]",0.8571428571428571,"[('15', 99985150, '15', 99988462), ('15', 99990946, '15', 49649867), ('15', 49882943, '15', 94234766), ('15', 94233973, '15', 97928174), ('15', 97697313, '15', 90215577), ('15', 90817283, '15', 93616841)]",0.1428571428571428,"[('15', 93503973, '15', 100285910)]",0.0,[],0.0,[],[],0,"{'15': {'IDH2': {'type': ['oncogene'], 'loc': ('90626277', '90645736')}}}",['IDH2'],0.0,0,2,0.5,high
CURTIS_H000511_T01_01_WG01,1,5,circular,885457,6,1,"[('15', 90193231, 90817283), ('15', 93616841, 93616540), ('15', 93616540, 93847291), ('15', 97590350, 97591901), ('15', 97922712, 97920878), ('15', 49910841, 49883873)]","[('15', 90817283, '15', 93616841), ('15', 93616540, '15', 93616540), ('15', 93847291, '15', 97590350), ('15', 97591901, '15', 97922712), ('15', 97920878, '15', 49910841), ('15', 49883873, '15', 90193231)]",1.0,"[('15', 90817283, '15', 93616841), ('15', 93847291, '15', 97590350), ('15', 97591901, '15', 97922712), ('15', 97920878, '15', 49910841), ('15', 49883873, '15', 90193231)]",0.0,[],0.0,[],0.0,[],[],1,"{'15': {'IDH2': {'type': ['oncogene'], 'loc': ('90626277', '90645736')}}}",['IDH2'],0.0,1,2,0.5,high
CURTIS_H000511_T01_01_WG01,1,6,circular,9499,2,1,"[('15', 88199592, 88208557), ('15', 88199576, 88199042)]","[('15', 88208557, '15', 88199576), ('15', 88199042, '15', 88199592)]",1.0,"[('15', 88208557, '15', 88199576)]",0.0,[],0.0,[],0.0,[],[],1,{},[],0.0,1,2,0.5,high
CURTIS_H000511_T01_01_WG01,1,7,linear,900,1,1,"[('15', 88186199, 88185298)]","[('15', 88185298, '15', 88186199)]",0.0,[],1.0,"[('15', 88185298, '15', 88186199)]",1.0,"[('15', 88186199, '15', 92939205), ('15', 88185298, '15', 90019865)]",0.0,[],[],0,{},[],0.0,0,0,1.75,medium
CURTIS_H000511_T01_01_WG01,1,8,linear,10565,1,1,"[('17', 57925171, 57914605)]","[('17', 57914605, '17', 57925171)]",0.0,[],1.0,"[('17', 57914605, '17', 57925171)]",0.0,[],0.0,[],[],0,{},[],0.0,0,0,1.5,medium
CURTIS_H000511_T01_01_WG01,1,10,circular,1225378,2,1,"[('15', 93616540, 94230781), ('15', 94227677, 93616540)]","[('15', 94230781, '15', 94227677), ('15', 93616540, '15', 93616540)]",1.0,"[('15', 94230781, '15', 94227677)]",0.0,[],0.0,[],0.0,[],[],1,{},[],0.0,1,2,0.5,high
CURTIS_H000511_T01_01_WG01,1,11,linear,1806989,6,1,"[('15', 94344539, 94227890), ('15', 90210839, 90019111), ('15', 39425395, 39643426), ('15', 50714017, 49649867), ('15', 99990946, 99985150), ('15', 99988462, 100199099)]","[('15', 94227890, '15', 90210839), ('15', 90019111, '15', 39425395), ('15', 39643426, '15', 50714017), ('15', 49649867, '15', 99990946), ('15', 99985150, '15', 99988462), ('15', 100199099, '15', 94344539)]",0.8333333333333334,"[('15', 94227890, '15', 90210839), ('15', 90019111, '15', 39425395), ('15', 39643426, '15', 50714017), ('15', 49649867, '15', 99990946), ('15', 99985150, '15', 99988462)]",0.1666666666666666,"[('15', 100199099, '15', 94344539)]",0.0,[],0.0,[],[],0,{},[],0.0,0,2,0.5,high
CURTIS_H000511_T01_01_WG01,1,12,linear,591898,1,1,"[('15', 94210199, 93618300)]","[('15', 93618300, '15', 94210199)]",0.0,[],1.0,"[('15', 93618300, '15', 94210199)]",0.0,[],0.0,[],[],0,{},[],0.0,0,0,1.5,medium
CURTIS_H000511_T01_01_WG01,1,13,linear,2021169,4,1,"[('15', 99982499, 99575608), ('15', 99574539, 98536468), ('15', 98532621, 98505094), ('15', 97602865, 97054181)]","[('15', 99575608, '15', 99574539), ('15', 98536468, '15', 98532621), ('15', 98505094, '15', 97602865), ('15', 97054181, '15', 99982499)]",0.3333333333333333,"[('15', 98505094, '15', 97602865)]",0.6666666666666666,"[('15', 98536468, '15', 98532621), ('15', 97054181, '15', 99982499)]",0.25,"[('15', 97054181, '15', 100525279)]",0.0,[],[],1,{},[],0.0,0,0,1.125,medium
CURTIS_H000512_T01_01_WG01,1,1,linear,563,1,1,"[('17', 30277243, 30276679)]","[('17', 30276679, '17', 30277243)]",0.0,[],1.0,"[('17', 30276679, '17', 30277243)]",0.0,[],1.0,"[('17', 30276679), ('17', 30277243)]","['High_Signal_Region', 'High_Signal_Region']",0,{},[],1.0,0,1,2.4375,low
CURTIS_H000512_T01_01_WG01,1,2,linear,563,1,1,"[('17', 30277243, 30276679)]","[('17', 30276679, '17', 30277243)]",0.0,[],1.0,"[('17', 30276679, '17', 30277243)]",0.0,[],1.0,"[('17', 30276679), ('17', 30277243)]","['High_Signal_Region', 'High_Signal_Region']",0,{},[],1.0,0,1,2.4375,low
CURTIS_H000512_T01_01_WG01,1,3,linear,563,1,1,"[('17', 30277243, 30276679)]","[('17', 30276679, '17', 30277243)]",0.0,[],1.0,"[('17', 30276679, '17', 30277243)]",0.0,[],1.0,"[('17', 30276679), ('17', 30277243)]","['High_Signal_Region', 'High_Signal_Region']",0,{},[],1.0,0,1,2.4375,low
CURTIS_H000512_T01_01_WG01,1,4,linear,563,1,1,"[('17', 30277243, 30276679)]","[('17', 30276679, '17', 30277243)]",0.0,[],1.0,"[('17', 30276679, '17', 30277243)]",0.0,[],1.0,"[('17', 30276679), ('17', 30277243)]","['High_Signal_Region', 'High_Signal_Region']",0,{},[],1.0,0,1,2.4375,low
CURTIS_H000512_T01_01_WG01,1,5,linear,563,1,1,"[('17', 30277243, 30276679)]","[('17', 30276679, '17', 30277243)]",0.0,[],1.0,"[('17', 30276679, '17', 30277243)]",0.0,[],1.0,"[('17', 30276679), ('17', 30277243)]","['High_Signal_Region', 'High_Signal_Region']",0,{},[],1.0,0,1,2.4375,low
CURTIS_H000512_T01_01_WG01,1,6,linear,300564,1,1,"[('21', 10660441, 10359876)]","[('21', 10359876, '21', 10660441)]",0.0,[],1.0,"[('21', 10359876, '21', 10660441)]",0.0,[],1.0,"[('21', 10359876), ('21', 10660441)]","['High_Signal_Region', 'High_Signal_Region']",0,{},[],0.0,0,1,2.0625,low
CURTIS_H000512_T01_01_WG01,1,7,linear,650565,1,1,"[('11', 77605745, 76955179)]","[('11', 76955179, '11', 77605745)]",0.0,[],1.0,"[('11', 76955179, '11', 77605745)]",0.0,[],0.0,[],[],0,{},[],0.0,0,0,1.5,medium
CURTIS_H000512_T01_01_WG01,1,8,linear,65995,3,2,"[('13', 66753295, 66742730), ('13', 71231540, 71268598), ('1', 204571665, 204553292)]","[('13', 66742730, '1', 204571665), ('1', 204553292, '13', 71231540), ('13', 71268598, '13', 66753295)]",0.0,[],1.0,"[('13', 66742730, '1', 204571665), ('1', 204553292, '13', 71231540), ('13', 71268598, '13', 66753295)]",0.0,[],0.0,[],[],0,{},[],0.0,0,0,1.5,medium
CURTIS_H000512_T01_01_WG01,1,9,circular,1148825,2,1,"[('1', 199440233, 200564640), ('1', 199414327, 199438743)]","[('1', 200564640, '1', 199414327), ('1', 199438743, '1', 199440233)]",1.0,"[('1', 200564640, '1', 199414327)]",0.0,[],0.0,[],0.0,[],[],1,{},[],0.0,1,2,0.5,high
CURTIS_H000512_T01_01_WG01,1,10,linear,1545466,3,1,"[('1', 152114878, 152104486), ('1', 199411590, 199405472), ('1', 204393742, 205922699)]","[('1', 152104486, '1', 199411590), ('1', 199405472, '1', 204393742), ('1', 205922699, '1', 152114878)]",0.6666666666666666,"[('1', 152104486, '1', 199411590), ('1', 199405472, '1', 204393742)]",0.3333333333333333,"[('1', 205922699, '1', 152114878)]",0.0,[],0.0,[],[],0,"{'1': {'ELK4': {'type': ['oncogene', ' fusion'], 'loc': ('205577071', '205601090')}, 'MDM4': {'type': ['oncogene'], 'loc': ('204485511', '204542871')}, 'SLC45A3': {'type': ['fusion'], 'loc': ('205626979', '205649587')}}}","['ELK4', 'MDM4', 'SLC45A3']",0.0,0,2,0.5,high
CURTIS_H000512_T01_01_WG01,1,11,circular,460129,3,2,"[('13', 76647133, 77052845), ('13', 76582443, 76627924), ('1', 198516695, 198507760)]","[('13', 77052845, '1', 198516695), ('1', 198507760, '13', 76582443), ('13', 76627924, '13', 76647133)]",0.3333333333333333,"[('13', 76627924, '13', 76647133)]",0.6666666666666666,"[('13', 77052845, '1', 198516695), ('1', 198507760, '13', 76582443)]",0.0,[],0.0,[],[],0,{},[],0.0,1,0,1.0,medium
CURTIS_H000512_T01_01_WG01,1,12,linear,10565,1,1,"[('1', 151662723, 151652157)]","[('1', 151652157, '1', 151662723)]",0.0,[],1.0,"[('1', 151652157, '1', 151662723)]",0.0,[],0.0,[],[],0,{},[],0.0,0,0,1.5,medium
CURTIS_H000512_T01_01_WG01,1,13,linear,564,1,1,"[('17', 30277243, 30276678)]","[('17', 30276678, '17', 30277243)]",0.0,[],1.0,"[('17', 30276678, '17', 30277243)]",0.0,[],1.0,"[('17', 30276678), ('17', 30277243)]","['High_Signal_Region', 'High_Signal_Region']",0,{},[],1.0,0,1,2.4375,low
CURTIS_H000513_T01_01_WG01,1,1,linear,9616766,3,2,"[('8', 43091751, 36371862), ('8', 36369987, 34334010), ('10', 62568344, 61707441)]","[('8', 36371862, '8', 36369987), ('8', 34334010, '10', 62568344), ('10', 61707441, '8', 43091751)]",0.0,[],1.0,"[('8', 34334010, '10', 62568344), ('10', 61707441, '8', 43091751)]",0.0,[],1.0,"[('8', 43091751)]",['High_Signal_Region'],1,"{'8': {'ANK1': {'type': [''], 'loc': ('41510739', '41754280')}, 'FGFR1': {'type': ['oncogene', ' fusion'], 'loc': ('38268656', '38326352')}, 'HOOK3': {'type': ['fusion'], 'loc': ('42752075', '42885682')}, 'IKBKB': {'type': ['oncogene'], 'loc': ('42128820', '42189973')}, 'KAT6A': {'type': ['oncogene', ' fusion'], 'loc': ('41786997', '41909508')}, 'NSD3': {'type': ['oncogene', ' fusion'], 'loc': ('38127215', '38239790')}}}","['ANK1', 'FGFR1', 'HOOK3', 'IKBKB', 'KAT6A', 'NSD3']",1.0,0,1,2.4375,low
CURTIS_H000517_T01_01_WG01,6,1,circular,103884,1,1,"[('2', 102035017, 102138900)]","[('2', 102138900, '2', 102035017)]",1.0,"[('2', 102138900, '2', 102035017)]",0.0,[],0.0,[],0.0,[],[],0,{},[],0.0,1,2,0.5,high
CURTIS_H000517_T01_01_WG01,4,1,linear,588078,1,1,"[('2', 111980521, 111392442)]","[('2', 111392442, '2', 111980521)]",0.0,[],1.0,"[('2', 111392442, '2', 111980521)]",0.0,[],0.0,[],[],0,{},[],0.0,0,0,1.5,medium
CURTIS_H000517_T01_01_WG01,7,1,linear,173911,1,1,"[('2', 110431112, 110257200)]","[('2', 110257200, '2', 110431112)]",0.0,[],1.0,"[('2', 110257200, '2', 110431112)]",0.0,[],0.0,[],[],0,{},[],0.0,0,0,1.5,medium
CURTIS_H000517_T01_01_WG01,7,2,linear,2973793,2,1,"[('2', 110109336, 108279108), ('2', 108275310, 107131743)]","[('2', 108279108, '2', 108275310), ('2', 107131743, '2', 110109336)]",0.0,[],1.0,"[('2', 108279108, '2', 108275310), ('2', 107131743, '2', 110109336)]",0.0,[],0.0,[],[],0,"{'2': {'RANBP2': {'type': ['TSG', ' fusion'], 'loc': ('109335937', '109402267')}}}",['RANBP2'],1.0,0,0,1.875,medium
CURTIS_H000517_T01_01_WG01,9,1,linear,80006,1,1,"[('2', 110942364, 110862357)]","[('2', 110862357, '2', 110942364)]",0.0,[],1.0,"[('2', 110862357, '2', 110942364)]",0.0,[],0.0,[],[],0,{},[],0.0,0,0,1.5,medium
CURTIS_H000517_T01_01_WG01,2,1,linear,129,1,1,"[('17', 1258600, 1258470)]","[('17', 1258470, '17', 1258600)]",0.0,[],1.0,"[('17', 1258470, '17', 1258600)]",0.0,[],0.0,[],[],0,{},[],1.0,0,0,1.875,medium
CURTIS_H000520_T01_01_WG01,1,1,linear,10525,1,1,"[('17', 38474222, 38463696)]","[('17', 38463696, '17', 38474222)]",0.0,[],1.0,"[('17', 38463696, '17', 38474222)]",0.0,[],0.0,[],[],0,{},[],0.0,0,0,1.5,medium
CURTIS_H000520_T01_01_WG01,1,2,linear,1062452,2,1,"[('17', 32679892, 31829724), ('17', 31364660, 31152374)]","[('17', 31829724, '17', 31364660), ('17', 31152374, '17', 32679892)]",0.5,"[('17', 31829724, '17', 31364660)]",0.5,"[('17', 31152374, '17', 32679892)]",0.0,[],0.0,[],[],0,{},[],0.0,0,2,0.5,high
CURTIS_H000520_T01_01_WG01,1,3,linear,926420,3,2,"[('17', 31140749, 30610224), ('11', 69540458, 69401402), ('11', 69400842, 69144000)]","[('17', 30610224, '11', 69540458), ('11', 69401402, '11', 69400842), ('11', 69144000, '17', 31140749)]",0.0,[],1.0,"[('17', 30610224, '11', 69540458), ('11', 69144000, '17', 31140749)]",0.0,[],0.0,[],[],1,"{'11': {'CCND1': {'type': ['oncogene', ' fusion'], 'loc': ('69455855', '69469242')}}}",['CCND1'],0.0,0,0,1.5,medium
CURTIS_H000520_T01_01_WG01,1,4,linear,1239534,1,1,"[('17', 38086199, 36846664)]","[('17', 36846664, '17', 38086199)]",0.0,[],1.0,"[('17', 36846664, '17', 38086199)]",0.0,[],0.0,[],[],0,"{'17': {'CDK12': {'type': ['TSG'], 'loc': ('37617764', '37721160')}, 'ERBB2': {'type': ['oncogene', ' fusion'], 'loc': ('37844167', '37886679')}, 'IKZF3': {'type': ['oncogene', ' TSG', ' fusion'], 'loc': ('37921198', '38020441')}, 'LASP1': {'type': ['fusion'], 'loc': ('37026112', '37078023')}, 'MLLT6': {'type': ['fusion'], 'loc': ('36861795', '36886056')}}}","['CDK12', 'ERBB2', 'IKZF3', 'LASP1', 'MLLT6']",0.0,0,0,1.5,medium
CURTIS_H000523_T01_01_WG01,4,1,linear,59588,1,1,"[('17', 34336646, 34277057)]","[('17', 34277057, '17', 34336646)]",0.0,[],1.0,"[('17', 34277057, '17', 34336646)]",0.0,[],0.0,[],[],0,{},[],0.0,0,0,1.5,medium
CURTIS_H000523_T01_01_WG01,3,1,linear,227031,1,1,"[('11', 50603932, 50376900)]","[('11', 50376900, '11', 50603932)]",0.0,[],1.0,"[('11', 50376900, '11', 50603932)]",0.0,[],0.0,[],[],0,{},[],0.0,0,0,1.5,medium
CURTIS_H000524_T01_01_WG01,3,1,linear,17698,1,1,"[('17', 37700399, 37682700)]","[('17', 37682700, '17', 37700399)]",0.0,[],1.0,"[('17', 37682700, '17', 37700399)]",0.0,[],0.0,[],[],0,{},[],0.0,0,0,1.5,medium
CURTIS_H000524_T01_01_WG01,3,2,circular,1252781,3,1,"[('17', 37175267, 37881301), ('17', 58173828, 58146625), ('17', 37893059, 37373514)]","[('17', 37881301, '17', 58173828), ('17', 58146625, '17', 37893059), ('17', 37373514, '17', 37175267)]",0.6666666666666666,"[('17', 58146625, '17', 37893059), ('17', 37373514, '17', 37175267)]",0.3333333333333333,"[('17', 37881301, '17', 58173828)]",0.0,[],0.0,[],[],0,"{'17': {'CDK12': {'type': ['TSG'], 'loc': ('37617764', '37721160')}, 'ERBB2': {'type': ['oncogene', ' fusion'], 'loc': ('37844167', '37886679')}}}","['CDK12', 'CDK12', 'ERBB2']",0.0,1,2,0.5,high
CURTIS_H000524_T01_01_WG01,3,3,linear,94720,1,1,"[('17', 62555621, 62460900)]","[('17', 62460900, '17', 62555621)]",0.0,[],1.0,"[('17', 62460900, '17', 62555621)]",0.0,[],0.0,[],[],0,"{'17': {'DDX5': {'type': ['oncogene', ' fusion'], 'loc': ('62495734', '62504317')}}}",['DDX5'],0.0,0,0,1.5,medium
CURTIS_H000524_T01_01_WG01,3,4,linear,709231,2,1,"[('17', 58589399, 58146625), ('17', 37893059, 37626600)]","[('17', 58146625, '17', 37893059), ('17', 37626600, '17', 58589399)]",0.5,"[('17', 58146625, '17', 37893059)]",0.5,"[('17', 37626600, '17', 58589399)]",0.0,[],0.0,[],[],0,"{'17': {'ERBB2': {'type': ['oncogene', ' fusion'], 'loc': ('37844167', '37886679')}}}",['ERBB2'],0.0,0,2,0.5,high
CURTIS_H000524_T01_01_WG01,3,5,circular,13526,1,1,"[('17', 32156743, 32170268)]","[('17', 32170268, '17', 32156743)]",1.0,"[('17', 32170268, '17', 32156743)]",0.0,[],0.0,[],0.0,[],[],0,{},[],0.0,1,2,0.5,high
CURTIS_H000524_T01_01_WG01,3,6,circular,2966833,3,1,"[('17', 56812965, 59353885), ('17', 55746891, 55746874), ('17', 52738932, 52313035)]","[('17', 59353885, '17', 55746891), ('17', 55746874, '17', 52738932), ('17', 52313035, '17', 56812965)]",1.0,"[('17', 59353885, '17', 55746891), ('17', 55746874, '17', 52738932), ('17', 52313035, '17', 56812965)]",0.0,[],0.0,[],0.0,[],[],0,"{'17': {'CLTC': {'type': ['TSG', ' fusion'], 'loc': ('57697219', '57773671')}, 'PPM1D': {'type': ['oncogene'], 'loc': ('58677544', '58741849')}}}","['CLTC', 'PPM1D']",1.0,1,2,0.875,high
CURTIS_H000524_T01_01_WG01,3,7,linear,221072,2,2,"[('X', 84774004, 84663467), ('20', 35672432, 35782967)]","[('X', 84663467, '20', 35672432), ('20', 35782967, 'X', 84774004)]",0.0,[],1.0,"[('X', 84663467, '20', 35672432), ('20', 35782967, 'X', 84774004)]",0.0,[],0.0,[],[],0,{},[],0.0,0,0,1.5,medium
CURTIS_H000524_T01_01_WG01,2,1,linear,828477,1,1,"[('11', 88566778, 87738300)]","[('11', 87738300, '11', 88566778)]",0.0,[],1.0,"[('11', 87738300, '11', 88566778)]",0.0,[],0.0,[],[],0,{},[],0.0,0,0,1.5,medium
CURTIS_H000525_T01_01_WG01,1,1,linear,46,1,1,"[('7', 107410664, 107410617)]","[('7', 107410617, '7', 107410664)]",0.0,[],1.0,"[('7', 107410617, '7', 107410664)]",0.0,[],0.0,[],[],0,{},[],1.0,0,0,1.875,medium
CURTIS_H000525_T01_01_WG01,1,2,linear,39,1,1,"[('7', 107410664, 107410624)]","[('7', 107410624, '7', 107410664)]",0.0,[],1.0,"[('7', 107410624, '7', 107410664)]",0.0,[],0.0,[],[],0,{},[],1.0,0,0,1.875,medium
CURTIS_H000525_T01_01_WG01,1,3,linear,37,1,1,"[('7', 107410664, 107410626)]","[('7', 107410626, '7', 107410664)]",0.0,[],1.0,"[('7', 107410626, '7', 107410664)]",0.0,[],0.0,[],[],0,{},[],1.0,0,0,1.875,medium
CURTIS_H000525_T01_01_WG01,1,4,linear,37,1,1,"[('7', 107410664, 107410626)]","[('7', 107410626, '7', 107410664)]",0.0,[],1.0,"[('7', 107410626, '7', 107410664)]",0.0,[],0.0,[],[],0,{},[],1.0,0,0,1.875,medium
CURTIS_H000525_T01_01_WG01,1,5,linear,34,1,1,"[('7', 107410664, 107410629)]","[('7', 107410629, '7', 107410664)]",0.0,[],1.0,"[('7', 107410629, '7', 107410664)]",0.0,[],0.0,[],[],0,{},[],1.0,0,0,1.875,medium
CURTIS_H000525_T01_01_WG01,1,6,linear,33,1,1,"[('7', 107410664, 107410630)]","[('7', 107410630, '7', 107410664)]",0.0,[],1.0,"[('7', 107410630, '7', 107410664)]",0.0,[],0.0,[],[],0,{},[],1.0,0,0,1.875,medium
CURTIS_H000525_T01_01_WG01,1,7,linear,33,1,1,"[('7', 107410664, 107410630)]","[('7', 107410630, '7', 107410664)]",0.0,[],1.0,"[('7', 107410630, '7', 107410664)]",0.0,[],0.0,[],[],0,{},[],1.0,0,0,1.875,medium
CURTIS_H000525_T01_01_WG01,1,8,linear,307346,1,1,"[('11', 80369699, 80062352)]","[('11', 80062352, '11', 80369699)]",0.0,[],1.0,"[('11', 80062352, '11', 80369699)]",0.0,[],0.0,[],[],0,{},[],0.0,0,0,1.5,medium
CURTIS_H000525_T01_01_WG01,1,9,linear,574198,1,1,"[('11', 69719099, 69144900)]","[('11', 69144900, '11', 69719099)]",0.0,[],1.0,"[('11', 69144900, '11', 69719099)]",0.0,[],0.0,[],[],0,"{'11': {'CCND1': {'type': ['oncogene', ' fusion'], 'loc': ('69455855', '69469242')}}}",['CCND1'],0.0,0,0,1.5,medium
CURTIS_H000527_T01_01_WG01,1,1,linear,53,1,1,"[('7', 107410665, 107410611)]","[('7', 107410611, '7', 107410665)]",0.0,[],1.0,"[('7', 107410611, '7', 107410665)]",0.0,[],0.0,[],[],0,{},[],1.0,0,0,1.875,medium
CURTIS_H000527_T01_01_WG01,1,2,linear,34,1,1,"[('7', 107410665, 107410630)]","[('7', 107410630, '7', 107410665)]",0.0,[],1.0,"[('7', 107410630, '7', 107410665)]",0.0,[],0.0,[],[],0,{},[],1.0,0,0,1.875,medium
CURTIS_H000527_T01_01_WG01,1,3,linear,38,1,1,"[('7', 107410665, 107410626)]","[('7', 107410626, '7', 107410665)]",0.0,[],1.0,"[('7', 107410626, '7', 107410665)]",0.0,[],0.0,[],[],0,{},[],1.0,0,0,1.875,medium
CURTIS_H000527_T01_01_WG01,1,4,linear,51,1,1,"[('7', 107410665, 107410613)]","[('7', 107410613, '7', 107410665)]",0.0,[],1.0,"[('7', 107410613, '7', 107410665)]",0.0,[],0.0,[],[],0,{},[],1.0,0,0,1.875,medium
CURTIS_H000527_T01_01_WG01,1,5,linear,110560,1,1,"[('X', 84774029, 84663468)]","[('X', 84663468, 'X', 84774029)]",0.0,[],1.0,"[('X', 84663468, 'X', 84774029)]",0.0,[],0.0,[],[],0,{},[],0.0,0,0,1.5,medium
CURTIS_H000527_T01_01_WG01,1,6,linear,10561,1,1,"[('17', 65903103, 65892541)]","[('17', 65892541, '17', 65903103)]",0.0,[],1.0,"[('17', 65892541, '17', 65903103)]",0.0,[],0.0,[],[],0,{},[],0.0,0,0,1.5,medium
CURTIS_H000527_T01_01_WG01,1,7,linear,38,1,1,"[('7', 107410665, 107410626)]","[('7', 107410626, '7', 107410665)]",0.0,[],1.0,"[('7', 107410626, '7', 107410665)]",0.0,[],0.0,[],[],0,{},[],1.0,0,0,1.875,medium
CURTIS_H000527_T01_01_WG01,1,8,linear,38,1,1,"[('7', 107410665, 107410626)]","[('7', 107410626, '7', 107410665)]",0.0,[],1.0,"[('7', 107410626, '7', 107410665)]",0.0,[],0.0,[],[],0,{},[],1.0,0,0,1.875,medium
CURTIS_H000527_T01_01_WG01,1,9,linear,304720,1,1,"[('17', 62765621, 62460900)]","[('17', 62460900, '17', 62765621)]",0.0,[],1.0,"[('17', 62460900, '17', 62765621)]",0.0,[],0.0,[],[],0,"{'17': {'DDX5': {'type': ['oncogene', ' fusion'], 'loc': ('62495734', '62504317')}}}",['DDX5'],0.0,0,0,1.5,medium
CURTIS_H000529_T01_01_WG01,1,1,linear,1939950,1,1,"[('1', 120531451, 118591500)]","[('1', 118591500, '1', 120531451)]",0.0,[],1.0,"[('1', 118591500, '1', 120531451)]",0.0,[],0.0,[],[],0,{},[],0.0,0,0,1.5,medium
CURTIS_H000529_T01_01_WG01,1,2,linear,571798,1,1,"[('11', 69713099, 69141300)]","[('11', 69141300, '11', 69713099)]",0.0,[],1.0,"[('11', 69141300, '11', 69713099)]",0.0,[],0.0,[],[],0,"{'11': {'CCND1': {'type': ['oncogene', ' fusion'], 'loc': ('69455855', '69469242')}}}",['CCND1'],0.0,0,0,1.5,medium
CURTIS_H000529_T01_01_WG01,1,3,linear,20560,1,1,"[('1', 215862444, 215841883)]","[('1', 215841883, '1', 215862444)]",0.0,[],1.0,"[('1', 215841883, '1', 215862444)]",0.0,[],0.0,[],[],0,{},[],0.0,0,0,1.5,medium
CURTIS_H000530_T01_01_WG01,2,1,linear,655,2,2,"[('7', 107410615, 107410675), ('6', 148396021, 148395426)]","[('7', 107410675, '6', 148396021), ('6', 148395426, '7', 107410615)]",0.0,[],1.0,"[('7', 107410675, '6', 148396021), ('6', 148395426, '7', 107410615)]",0.0,[],0.0,[],[],0,{},[],1.0,0,0,1.875,medium
CURTIS_H000530_T01_01_WG01,2,2,linear,2199102,3,1,"[('17', 21178799, 20467954), ('17', 64231808, 64988089), ('17', 37230924, 37962899)]","[('17', 20467954, '17', 64231808), ('17', 64988089, '17', 37230924), ('17', 37962899, '17', 21178799)]",0.6666666666666666,"[('17', 20467954, '17', 64231808), ('17', 64988089, '17', 37230924)]",0.3333333333333333,"[('17', 37962899, '17', 21178799)]",0.0,[],0.0,[],[],0,"{'17': {'CDK12': {'type': ['TSG'], 'loc': ('37617764', '37721160')}, 'ERBB2': {'type': ['oncogene', ' fusion'], 'loc': ('37844167', '37886679')}}}","['CDK12', 'ERBB2']",0.0,0,2,0.5,high
CURTIS_H000530_T01_01_WG01,2,3,linear,187791,4,1,"[('17', 65403599, 65396284), ('17', 47365166, 47278063), ('17', 47279108, 47365166), ('17', 65396284, 65403599)]","[('17', 65396284, '17', 47365166), ('17', 47278063, '17', 47279108), ('17', 47365166, '17', 65396284), ('17', 65403599, '17', 65403599)]",1.0,"[('17', 65396284, '17', 47365166), ('17', 47365166, '17', 65396284)]",0.0,[],0.0,[],0.0,[],[],2,{},[],0.0,0,2,0.5,high
CURTIS_H000530_T01_01_WG01,2,4,linear,654,2,2,"[('7', 107410616, 107410675), ('6', 148396021, 148395426)]","[('7', 107410675, '6', 148396021), ('6', 148395426, '7', 107410616)]",0.0,[],1.0,"[('7', 107410675, '6', 148396021), ('6', 148395426, '7', 107410616)]",0.0,[],0.0,[],[],0,{},[],1.0,0,0,1.875,medium
CURTIS_H000532_T01_01_WG01,1,1,circular,780,1,1,"[('21', 43225985, 43226764)]","[('21', 43226764, '21', 43225985)]",0.0,[],1.0,"[('21', 43226764, '21', 43225985)]",0.0,[],0.0,[],[],0,{},[],0.0,1,0,1.5,medium
CURTIS_H000532_T01_01_WG01,1,2,linear,30524,1,1,"[('21', 43403992, 43373467)]","[('21', 43373467, '21', 43403992)]",0.0,[],1.0,"[('21', 43373467, '21', 43403992)]",0.0,[],0.0,[],[],0,{},[],0.0,0,0,1.5,medium
CURTIS_H000532_T01_01_WG01,1,3,linear,10524,1,1,"[('21', 38636554, 38626029)]","[('21', 38626029, '21', 38636554)]",0.0,[],1.0,"[('21', 38626029, '21', 38636554)]",0.0,[],0.0,[],[],0,{},[],0.0,0,0,1.5,medium
CURTIS_H000532_T01_01_WG01,1,4,linear,29398,2,1,"[('21', 43250408, 43227328), ('21', 43226202, 43219882)]","[('21', 43227328, '21', 43226202), ('21', 43219882, '21', 43250408)]",0.0,[],1.0,"[('21', 43219882, '21', 43250408)]",0.0,[],0.0,[],[],1,{},[],0.0,0,0,1.5,medium
CURTIS_H000532_T01_01_WG01,1,5,linear,10524,1,1,"[('21', 43353296, 43342771)]","[('21', 43342771, '21', 43353296)]",0.0,[],1.0,"[('21', 43342771, '21', 43353296)]",0.0,[],0.0,[],[],0,{},[],0.0,0,0,1.5,medium
CURTIS_H000532_T01_01_WG01,2,1,linear,470,1,1,"[('7', 107411151, 107410680)]","[('7', 107410680, '7', 107411151)]",0.0,[],1.0,"[('7', 107410680, '7', 107411151)]",0.0,[],0.0,[],[],0,{},[],1.0,0,0,1.875,medium
CURTIS_H000532_T01_01_WG01,2,2,linear,67,1,1,"[('7', 107410679, 107410611)]","[('7', 107410611, '7', 107410679)]",0.0,[],1.0,"[('7', 107410611, '7', 107410679)]",0.0,[],0.0,[],[],0,{},[],1.0,0,0,1.875,medium
CURTIS_H000532_T01_01_WG01,2,3,linear,27,1,1,"[('18', 68132447, 68132419)]","[('18', 68132419, '18', 68132447)]",0.0,[],1.0,"[('18', 68132419, '18', 68132447)]",0.0,[],0.0,[],[],0,{},[],1.0,0,0,1.875,medium
CURTIS_H000532_T01_01_WG01,2,4,linear,26,1,1,"[('6', 107307834, 107307807)]","[('6', 107307807, '6', 107307834)]",0.0,[],1.0,"[('6', 107307807, '6', 107307834)]",0.0,[],0.0,[],[],0,{},[],1.0,0,0,1.875,medium
CURTIS_H000532_T01_01_WG01,2,5,linear,21,1,1,"[('7', 107410652, 107410630)]","[('7', 107410630, '7', 107410652)]",0.0,[],1.0,"[('7', 107410630, '7', 107410652)]",0.0,[],0.0,[],[],0,{},[],1.0,0,0,1.875,medium
CURTIS_H000532_T01_01_WG01,2,6,linear,332,1,1,"[('9', 130837777, 130837444)]","[('9', 130837444, '9', 130837777)]",0.0,[],1.0,"[('9', 130837444, '9', 130837777)]",0.0,[],0.0,[],[],0,{},[],1.0,0,0,1.875,medium
CURTIS_H000532_T01_01_WG01,2,7,linear,49,1,1,"[('7', 107410679, 107410629)]","[('7', 107410629, '7', 107410679)]",0.0,[],1.0,"[('7', 107410629, '7', 107410679)]",0.0,[],0.0,[],[],0,{},[],1.0,0,0,1.875,medium
CURTIS_H000532_T01_01_WG01,2,8,linear,49,1,1,"[('7', 107410679, 107410629)]","[('7', 107410629, '7', 107410679)]",0.0,[],1.0,"[('7', 107410629, '7', 107410679)]",0.0,[],0.0,[],[],0,{},[],1.0,0,0,1.875,medium
CURTIS_H000532_T01_01_WG01,2,10,linear,25,1,1,"[('7', 107410652, 107410626)]","[('7', 107410626, '7', 107410652)]",0.0,[],1.0,"[('7', 107410626, '7', 107410652)]",0.0,[],0.0,[],[],0,{},[],1.0,0,0,1.875,medium
CURTIS_H000532_T01_01_WG01,2,11,linear,50,1,1,"[('7', 107410679, 107410628)]","[('7', 107410628, '7', 107410679)]",0.0,[],1.0,"[('7', 107410628, '7', 107410679)]",0.0,[],0.0,[],[],0,{},[],1.0,0,0,1.875,medium
CURTIS_H000532_T01_01_WG01,2,12,linear,52,1,1,"[('7', 107410679, 107410626)]","[('7', 107410626, '7', 107410679)]",0.0,[],1.0,"[('7', 107410626, '7', 107410679)]",0.0,[],0.0,[],[],0,{},[],1.0,0,0,1.875,medium
CURTIS_H000532_T01_01_WG01,2,13,linear,52,1,1,"[('7', 107410679, 107410626)]","[('7', 107410626, '7', 107410679)]",0.0,[],1.0,"[('7', 107410626, '7', 107410679)]",0.0,[],0.0,[],[],0,{},[],1.0,0,0,1.875,medium
CURTIS_H000532_T01_01_WG01,2,14,linear,52,1,1,"[('7', 107410679, 107410626)]","[('7', 107410626, '7', 107410679)]",0.0,[],1.0,"[('7', 107410626, '7', 107410679)]",0.0,[],0.0,[],[],0,{},[],1.0,0,0,1.875,medium
CURTIS_H000532_T01_01_WG01,2,15,linear,522,1,1,"[('7', 107411151, 107410628)]","[('7', 107410628, '7', 107411151)]",0.0,[],1.0,"[('7', 107410628, '7', 107411151)]",0.0,[],0.0,[],[],0,{},[],1.0,0,0,1.875,medium
CURTIS_H000532_T01_01_WG01,2,16,linear,523,1,1,"[('7', 107411151, 107410627)]","[('7', 107410627, '7', 107411151)]",0.0,[],1.0,"[('7', 107410627, '7', 107411151)]",0.0,[],0.0,[],[],0,{},[],1.0,0,0,1.875,medium
CURTIS_H000532_T01_01_WG01,2,17,linear,991,1,1,"[('6', 107308799, 107307807)]","[('6', 107307807, '6', 107308799)]",0.0,[],1.0,"[('6', 107307807, '6', 107308799)]",0.0,[],0.0,[],[],0,{},[],0.0,0,0,1.5,medium
CURTIS_H000532_T01_01_WG01,2,18,linear,2309398,1,1,"[('6', 132811799, 130502400)]","[('6', 130502400, '6', 132811799)]",0.0,[],1.0,"[('6', 130502400, '6', 132811799)]",0.0,[],0.0,[],[],0,{},[],0.0,0,0,1.5,medium
CURTIS_H000532_T01_01_WG01,2,19,circular,8503178,3,1,"[('6', 105244135, 108137477), ('6', 130497327, 133341833), ('6', 133347884, 136113211)]","[('6', 108137477, '6', 130497327), ('6', 133341833, '6', 133347884), ('6', 136113211, '6', 105244135)]",0.6666666666666666,"[('6', 108137477, '6', 130497327), ('6', 136113211, '6', 105244135)]",0.3333333333333333,"[('6', 133341833, '6', 133347884)]",0.0,[],1.0,"[('6', 133341833), ('6', 133347884)]","['Low_Mappability', 'Low_Mappability']",0,"{'6': {'MYB': {'type': ['oncogene', ' fusion'], 'loc': ('135502453', '135540311')}, 'PRDM1': {'type': ['TSG'], 'loc': ('106534195', '106557814')}, 'SGK1': {'type': ['oncogene'], 'loc': ('134490384', '134639250')}}}","['MYB', 'PRDM1', 'SGK1']",1.0,1,1,1.4375,medium
CURTIS_H000532_T01_01_WG01,2,20,circular,1031,1,1,"[('7', 128860432, 128861462)]","[('7', 128861462, '7', 128860432)]",0.0,[],1.0,"[('7', 128861462, '7', 128860432)]",0.0,[],0.0,[],[],0,{},[],0.0,1,0,1.5,medium
CURTIS_H000532_T01_01_WG01,2,21,linear,6866894,3,2,"[('6', 108134399, 106477091), ('3', 84382243, 87082262), ('3', 87083768, 84574200)]","[('6', 106477091, '3', 84382243), ('3', 87082262, '3', 87083768), ('3', 84574200, '6', 108134399)]",0.0,[],1.0,"[('6', 106477091, '3', 84382243), ('3', 84574200, '6', 108134399)]",0.0,[],0.0,[],[],1,"{'6': {'PRDM1': {'type': ['TSG'], 'loc': ('106534195', '106557814')}}}",['PRDM1'],1.0,0,0,1.875,medium
CURTIS_H000532_T01_01_WG01,2,22,circular,6739699,7,2,"[('6', 130497327, 133341833), ('6', 133347884, 133899525), ('6', 135279674, 135278031), ('6', 106313405, 108137477), ('12', 97679747, 96342954), ('12', 96340354, 96236326), ('12', 96233591, 96156574)]","[('6', 133341833, '6', 133347884), ('6', 133899525, '12', 97679747), ('12', 96342954, '12', 96340354), ('12', 96236326, '12', 96233591), ('12', 96156574, '6', 135279674), ('6', 135278031, '6', 106313405), ('6', 108137477, '6', 130497327)]",0.2857142857142857,"[('6', 135278031, '6', 106313405), ('6', 108137477, '6', 130497327)]",0.7142857142857143,"[('6', 133341833, '6', 133347884), ('6', 133899525, '12', 97679747), ('12', 96342954, '12', 96340354), ('12', 96236326, '12', 96233591), ('12', 96156574, '6', 135279674)]",0.0,[],1.0,"[('6', 133341833), ('6', 133347884)]","['Low_Mappability', 'Low_Mappability']",0,"{'6': {'PRDM1': {'type': ['TSG'], 'loc': ('106534195', '106557814')}}}",['PRDM1'],1.0,1,1,1.9375,medium
CURTIS_H000532_T01_01_WG01,2,23,linear,10524,1,1,"[('7', 107411151, 107400626)]","[('7', 107400626, '7', 107411151)]",0.0,[],1.0,"[('7', 107400626, '7', 107411151)]",0.0,[],0.0,[],[],0,{},[],0.0,0,0,1.5,medium
CURTIS_H000536_T01_01_WG01,4,1,linear,103498,1,1,"[('8', 86837399, 86733900)]","[('8', 86733900, '8', 86837399)]",0.0,[],1.0,"[('8', 86733900, '8', 86837399)]",0.0,[],1.0,"[('8', 86733900), ('8', 86837399)]","['High_Signal_Region', 'High_Signal_Region']",0,{},[],0.0,0,1,2.0625,low
CURTIS_H000536_T01_01_WG01,4,2,linear,22199,1,1,"[('8', 86589900, 86567700)]","[('8', 86567700, '8', 86589900)]",0.0,[],1.0,"[('8', 86567700, '8', 86589900)]",0.0,[],1.0,"[('8', 86567700), ('8', 86589900)]","['High_Signal_Region', 'High_Signal_Region']",0,{},[],0.0,0,1,2.0625,low
CURTIS_H000536_T01_01_WG01,4,3,circular,1339,1,1,"[('21', 47467271, 47468609)]","[('21', 47468609, '21', 47467271)]",0.0,[],1.0,"[('21', 47468609, '21', 47467271)]",0.0,[],0.0,[],[],0,{},[],0.0,1,0,1.5,medium
CURTIS_H000536_T01_01_WG01,4,4,linear,10593,1,1,"[('21', 40636011, 40625417)]","[('21', 40625417, '21', 40636011)]",0.0,[],1.0,"[('21', 40625417, '21', 40636011)]",0.0,[],0.0,[],[],0,{},[],0.0,0,0,1.5,medium
CURTIS_H000536_T01_01_WG01,1,1,linear,692515,4,1,"[('19', 7018499, 6861162), ('19', 6858802, 6810418), ('19', 6811045, 6858802), ('19', 6861162, 7300199)]","[('19', 6861162, '19', 6858802), ('19', 6810418, '19', 6811045), ('19', 6858802, '19', 6861162), ('19', 7300199, '19', 7018499)]",0.0,[],1.0,"[('19', 6861162, '19', 6858802), ('19', 6858802, '19', 6861162), ('19', 7300199, '19', 7018499)]",0.0,[],0.0,[],[],1,{},[],0.0,0,0,1.5,medium
CURTIS_H000536_T01_01_WG01,5,1,linear,92303,1,1,"[('8', 103423218, 103330914)]","[('8', 103330914, '8', 103423218)]",0.0,[],1.0,"[('8', 103330914, '8', 103423218)]",0.0,[],0.0,[],[],0,{},[],0.0,0,0,1.5,medium
CURTIS_H000537_T01_01_WG01,1,1,linear,985497,1,1,"[('17', 59095499, 58110001)]","[('17', 58110001, '17', 59095499)]",0.0,[],1.0,"[('17', 58110001, '17', 59095499)]",0.0,[],0.0,[],[],0,"{'17': {'PPM1D': {'type': ['oncogene'], 'loc': ('58677544', '58741849')}}}",['PPM1D'],0.0,0,0,1.5,medium
CURTIS_H000540_T01_01_WG01,6,1,linear,17098,1,1,"[('8', 86570099, 86553000)]","[('8', 86553000, '8', 86570099)]",0.0,[],1.0,"[('8', 86553000, '8', 86570099)]",0.0,[],1.0,"[('8', 86570099)]",['High_Signal_Region'],0,{},[],0.0,0,1,2.0625,low
CURTIS_H000540_T01_01_WG01,6,2,linear,98698,1,1,"[('8', 86837699, 86739000)]","[('8', 86739000, '8', 86837699)]",0.0,[],1.0,"[('8', 86739000, '8', 86837699)]",0.0,[],1.0,"[('8', 86739000), ('8', 86837699)]","['High_Signal_Region', 'High_Signal_Region']",0,{},[],0.0,0,1,2.0625,low
CURTIS_H000540_T01_01_WG01,8,1,linear,361058,1,1,"[('1', 145747815, 145386756)]","[('1', 145386756, '1', 145747815)]",0.0,[],1.0,"[('1', 145386756, '1', 145747815)]",0.0,[],1.0,"[('1', 145386756)]",['High_Signal_Region'],0,{},[],0.0,0,1,2.0625,low
CURTIS_H000540_T01_01_WG01,9,1,linear,816519,1,1,"[('1', 147394255, 146577735)]","[('1', 146577735, '1', 147394255)]",0.0,[],1.0,"[('1', 146577735, '1', 147394255)]",0.0,[],0.0,[],[],0,"{'1': {'BCL9': {'type': ['oncogene', ' fusion'], 'loc': ('147013182', '147098017')}}}",['BCL9'],0.0,0,0,1.5,medium
CURTIS_H000547_T01_01_WG01,1,1,circular,1611,1,1,"[('17', 37687141, 37688751)]","[('17', 37688751, '17', 37687141)]",0.0,[],1.0,"[('17', 37688751, '17', 37687141)]",0.0,[],0.0,[],[],0,{},[],0.0,1,0,1.5,medium
CURTIS_H000547_T01_01_WG01,1,2,linear,456598,1,1,"[('17', 38136899, 37680300)]","[('17', 37680300, '17', 38136899)]",0.0,[],1.0,"[('17', 37680300, '17', 38136899)]",0.0,[],0.0,[],[],0,"{'17': {'ERBB2': {'type': ['oncogene', ' fusion'], 'loc': ('37844167', '37886679')}, 'IKZF3': {'type': ['oncogene', ' TSG', ' fusion'], 'loc': ('37921198', '38020441')}}}","['ERBB2', 'IKZF3']",0.0,0,0,1.5,medium
CURTIS_H000547_T01_01_WG01,1,3,linear,215998,1,1,"[('17', 38136899, 37920900)]","[('17', 37920900, '17', 38136899)]",0.0,[],1.0,"[('17', 37920900, '17', 38136899)]",0.0,[],0.0,[],[],0,"{'17': {'IKZF3': {'type': ['oncogene', ' TSG', ' fusion'], 'loc': ('37921198', '38020441')}}}",['IKZF3'],0.0,0,0,1.5,medium
CURTIS_H000548_T01_01_WG01,1,1,linear,420481,1,1,"[('17', 59193995, 58773513)]","[('17', 58773513, '17', 59193995)]",0.0,[],1.0,"[('17', 58773513, '17', 59193995)]",0.0,[],0.0,[],[],0,{},[],0.0,0,0,1.5,medium
CURTIS_H000548_T01_01_WG01,1,2,linear,200480,1,1,"[('17', 76788759, 76588278)]","[('17', 76588278, '17', 76788759)]",0.0,[],1.0,"[('17', 76588278, '17', 76788759)]",0.0,[],0.0,[],[],0,{},[],0.0,0,0,1.5,medium
CURTIS_H000548_T01_01_WG01,1,3,linear,1414877,2,1,"[('17', 65731128, 65751610), ('17', 38435395, 37041000)]","[('17', 65751610, '17', 38435395), ('17', 37041000, '17', 65731128)]",0.5,"[('17', 65751610, '17', 38435395)]",0.5,"[('17', 37041000, '17', 65731128)]",0.0,[],0.0,[],[],0,"{'17': {'CDK12': {'type': ['TSG'], 'loc': ('37617764', '37721160')}, 'ERBB2': {'type': ['oncogene', ' fusion'], 'loc': ('37844167', '37886679')}, 'IKZF3': {'type': ['oncogene', ' TSG', ' fusion'], 'loc': ('37921198', '38020441')}}}","['CDK12', 'ERBB2', 'IKZF3']",0.0,0,2,0.5,high
CURTIS_H000553_T01_01_WG01,2,1,linear,10534,1,1,"[('8', 81689464, 81678929)]","[('8', 81678929, '8', 81689464)]",0.0,[],1.0,"[('8', 81678929, '8', 81689464)]",0.0,[],0.0,[],[],0,{},[],0.0,0,0,1.5,medium
CURTIS_H000553_T01_01_WG01,2,2,linear,572731,2,1,"[('11', 69713099, 69401408), ('11', 69400842, 69139800)]","[('11', 69401408, '11', 69400842), ('11', 69139800, '11', 69713099)]",0.0,[],1.0,"[('11', 69139800, '11', 69713099)]",0.0,[],0.0,[],[],1,"{'11': {'CCND1': {'type': ['oncogene', ' fusion'], 'loc': ('69455855', '69469242')}}}",['CCND1'],0.0,0,0,1.5,medium
CURTIS_H000553_T01_01_WG01,1,1,circular,383327,2,1,"[('8', 39001895, 39197179), ('8', 39188702, 39000659)]","[('8', 39197179, '8', 39188702), ('8', 39000659, '8', 39001895)]",1.0,"[('8', 39197179, '8', 39188702)]",0.0,[],0.0,[],0.0,[],[],1,{},[],0.0,1,2,0.5,high
CURTIS_H000553_T01_01_WG01,1,2,circular,1191426,2,1,"[('8', 38714971, 39461293), ('8', 37249268, 37694370)]","[('8', 39461293, '8', 37249268), ('8', 37694370, '8', 38714971)]",1.0,"[('8', 39461293, '8', 37249268), ('8', 37694370, '8', 38714971)]",0.0,[],0.0,[],0.0,[],[],0,{},[],0.0,1,2,0.5,high
CURTIS_H000553_T01_01_WG01,3,1,linear,534,1,1,"[('Y', 2845269, 2844734)]","[('Y', 2844734, 'Y', 2845269)]",0.0,[],1.0,"[('Y', 2844734, 'Y', 2845269)]",0.0,[],0.0,[],[],0,{},[],1.0,0,0,1.875,medium
CURTIS_H000553_T01_01_WG01,3,2,linear,20533,1,1,"[('17', 25483380, 25462846)]","[('17', 25462846, '17', 25483380)]",0.0,[],1.0,"[('17', 25462846, '17', 25483380)]",0.5,"[('17', 25462846, '17', 27776171)]",0.0,[],[],0,{},[],0.0,0,0,1.75,medium
CURTIS_H000555_T01_01_WG01,1,1,circular,511328,2,1,"[('3', 177415460, 177926709), ('3', 178476539, 178476460)]","[('3', 177926709, '3', 178476539), ('3', 178476460, '3', 177415460)]",0.5,"[('3', 177926709, '3', 178476539)]",0.5,"[('3', 178476460, '3', 177415460)]",0.5,"[('3', 178476460, '3', 177926715), ('3', 178476460, '3', 178042699)]",0.0,[],[],0,{},[],0.0,1,2,0.75,high
CURTIS_H000555_T01_01_WG01,1,2,circular,65547,2,1,"[('3', 177515885, 177550695), ('3', 177549780, 177519043)]","[('3', 177550695, '3', 177549780), ('3', 177519043, '3', 177515885)]",0.0,[],1.0,"[('3', 177519043, '3', 177515885)]",0.0,[],0.0,[],[],1,{},[],0.0,1,0,1.5,medium
CURTIS_H000555_T01_01_WG01,1,3,circular,153739,2,1,"[('3', 177574945, 177653015), ('3', 177646380, 177570711)]","[('3', 177653015, '3', 177646380), ('3', 177570711, '3', 177574945)]",0.0,[],1.0,"[('3', 177653015, '3', 177646380), ('3', 177570711, '3', 177574945)]",0.25,"[('3', 177646380, '3', 177646121)]",0.0,[],[],0,{},[],0.0,1,0,1.625,medium
CURTIS_H000555_T01_01_WG01,1,5,circular,85671,2,1,"[('3', 178324689, 178367944), ('3', 178369397, 178326981)]","[('3', 178367944, '3', 178369397), ('3', 178326981, '3', 178324689)]",0.0,[],1.0,"[('3', 178326981, '3', 178324689)]",0.0,[],0.0,[],[],1,{},[],0.0,1,0,1.5,medium
CURTIS_H000555_T01_01_WG01,1,6,circular,919651,4,1,"[('3', 178550871, 178968818), ('3', 177254467, 177567122), ('3', 177927135, 178042707), ('3', 178476660, 178550133)]","[('3', 178968818, '3', 177254467), ('3', 177567122, '3', 177927135), ('3', 178042707, '3', 178476660), ('3', 178550133, '3', 178550871)]",0.6666666666666666,"[('3', 178968818, '3', 177254467), ('3', 177567122, '3', 177927135)]",0.3333333333333333,"[('3', 178042707, '3', 178476660)]",0.5,"[('3', 178042707, '3', 178476521), ('3', 178042707, '3', 178476849)]",0.0,[],[],1,"{'3': {'PIK3CA': {'type': ['oncogene'], 'loc': ('178865902', '178957881')}}}",['PIK3CA'],0.0,1,2,0.75,high
CURTIS_H000555_T01_01_WG01,1,8,circular,104143,2,1,"[('3', 177678098, 177730580), ('3', 177727469, 177675808)]","[('3', 177730580, '3', 177727469), ('3', 177675808, '3', 177678098)]",0.0,[],1.0,"[('3', 177730580, '3', 177727469), ('3', 177675808, '3', 177678098)]",0.0,[],0.0,[],[],0,{},[],0.0,1,0,1.5,medium
CURTIS_H000555_T01_01_WG01,1,9,circular,56465,2,1,"[('3', 178440443, 178469875), ('3', 178466151, 178439118)]","[('3', 178469875, '3', 178466151), ('3', 178439118, '3', 178440443)]",0.0,[],1.0,"[('3', 178469875, '3', 178466151)]",0.0,[],0.0,[],[],1,{},[],0.0,1,0,1.5,medium
CURTIS_H000555_T01_01_WG01,1,10,circular,444212,2,1,"[('3', 178734340, 178957319), ('3', 178953689, 178732456)]","[('3', 178957319, '3', 178953689), ('3', 178732456, '3', 178734340)]",0.0,[],1.0,"[('3', 178957319, '3', 178953689)]",0.0,[],0.0,[],[],1,{},[],0.0,1,0,1.5,medium
CURTIS_H000555_T01_01_WG01,1,11,circular,283970,2,1,"[('3', 177993223, 178136347), ('3', 178138052, 177997206)]","[('3', 178136347, '3', 178138052), ('3', 177997206, '3', 177993223)]",0.0,[],1.0,"[('3', 177997206, '3', 177993223)]",0.0,[],0.0,[],[],1,{},[],0.0,1,0,1.5,medium
CURTIS_H000555_T01_01_WG01,1,12,circular,69512,2,1,"[('3', 178390673, 178429144), ('3', 178425985, 178394944)]","[('3', 178429144, '3', 178425985), ('3', 178394944, '3', 178390673)]",0.0,[],1.0,"[('3', 178429144, '3', 178425985), ('3', 178394944, '3', 178390673)]",0.25,"[('3', 178429144, '3', 178428856)]",0.0,[],[],0,{},[],0.0,1,0,1.625,medium
CURTIS_H000555_T01_01_WG01,1,13,circular,50143,2,1,"[('3', 177923752, 177949833), ('3', 177946824, 177922762)]","[('3', 177949833, '3', 177946824), ('3', 177922762, '3', 177923752)]",0.0,[],1.0,"[('3', 177949833, '3', 177946824)]",0.0,[],0.0,[],[],1,{},[],0.0,1,0,1.5,medium
CURTIS_H000555_T01_01_WG01,1,16,circular,105173,2,1,"[('3', 178598426, 178654166), ('3', 178650205, 178600772)]","[('3', 178654166, '3', 178650205), ('3', 178600772, '3', 178598426)]",0.0,[],1.0,"[('3', 178654166, '3', 178650205), ('3', 178600772, '3', 178598426)]",0.0,[],0.0,[],[],0,{},[],0.0,1,0,1.5,medium
CURTIS_H000555_T01_01_WG01,1,17,circular,145867,4,1,"[('3', 178550871, 178590523), ('3', 178587177, 178550871), ('3', 178550133, 178515709), ('3', 178514648, 178550133)]","[('3', 178590523, '3', 178587177), ('3', 178550871, '3', 178550133), ('3', 178515709, '3', 178514648), ('3', 178550133, '3', 178550871)]",0.0,[],1.0,"[('3', 178590523, '3', 178587177)]",0.0,[],0.0,[],[],3,{},[],0.0,1,0,1.5,medium
CURTIS_H000555_T01_01_WG01,1,19,circular,50300,2,1,"[('3', 178649024, 178677026), ('3', 178675448, 178653150)]","[('3', 178677026, '3', 178675448), ('3', 178653150, '3', 178649024)]",0.0,[],1.0,"[('3', 178653150, '3', 178649024)]",0.0,[],0.0,[],[],1,{},[],0.0,1,0,1.5,medium
CURTIS_H000555_T01_01_WG01,1,21,circular,95716,2,1,"[('3', 178434271, 178483776), ('3', 178480817, 178434606)]","[('3', 178483776, '3', 178480817), ('3', 178434606, '3', 178434271)]",0.0,[],1.0,"[('3', 178483776, '3', 178480817)]",0.0,[],0.0,[],[],1,{},[],0.0,1,0,1.5,medium
CURTIS_H000555_T01_01_WG01,1,118,circular,344426,2,1,"[('3', 177749482, 177923319), ('3', 177922241, 177751652)]","[('3', 177923319, '3', 177922241), ('3', 177751652, '3', 177749482)]",0.0,[],1.0,"[('3', 177751652, '3', 177749482)]",0.0,[],0.0,[],[],1,{},[],0.0,1,0,1.5,medium
CURTIS_H000558_T01_01_WG01,3,1,circular,1165111,5,2,"[('8', 12757249, 13732141), ('8', 19755675, 19756074), ('8', 12715280, 12713118), ('17', 37702947, 37890372), ('17', 46942315, 46942083)]","[('8', 13732141, '17', 37702947), ('17', 37890372, '17', 46942315), ('17', 46942083, '8', 19755675), ('8', 19756074, '8', 12715280), ('8', 12713118, '8', 12757249)]",0.4,"[('17', 37890372, '17', 46942315), ('8', 12713118, '8', 12757249)]",0.6,"[('8', 13732141, '17', 37702947), ('17', 46942083, '8', 19755675), ('8', 19756074, '8', 12715280)]",0.0,[],0.0,[],[],0,"{'17': {'ERBB2': {'type': ['oncogene', ' fusion'], 'loc': ('37844167', '37886679')}}}",['ERBB2'],0.0,1,2,1.0,medium
CURTIS_H000558_T01_01_WG01,3,2,linear,220569,1,1,"[('17', 30575576, 30355006)]","[('17', 30355006, '17', 30575576)]",0.0,[],1.0,"[('17', 30355006, '17', 30575576)]",0.0,[],0.0,[],[],0,{},[],0.0,0,0,1.5,medium
CURTIS_H000558_T01_01_WG01,3,3,circular,2536646,9,3,"[('8', 38143510, 39207697), ('8', 20488734, 20402057), ('8', 20674945, 20654720), ('8', 18023703, 18454620), ('8', 18455944, 18517092), ('8', 38143404, 38141340), ('X', 4782674, 4663858), ('17', 47042681, 46942362), ('17', 37433908, 38086202)]","[('8', 39207697, 'X', 4782674), ('X', 4663858, '17', 47042681), ('17', 46942362, '8', 20488734), ('8', 20402057, '8', 20674945), ('8', 20654720, '17', 37433908), ('17', 38086202, '8', 18023703), ('8', 18454620, '8', 18455944), ('8', 18517092, '8', 38143404), ('8', 38141340, '8', 38143510)]",0.125,"[('8', 20402057, '8', 20674945)]",0.875,"[('8', 39207697, 'X', 4782674), ('X', 4663858, '17', 47042681), ('17', 46942362, '8', 20488734), ('8', 20654720, '17', 37433908), ('17', 38086202, '8', 18023703), ('8', 18517092, '8', 38143404), ('8', 38141340, '8', 38143510)]",0.0,[],0.0,[],[],1,"{'8': {'FGFR1': {'type': ['oncogene', ' fusion'], 'loc': ('38268656', '38326352')}}, '17': {'CDK12': {'type': ['TSG'], 'loc': ('37617764', '37721160')}, 'ERBB2': {'type': ['oncogene', ' fusion'], 'loc': ('37844167', '37886679')}, 'IKZF3': {'type': ['oncogene', ' TSG', ' fusion'], 'loc': ('37921198', '38020441')}}}","['FGFR1', 'CDK12', 'ERBB2', 'IKZF3']",1.0,1,0,1.375,medium
CURTIS_H000558_T01_01_WG01,3,4,linear,2153636,8,2,"[('17', 47278572, 46942362), ('17', 37433908, 38086202), ('8', 20488734, 20402057), ('8', 20674945, 20654720), ('8', 18023703, 18454620), ('8', 18455944, 18517092), ('8', 38143404, 38141340), ('8', 38143510, 38707611)]","[('17', 46942362, '8', 20488734), ('8', 20402057, '8', 20674945), ('8', 20654720, '17', 37433908), ('17', 38086202, '8', 18023703), ('8', 18454620, '8', 18455944), ('8', 18517092, '8', 38143404), ('8', 38141340, '8', 38143510), ('8', 38707611, '17', 47278572)]",0.1428571428571428,"[('8', 20402057, '8', 20674945)]",0.8571428571428571,"[('17', 46942362, '8', 20488734), ('8', 20654720, '17', 37433908), ('17', 38086202, '8', 18023703), ('8', 18517092, '8', 38143404), ('8', 38141340, '8', 38143510), ('8', 38707611, '17', 47278572)]",0.0,[],0.0,[],[],1,"{'17': {'CDK12': {'type': ['TSG'], 'loc': ('37617764', '37721160')}, 'ERBB2': {'type': ['oncogene', ' fusion'], 'loc': ('37844167', '37886679')}, 'IKZF3': {'type': ['oncogene', ' TSG', ' fusion'], 'loc': ('37921198', '38020441')}}, '8': {'FGFR1': {'type': ['oncogene', ' fusion'], 'loc': ('38268656', '38326352')}}}","['CDK12', 'ERBB2', 'IKZF3', 'FGFR1']",0.0,0,0,1.0,medium
CURTIS_H000558_T01_01_WG01,3,5,circular,4037145,8,3,"[('8', 39365083, 40570762), ('8', 39207697, 38143510), ('8', 38141340, 38143404), ('8', 18517092, 18455944), ('8', 18454620, 18023703), ('X', 4614755, 4782674), ('17', 38086202, 37856124), ('17', 50157419, 49282264)]","[('8', 40570762, 'X', 4614755), ('X', 4782674, '8', 39207697), ('8', 38143510, '8', 38141340), ('8', 38143404, '8', 18517092), ('8', 18455944, '8', 18454620), ('8', 18023703, '17', 38086202), ('17', 37856124, '17', 50157419), ('17', 49282264, '8', 39365083)]",0.0,[],1.0,"[('8', 40570762, 'X', 4614755), ('X', 4782674, '8', 39207697), ('8', 38143510, '8', 38141340), ('8', 38143404, '8', 18517092), ('8', 18023703, '17', 38086202), ('17', 37856124, '17', 50157419), ('17', 49282264, '8', 39365083)]",0.0,[],0.0,[],[],1,"{'8': {'FGFR1': {'type': ['oncogene', ' fusion'], 'loc': ('38268656', '38326352')}}, '17': {'IKZF3': {'type': ['oncogene', ' TSG', ' fusion'], 'loc': ('37921198', '38020441')}}}","['FGFR1', 'IKZF3']",1.0,1,0,1.875,medium
CURTIS_H000558_T01_01_WG01,3,6,linear,1083619,5,2,"[('8', 18026700, 18454620), ('8', 18455944, 18517092), ('8', 38143404, 38141340), ('8', 38143510, 38578187), ('17', 37978209, 37820400)]","[('8', 18454620, '8', 18455944), ('8', 18517092, '8', 38143404), ('8', 38141340, '8', 38143510), ('8', 38578187, '17', 37978209), ('17', 37820400, '8', 18026700)]",0.0,[],1.0,"[('8', 18517092, '8', 38143404), ('8', 38141340, '8', 38143510), ('8', 38578187, '17', 37978209), ('17', 37820400, '8', 18026700)]",0.0,[],0.0,[],[],1,"{'8': {'FGFR1': {'type': ['oncogene', ' fusion'], 'loc': ('38268656', '38326352')}}, '17': {'ERBB2': {'type': ['oncogene', ' fusion'], 'loc': ('37844167', '37886679')}}}","['FGFR1', 'ERBB2']",0.0,0,0,1.5,medium
CURTIS_H000559_T01_01_WG01,2,1,linear,2097015,1,1,"[('1', 162607516, 160510500)]","[('1', 160510500, '1', 162607516)]",0.0,[],1.0,"[('1', 160510500, '1', 162607516)]",0.0,[],0.0,[],[],0,"{'1': {'FCGR2B': {'type': ['oncogene', ' fusion'], 'loc': ('161551101', '161648444')}, 'SDHC': {'type': ['TSG'], 'loc': ('161284047', '161332984')}}}","['FCGR2B', 'SDHC']",0.0,0,0,1.5,medium
CURTIS_H000570_T01_01_WG01,5,1,circular,1403,1,1,"[('1', 115680511, 115681913)]","[('1', 115681913, '1', 115680511)]",0.0,[],1.0,"[('1', 115681913, '1', 115680511)]",0.0,[],0.0,[],[],0,{},[],0.0,1,0,1.5,medium
CURTIS_H000570_T01_01_WG01,5,2,linear,2823080,6,1,"[('1', 115004100, 115680816), ('1', 115681933, 116229487), ('1', 116232837, 116419778), ('1', 116420436, 116232837), ('1', 116229487, 115681933), ('1', 115680816, 115004100)]","[('1', 115680816, '1', 115681933), ('1', 116229487, '1', 116232837), ('1', 116419778, '1', 116420436), ('1', 116232837, '1', 116229487), ('1', 115681933, '1', 115680816), ('1', 115004100, '1', 115004100)]",0.0,[],1.0,"[('1', 116229487, '1', 116232837), ('1', 116232837, '1', 116229487)]",0.0,[],0.0,[],[],4,"{'1': {'NRAS': {'type': ['oncogene'], 'loc': ('115247090', '115259515')}}}","['NRAS', 'NRAS']",1.0,0,0,1.875,medium
CURTIS_H000570_T01_01_WG01,5,3,circular,714,2,2,"[('11', 76903849, 76904504), ('19', 14706785, 14706842)]","[('11', 76904504, '19', 14706785), ('19', 14706842, '11', 76903849)]",0.0,[],1.0,"[('11', 76904504, '19', 14706785), ('19', 14706842, '11', 76903849)]",0.0,[],0.0,[],[],0,{},[],0.0,1,0,1.5,medium
CURTIS_H000570_T01_01_WG01,5,4,linear,5522881,3,1,"[('1', 120531451, 116232837), ('1', 116229487, 115681933), ('1', 115680816, 115004100)]","[('1', 116232837, '1', 116229487), ('1', 115681933, '1', 115680816), ('1', 115004100, '1', 120531451)]",0.0,[],1.0,"[('1', 116232837, '1', 116229487), ('1', 115004100, '1', 120531451)]",0.0,[],0.0,[],[],1,"{'1': {'ATP1A1': {'type': ['oncogene', ' TSG'], 'loc': ('116915290', '116952883')}, 'NRAS': {'type': ['oncogene'], 'loc': ('115247090', '115259515')}, 'TENT5C': {'type': ['TSG'], 'loc': ('118148556', '118170994')}}}","['ATP1A1', 'NRAS', 'TENT5C']",1.0,0,0,1.875,medium
CURTIS_H000570_T01_01_WG01,5,5,linear,987631,1,1,"[('1', 115991732, 115004100)]","[('1', 115004100, '1', 115991732)]",0.0,[],1.0,"[('1', 115004100, '1', 115991732)]",0.0,[],0.0,[],[],0,"{'1': {'NRAS': {'type': ['oncogene'], 'loc': ('115247090', '115259515')}}}",['NRAS'],0.0,0,0,1.5,medium
CURTIS_H000570_T01_01_WG01,5,6,linear,1405229,3,1,"[('1', 116413799, 116232837), ('1', 116229487, 115681933), ('1', 115680816, 115004100)]","[('1', 116232837, '1', 116229487), ('1', 115681933, '1', 115680816), ('1', 115004100, '1', 116413799)]",0.0,[],1.0,"[('1', 116232837, '1', 116229487), ('1', 115004100, '1', 116413799)]",0.0,[],0.0,[],[],1,"{'1': {'NRAS': {'type': ['oncogene'], 'loc': ('115247090', '115259515')}}}",['NRAS'],0.0,0,0,1.5,medium
CURTIS_H000570_T01_01_WG01,5,7,linear,1105553,1,1,"[('19', 16920654, 15815100)]","[('19', 15815100, '19', 16920654)]",0.0,[],1.0,"[('19', 15815100, '19', 16920654)]",0.0,[],0.0,[],[],0,"{'19': {'TPM4': {'type': ['fusion'], 'loc': ('16177831', '16213813')}}}",['TPM4'],0.0,0,0,1.5,medium
CURTIS_H000577_T01_01_WG01,1,1,linear,10741,1,1,"[('12', 6638985, 6628243)]","[('12', 6628243, '12', 6638985)]",0.0,[],1.0,"[('12', 6628243, '12', 6638985)]",0.0,[],0.0,[],[],0,{},[],0.0,0,0,1.5,medium
CURTIS_H000581_T01_01_WG01,1,1,circular,103108,5,1,"[('12', 22849238, 22902091), ('12', 25492474, 25507335), ('12', 25499527, 25492474), ('12', 22902091, 22901221), ('12', 25438345, 25465815)]","[('12', 22902091, '12', 25492474), ('12', 25507335, '12', 25499527), ('12', 25492474, '12', 22902091), ('12', 22901221, '12', 25438345), ('12', 25465815, '12', 22849238)]",0.6,"[('12', 22902091, '12', 25492474), ('12', 25507335, '12', 25499527), ('12', 25492474, '12', 22902091)]",0.4,"[('12', 22901221, '12', 25438345), ('12', 25465815, '12', 22849238)]",0.0,[],0.0,[],[],0,{},[],0.0,1,2,0.5,high
CURTIS_H000581_T01_01_WG01,1,2,circular,909841,7,1,"[('12', 23004917, 23575357), ('12', 25310600, 25433276), ('12', 19684231, 19879389), ('12', 25444800, 25465633), ('12', 27430580, 27430319), ('12', 17764860, 17765098), ('12', 25465458, 25465226)]","[('12', 23575357, '12', 25310600), ('12', 25433276, '12', 19684231), ('12', 19879389, '12', 25444800), ('12', 25465633, '12', 27430580), ('12', 27430319, '12', 17764860), ('12', 17765098, '12', 25465458), ('12', 25465226, '12', 23004917)]",0.5714285714285714,"[('12', 23575357, '12', 25310600), ('12', 19879389, '12', 25444800), ('12', 25465633, '12', 27430580), ('12', 27430319, '12', 17764860)]",0.4285714285714285,"[('12', 25433276, '12', 19684231), ('12', 17765098, '12', 25465458), ('12', 25465226, '12', 23004917)]",0.3333333333333333,"[('12', 17765098, '12', 23004912), ('12', 23004917, '12', 17765100)]",0.0,[],[],0,"{'12': {'KRAS': {'type': ['oncogene'], 'loc': ('25357723', '25403870')}}}",['KRAS'],0.0,1,2,0.625,high
CURTIS_H000581_T01_01_WG01,1,3,linear,68814,2,1,"[('12', 25510499, 25492474), ('12', 22902091, 22851300)]","[('12', 25492474, '12', 22902091), ('12', 22851300, '12', 25510499)]",0.5,"[('12', 25492474, '12', 22902091)]",0.5,"[('12', 22851300, '12', 25510499)]",0.0,[],0.0,[],[],0,{},[],0.0,0,2,0.5,high
CURTIS_H000581_T01_01_WG01,1,4,circular,1616511,4,1,"[('12', 23004911, 23807656), ('12', 24966996, 25433276), ('12', 19684231, 20030884), ('12', 17764269, 17765098)]","[('12', 23807656, '12', 24966996), ('12', 25433276, '12', 19684231), ('12', 20030884, '12', 17764269), ('12', 17765098, '12', 23004911)]",0.5,"[('12', 23807656, '12', 24966996), ('12', 17765098, '12', 23004911)]",0.5,"[('12', 25433276, '12', 19684231), ('12', 20030884, '12', 17764269)]",0.0,[],0.0,[],[],0,"{'12': {'KRAS': {'type': ['oncogene'], 'loc': ('25357723', '25403870')}}}",['KRAS'],0.0,1,2,0.5,high
CURTIS_H000581_T01_01_WG01,1,5,linear,538730,5,1,"[('12', 23542567, 23004917), ('12', 25465226, 25465458), ('12', 25579888, 25579965), ('12', 27430359, 27430532), ('12', 17064576, 17063979)]","[('12', 23004917, '12', 25465226), ('12', 25465458, '12', 25579888), ('12', 25579965, '12', 27430359), ('12', 27430532, '12', 17064576), ('12', 17063979, '12', 23542567)]",0.6,"[('12', 25465458, '12', 25579888), ('12', 25579965, '12', 27430359), ('12', 27430532, '12', 17064576)]",0.4,"[('12', 23004917, '12', 25465226), ('12', 17063979, '12', 23542567)]",0.25,"[('12', 23004917, '12', 17765100)]",0.0,[],[],0,{},[],0.0,0,2,0.625,high
CURTIS_H000581_T01_01_WG01,1,6,circular,2728350,7,1,"[('12', 17704500, 19683956), ('12', 24942293, 24941624), ('12', 24940929, 24226349), ('12', 24964603, 24945154), ('12', 25439114, 25438345), ('12', 22901221, 22901850), ('12', 25479409, 25466608)]","[('12', 19683956, '12', 24942293), ('12', 24941624, '12', 24940929), ('12', 24226349, '12', 24964603), ('12', 24945154, '12', 25439114), ('12', 25438345, '12', 22901221), ('12', 22901850, '12', 25479409), ('12', 25466608, '12', 17704500)]",0.6666666666666666,"[('12', 19683956, '12', 24942293), ('12', 24945154, '12', 25439114), ('12', 22901850, '12', 25479409), ('12', 25466608, '12', 17704500)]",0.3333333333333333,"[('12', 24226349, '12', 24964603), ('12', 25438345, '12', 22901221)]",0.0,[],0.0,[],[],1,{},[],1.0,1,2,0.875,high
CURTIS_H000581_T01_01_WG01,3,1,circular,798500,5,1,"[('6', 135284172, 135707104), ('6', 141607904, 141427310), ('6', 127590501, 127427278), ('6', 20583907, 20570600), ('6', 69041551, 69023104)]","[('6', 135707104, '6', 141607904), ('6', 141427310, '6', 127590501), ('6', 127427278, '6', 20583907), ('6', 20570600, '6', 69041551), ('6', 69023104, '6', 135284172)]",0.8,"[('6', 141427310, '6', 127590501), ('6', 127427278, '6', 20583907), ('6', 20570600, '6', 69041551), ('6', 69023104, '6', 135284172)]",0.2,"[('6', 135707104, '6', 141607904)]",0.0,[],0.0,[],[],0,"{'6': {'MYB': {'type': ['oncogene', ' fusion'], 'loc': ('135502453', '135540311')}, 'RSPO3': {'type': ['oncogene', ' fusion'], 'loc': ('127439749', '127518910')}}}","['MYB', 'RSPO3']",0.0,1,2,0.5,high
CURTIS_H000582_T01_01_WG01,3,1,linear,41998,1,1,"[('19', 36792899, 36750900)]","[('19', 36750900, '19', 36792899)]",0.0,[],1.0,"[('19', 36750900, '19', 36792899)]",0.0,[],0.0,[],[],0,{},[],0.0,0,0,1.5,medium
CURTIS_H000582_T01_01_WG01,2,1,linear,250599,1,1,"[('1', 165254738, 165004138)]","[('1', 165004138, '1', 165254738)]",0.0,[],1.0,"[('1', 165004138, '1', 165254738)]",0.0,[],0.0,[],[],0,{},[],0.0,0,0,1.5,medium
CURTIS_H000582_T01_01_WG01,2,2,linear,20598,1,1,"[('1', 165352081, 165331482)]","[('1', 165331482, '1', 165352081)]",0.0,[],1.0,"[('1', 165331482, '1', 165352081)]",0.0,[],0.0,[],[],0,{},[],0.0,0,0,1.5,medium
CURTIS_H000582_T01_01_WG01,2,3,linear,2010598,1,1,"[('1', 163121578, 161110979)]","[('1', 161110979, '1', 163121578)]",0.0,[],1.0,"[('1', 161110979, '1', 163121578)]",0.0,[],0.0,[],[],0,"{'1': {'DDR2': {'type': ['oncogene'], 'loc': ('162601163', '162757190')}, 'FCGR2B': {'type': ['oncogene', ' fusion'], 'loc': ('161551101', '161648444')}, 'SDHC': {'type': ['TSG'], 'loc': ('161284047', '161332984')}}}","['DDR2', 'FCGR2B', 'SDHC']",0.0,0,0,1.5,medium
CURTIS_H000582_T01_01_WG01,2,4,linear,350599,1,1,"[('1', 165740486, 165389886)]","[('1', 165389886, '1', 165740486)]",0.0,[],1.0,"[('1', 165389886, '1', 165740486)]",0.0,[],0.0,[],[],0,{},[],0.0,0,0,1.5,medium
CURTIS_H000582_T01_01_WG01,2,5,linear,22081,2,2,"[('21', 33026287, 33024804), ('12', 858778, 838178)]","[('21', 33024804, '12', 858778), ('12', 838178, '21', 33026287)]",0.0,[],1.0,"[('21', 33024804, '12', 858778), ('12', 838178, '21', 33026287)]",0.0,[],0.0,[],[],0,{},[],0.0,0,0,1.5,medium
CURTIS_H000582_T01_01_WG01,2,6,circular,161686,1,1,"[('21', 19016442, 19178127)]","[('21', 19178127, '21', 19016442)]",1.0,"[('21', 19178127, '21', 19016442)]",0.0,[],0.0,[],0.0,[],[],0,{},[],0.0,1,2,0.5,high
CURTIS_H000583_T01_01_WG01,1,1,circular,1906029,1,1,"[('10', 2154425, 4060453)]","[('10', 4060453, '10', 2154425)]",1.0,"[('10', 4060453, '10', 2154425)]",0.0,[],0.0,[],0.0,[],[],0,"{'10': {'KLF6': {'type': ['TSG'], 'loc': ('3818188', '3827473')}}}",['KLF6'],0.0,1,2,0.5,high
CURTIS_H000587_T01_01_WG01,1,1,linear,94720,1,1,"[('17', 62555621, 62460900)]","[('17', 62460900, '17', 62555621)]",0.0,[],1.0,"[('17', 62460900, '17', 62555621)]",0.0,[],0.0,[],[],0,"{'17': {'DDX5': {'type': ['oncogene', ' fusion'], 'loc': ('62495734', '62504317')}}}",['DDX5'],0.0,0,0,1.5,medium
CURTIS_H000587_T01_01_WG01,2,1,linear,20526,1,1,"[('3', 174874917, 174854390)]","[('3', 174854390, '3', 174874917)]",0.0,[],1.0,"[('3', 174854390, '3', 174874917)]",0.0,[],0.0,[],[],0,{},[],0.0,0,0,1.5,medium
CURTIS_H000587_T01_01_WG01,3,1,linear,529,1,1,"[('7', 107411156, 107410626)]","[('7', 107410626, '7', 107411156)]",0.0,[],1.0,"[('7', 107410626, '7', 107411156)]",0.0,[],0.0,[],[],0,{},[],1.0,0,0,1.875,medium
CURTIS_H000587_T01_01_WG01,3,2,linear,529,1,1,"[('7', 107411156, 107410626)]","[('7', 107410626, '7', 107411156)]",0.0,[],1.0,"[('7', 107410626, '7', 107411156)]",0.0,[],0.0,[],[],0,{},[],1.0,0,0,1.875,medium
CURTIS_H000587_T01_01_WG01,3,3,linear,529,1,1,"[('7', 107411156, 107410626)]","[('7', 107410626, '7', 107411156)]",0.0,[],1.0,"[('7', 107410626, '7', 107411156)]",0.0,[],0.0,[],[],0,{},[],1.0,0,0,1.875,medium
CURTIS_H000587_T01_01_WG01,3,4,linear,2792024,2,1,"[('17', 65800540, 64266114), ('17', 64265056, 63007456)]","[('17', 64266114, '17', 64265056), ('17', 63007456, '17', 65800540)]",0.0,[],1.0,"[('17', 63007456, '17', 65800540)]",0.0,[],0.0,[],[],1,"{'17': {'AXIN2': {'type': ['TSG'], 'loc': ('63524681', '63557765')}}}",['AXIN2'],1.0,0,0,1.875,medium
CURTIS_H000589_T01_01_WG01,1,1,linear,65,1,1,"[('7', 107410681, 107410615)]","[('7', 107410615, '7', 107410681)]",0.0,[],1.0,"[('7', 107410615, '7', 107410681)]",0.0,[],0.0,[],[],0,{},[],1.0,0,0,1.875,medium
CURTIS_H000589_T01_01_WG01,1,2,linear,50,1,1,"[('7', 107410681, 107410630)]","[('7', 107410630, '7', 107410681)]",0.0,[],1.0,"[('7', 107410630, '7', 107410681)]",0.0,[],0.0,[],[],0,{},[],1.0,0,0,1.875,medium
CURTIS_H000589_T01_01_WG01,1,3,linear,54,1,1,"[('7', 107410681, 107410626)]","[('7', 107410626, '7', 107410681)]",0.0,[],1.0,"[('7', 107410626, '7', 107410681)]",0.0,[],0.0,[],[],0,{},[],1.0,0,0,1.875,medium
CURTIS_H000589_T01_01_WG01,1,4,linear,54,1,1,"[('7', 107410681, 107410626)]","[('7', 107410626, '7', 107410681)]",0.0,[],1.0,"[('7', 107410626, '7', 107410681)]",0.0,[],0.0,[],[],0,{},[],1.0,0,0,1.875,medium
CURTIS_H000589_T01_01_WG01,1,5,linear,54,1,1,"[('7', 107410681, 107410626)]","[('7', 107410626, '7', 107410681)]",0.0,[],1.0,"[('7', 107410626, '7', 107410681)]",0.0,[],0.0,[],[],0,{},[],1.0,0,0,1.875,medium
CURTIS_H000589_T01_01_WG01,1,6,linear,51,1,1,"[('7', 107410681, 107410629)]","[('7', 107410629, '7', 107410681)]",0.0,[],1.0,"[('7', 107410629, '7', 107410681)]",0.0,[],0.0,[],[],0,{},[],1.0,0,0,1.875,medium
CURTIS_H000592_T01_01_WG01,1,1,linear,569098,1,1,"[('11', 69713099, 69144000)]","[('11', 69144000, '11', 69713099)]",0.0,[],1.0,"[('11', 69144000, '11', 69713099)]",0.0,[],0.0,[],[],0,"{'11': {'CCND1': {'type': ['oncogene', ' fusion'], 'loc': ('69455855', '69469242')}}}",['CCND1'],0.0,0,0,1.5,medium
CURTIS_H000592_T01_01_WG01,1,2,linear,1053412,2,1,"[('11', 70837747, 69984487), ('11', 69982554, 69782400)]","[('11', 69984487, '11', 69982554), ('11', 69782400, '11', 70837747)]",0.0,[],1.0,"[('11', 69782400, '11', 70837747)]",0.0,[],0.0,[],[],1,"{'11': {'FADD': {'type': [''], 'loc': ('70049269', '70053496')}}}",['FADD'],0.0,0,0,1.5,medium
CURTIS_H000593_T01_01_WG01,2,1,circular,3187206,7,1,"[('19', 29207073, 30388814), ('19', 30393098, 30632032), ('19', 30634836, 30958793), ('19', 30960945, 30962248), ('19', 30959514, 30634836), ('19', 30632032, 30393098), ('19', 30388814, 29511156)]","[('19', 30388814, '19', 30393098), ('19', 30632032, '19', 30634836), ('19', 30958793, '19', 30960945), ('19', 30962248, '19', 30959514), ('19', 30634836, '19', 30632032), ('19', 30393098, '19', 30388814), ('19', 29511156, '19', 29207073)]",0.4285714285714285,"[('19', 30958793, '19', 30960945), ('19', 30962248, '19', 30959514), ('19', 29511156, '19', 29207073)]",0.5714285714285714,"[('19', 30388814, '19', 30393098), ('19', 30632032, '19', 30634836), ('19', 30634836, '19', 30632032), ('19', 30393098, '19', 30388814)]",0.0,[],0.0,[],[],0,"{'19': {'CCNE1': {'type': ['oncogene'], 'loc': ('30302805', '30315215')}}}","['CCNE1', 'CCNE1']",1.0,1,2,1.375,medium
CURTIS_H000593_T01_01_WG01,2,2,linear,4704933,7,1,"[('19', 28600250, 30388814), ('19', 30393098, 30632032), ('19', 30634836, 30959514), ('19', 30962248, 30960945), ('19', 30958793, 30634836), ('19', 30632032, 30393098), ('19', 30388814, 28600250)]","[('19', 30388814, '19', 30393098), ('19', 30632032, '19', 30634836), ('19', 30959514, '19', 30962248), ('19', 30960945, '19', 30958793), ('19', 30634836, '19', 30632032), ('19', 30393098, '19', 30388814), ('19', 28600250, '19', 28600250)]",0.3333333333333333,"[('19', 30959514, '19', 30962248), ('19', 30960945, '19', 30958793)]",0.6666666666666666,"[('19', 30388814, '19', 30393098), ('19', 30632032, '19', 30634836), ('19', 30634836, '19', 30632032), ('19', 30393098, '19', 30388814)]",0.0,[],0.0,[],[],1,"{'19': {'CCNE1': {'type': ['oncogene'], 'loc': ('30302805', '30315215')}}}","['CCNE1', 'CCNE1']",1.0,0,0,1.375,medium
CURTIS_H000593_T01_01_WG01,1,1,linear,140232,1,1,"[('3', 74586675, 74446442)]","[('3', 74446442, '3', 74586675)]",0.0,[],1.0,"[('3', 74446442, '3', 74586675)]",1.0,"[('3', 74586675, '3', 74880305), ('3', 74446442, '3', 88902223)]",0.0,[],[],0,{},[],0.0,0,0,1.75,medium
CURTIS_H000722_T01_01_WG01,1,1,linear,6200635,2,2,"[('11', 74820000, 78894095), ('17', 38537659, 36411119)]","[('11', 78894095, '17', 38537659), ('17', 36411119, '11', 74820000)]",0.0,[],1.0,"[('11', 78894095, '17', 38537659), ('17', 36411119, '11', 74820000)]",0.0,[],0.0,[],[],0,"{'17': {'CDK12': {'type': ['TSG'], 'loc': ('37617764', '37721160')}, 'ERBB2': {'type': ['oncogene', ' fusion'], 'loc': ('37844167', '37886679')}, 'IKZF3': {'type': ['oncogene', ' TSG', ' fusion'], 'loc': ('37921198', '38020441')}, 'LASP1': {'type': ['fusion'], 'loc': ('37026112', '37078023')}, 'MLLT6': {'type': ['fusion'], 'loc': ('36861795', '36886056')}, 'RARA': {'type': ['oncogene', ' fusion'], 'loc': ('38465444', '38513094')}}}","['CDK12', 'ERBB2', 'IKZF3', 'LASP1', 'MLLT6', 'RARA']",1.0,0,0,1.875,medium
CURTIS_H000723_T01_01_WG01,2,1,circular,1713632,2,1,"[('3', 177254462, 178550136), ('3', 178550865, 178968821)]","[('3', 178550136, '3', 178550865), ('3', 178968821, '3', 177254462)]",1.0,"[('3', 178968821, '3', 177254462)]",0.0,[],0.0,[],0.0,[],[],1,"{'3': {'PIK3CA': {'type': ['oncogene'], 'loc': ('178865902', '178957881')}}}",['PIK3CA'],0.0,1,2,0.5,high
CURTIS_H000723_T01_01_WG01,2,5,circular,970019,4,1,"[('3', 177254462, 177502857), ('3', 177501071, 177254462), ('3', 178968821, 178730884), ('3', 178731743, 178968821)]","[('3', 177502857, '3', 177501071), ('3', 177254462, '3', 178968821), ('3', 178730884, '3', 178731743), ('3', 178968821, '3', 177254462)]",1.0,"[('3', 177254462, '3', 178968821), ('3', 178968821, '3', 177254462)]",0.0,[],0.0,[],0.0,[],[],2,"{'3': {'PIK3CA': {'type': ['oncogene'], 'loc': ('178865902', '178957881')}}}","['PIK3CA', 'PIK3CA']",0.0,1,2,0.5,high
CURTIS_H000723_T01_01_WG01,2,6,circular,101853,2,1,"[('3', 177675729, 177727469), ('3', 177724713, 177674600)]","[('3', 177727469, '3', 177724713), ('3', 177674600, '3', 177675729)]",0.0,[],1.0,"[('3', 177727469, '3', 177724713)]",0.0,[],0.0,[],[],1,{},[],0.0,1,0,1.5,medium
CURTIS_H000723_T01_01_WG01,2,7,circular,540676,2,1,"[('3', 177675729, 177946706), ('3', 177944299, 177674600)]","[('3', 177946706, '3', 177944299), ('3', 177674600, '3', 177675729)]",0.0,[],1.0,"[('3', 177946706, '3', 177944299)]",0.0,[],0.0,[],[],1,{},[],0.0,1,0,1.5,medium
CURTIS_H000723_T01_01_WG01,2,231,circular,1260574,4,1,"[('3', 177254462, 177648435), ('3', 177646048, 177254462), ('3', 178968821, 178731743), ('3', 178730884, 178968821)]","[('3', 177648435, '3', 177646048), ('3', 177254462, '3', 178968821), ('3', 178731743, '3', 178730884), ('3', 178968821, '3', 177254462)]",0.6666666666666666,"[('3', 177254462, '3', 178968821), ('3', 178968821, '3', 177254462)]",0.3333333333333333,"[('3', 177648435, '3', 177646048)]",0.0,[],0.0,[],[],1,"{'3': {'PIK3CA': {'type': ['oncogene'], 'loc': ('178865902', '178957881')}}}","['PIK3CA', 'PIK3CA']",0.0,1,2,0.5,high
CURTIS_H000726_T01_01_WG01,3,1,linear,36298,1,1,"[('1', 161438099, 161401800)]","[('1', 161401800, '1', 161438099)]",0.0,[],1.0,"[('1', 161401800, '1', 161438099)]",0.0,[],1.0,"[('1', 161401800), ('1', 161438099)]","['High_Signal_Region', 'High_Signal_Region']",0,{},[],0.0,0,1,2.0625,low
CURTIS_H000726_T01_01_WG01,4,1,linear,146249,1,1,"[('1', 150999450, 150853200)]","[('1', 150853200, '1', 150999450)]",0.0,[],1.0,"[('1', 150853200, '1', 150999450)]",0.5,"[('1', 150999450, '1', 162684891)]",0.0,[],[],0,"{'1': {'SETDB1': {'type': ['oncogene'], 'loc': ('150898739', '150937213')}}}",['SETDB1'],0.0,0,0,1.75,medium
CURTIS_H000727_T01_01_WG01,1,1,linear,641698,1,1,"[('19', 30501899, 29860200)]","[('19', 29860200, '19', 30501899)]",0.0,[],1.0,"[('19', 29860200, '19', 30501899)]",0.0,[],0.0,[],[],0,"{'19': {'CCNE1': {'type': ['oncogene'], 'loc': ('30302805', '30315215')}}}",['CCNE1'],0.0,0,0,1.5,medium
CURTIS_H000727_T01_01_WG01,1,2,linear,1226398,1,1,"[('19', 30501899, 29275500)]","[('19', 29275500, '19', 30501899)]",0.0,[],1.0,"[('19', 29275500, '19', 30501899)]",0.0,[],0.0,[],[],0,"{'19': {'CCNE1': {'type': ['oncogene'], 'loc': ('30302805', '30315215')}}}",['CCNE1'],0.0,0,0,1.5,medium
CURTIS_H000727_T01_01_WG01,1,3,linear,121198,1,1,"[('19', 29817299, 29696100)]","[('19', 29696100, '19', 29817299)]",0.0,[],1.0,"[('19', 29696100, '19', 29817299)]",0.0,[],0.0,[],[],0,{},[],0.0,0,0,1.5,medium
CURTIS_H000728_T01_01_WG01,8,1,circular,103882,1,1,"[('2', 102035011, 102138892)]","[('2', 102138892, '2', 102035011)]",1.0,"[('2', 102138892, '2', 102035011)]",0.0,[],0.0,[],0.0,[],[],0,{},[],0.0,1,2,0.5,high
CURTIS_H000728_T01_01_WG01,1,1,linear,80006,1,1,"[('2', 110942364, 110862357)]","[('2', 110862357, '2', 110942364)]",0.0,[],1.0,"[('2', 110862357, '2', 110942364)]",0.0,[],0.0,[],[],0,{},[],0.0,0,0,1.5,medium
CURTIS_H000728_T01_01_WG01,1,1,linear,80006,1,1,"[('2', 110942364, 110862357)]","[('2', 110862357, '2', 110942364)]",0.0,[],1.0,"[('2', 110862357, '2', 110942364)]",0.0,[],0.0,[],[],0,{},[],0.0,0,0,1.5,medium
CURTIS_H000728_T01_01_WG01,1,1,linear,80006,1,1,"[('2', 110942364, 110862357)]","[('2', 110862357, '2', 110942364)]",0.0,[],1.0,"[('2', 110862357, '2', 110942364)]",0.0,[],0.0,[],[],0,{},[],0.0,0,0,1.5,medium
CURTIS_H000728_T01_01_WG01,3,1,linear,20478,1,1,"[('2', 97845471, 97824992)]","[('2', 97824992, '2', 97845471)]",0.0,[],1.0,"[('2', 97824992, '2', 97845471)]",0.0,[],1.0,"[('2', 97824992), ('2', 97845471)]","['High_Signal_Region', 'High_Signal_Region']",0,{},[],0.0,0,1,2.0625,low
CURTIS_H000728_T01_01_WG01,6,1,linear,588078,1,1,"[('2', 111980521, 111392442)]","[('2', 111392442, '2', 111980521)]",0.0,[],1.0,"[('2', 111392442, '2', 111980521)]",0.0,[],0.0,[],[],0,{},[],0.0,0,0,1.5,medium
CURTIS_H000728_T01_01_WG01,9,1,linear,193911,1,1,"[('2', 110451112, 110257200)]","[('2', 110257200, '2', 110451112)]",0.0,[],1.0,"[('2', 110257200, '2', 110451112)]",0.0,[],0.0,[],[],0,{},[],0.0,0,0,1.5,medium
CURTIS_H000728_T01_01_WG01,9,2,linear,2973760,2,1,"[('2', 110109299, 108279101), ('2', 108275307, 107131743)]","[('2', 108279101, '2', 108275307), ('2', 107131743, '2', 110109299)]",0.0,[],1.0,"[('2', 108279101, '2', 108275307), ('2', 107131743, '2', 110109299)]",0.0,[],0.0,[],[],0,"{'2': {'RANBP2': {'type': ['TSG', ' fusion'], 'loc': ('109335937', '109402267')}}}",['RANBP2'],1.0,0,0,1.875,medium
CURTIS_H000729_T01_01_WG01,1,1,linear,17398,1,1,"[('7', 56442599, 56425200)]","[('7', 56425200, '7', 56442599)]",0.0,[],1.0,"[('7', 56425200, '7', 56442599)]",0.0,[],1.0,"[('7', 56442599)]",['High_Signal_Region'],0,{},[],0.0,0,1,2.0625,low
CURTIS_H000729_T01_01_WG01,1,2,linear,3940091,10,1,"[('7', 56995229, 56220237), ('7', 56217752, 55289054), ('7', 55286762, 55068013), ('7', 6161332, 6190145), ('7', 8026513, 8045988), ('7', 8044625, 8026513), ('7', 6190145, 6161332), ('7', 55068013, 55286762), ('7', 55289054, 56217752), ('7', 56220237, 56995229)]","[('7', 56220237, '7', 56217752), ('7', 55289054, '7', 55286762), ('7', 55068013, '7', 6161332), ('7', 6190145, '7', 8026513), ('7', 8045988, '7', 8044625), ('7', 8026513, '7', 6190145), ('7', 6161332, '7', 55068013), ('7', 55286762, '7', 55289054), ('7', 56217752, '7', 56220237), ('7', 56995229, '7', 56995229)]",0.5,"[('7', 55068013, '7', 6161332), ('7', 6190145, '7', 8026513), ('7', 8026513, '7', 6190145), ('7', 6161332, '7', 55068013)]",0.5,"[('7', 56220237, '7', 56217752), ('7', 55289054, '7', 55286762), ('7', 55286762, '7', 55289054), ('7', 56217752, '7', 56220237)]",0.0,[],0.0,[],[],2,{},[],1.0,0,2,0.875,high
CURTIS_H000729_T01_01_WG01,2,1,linear,561600,2,1,"[('17', 35094599, 34940363), ('17', 37689635, 38096999)]","[('17', 34940363, '17', 37689635), ('17', 38096999, '17', 35094599)]",0.5,"[('17', 34940363, '17', 37689635)]",0.5,"[('17', 38096999, '17', 35094599)]",0.0,[],0.0,[],[],0,"{'17': {'ERBB2': {'type': ['oncogene', ' fusion'], 'loc': ('37844167', '37886679')}, 'IKZF3': {'type': ['oncogene', ' TSG', ' fusion'], 'loc': ('37921198', '38020441')}}}","['ERBB2', 'IKZF3']",0.0,0,2,0.5,high
CURTIS_H000729_T01_01_WG01,2,2,linear,94720,1,1,"[('17', 62555621, 62460900)]","[('17', 62460900, '17', 62555621)]",0.0,[],1.0,"[('17', 62460900, '17', 62555621)]",0.0,[],0.0,[],[],0,"{'17': {'DDX5': {'type': ['oncogene', ' fusion'], 'loc': ('62495734', '62504317')}}}",['DDX5'],0.0,0,0,1.5,medium
CURTIS_H000729_T01_01_WG01,2,3,linear,328769,5,2,"[('17', 35094599, 34944244), ('17', 38043236, 38036543), ('17', 37703124, 37850756), ('17', 26255513, 26262833), ('16', 48740566, 48723796)]","[('17', 34944244, '16', 48740566), ('16', 48723796, '17', 38043236), ('17', 38036543, '17', 37703124), ('17', 37850756, '17', 26255513), ('17', 26262833, '17', 35094599)]",0.2,"[('17', 37850756, '17', 26255513)]",0.8,"[('17', 34944244, '16', 48740566), ('16', 48723796, '17', 38043236), ('17', 38036543, '17', 37703124), ('17', 26262833, '17', 35094599)]",0.375,"[('17', 34944244, '16', 34944243), ('17', 38043236, '16', 38043248), ('17', 26262833, '17', 29082682)]",0.0,[],[],0,{},[],0.0,0,0,1.125,medium
CURTIS_H000733_T01_01_WG01,1,1,linear,56698,1,1,"[('17', 21248399, 21191700)]","[('17', 21191700, '17', 21248399)]",0.0,[],1.0,"[('17', 21191700, '17', 21248399)]",0.0,[],0.0,[],[],0,{},[],0.0,0,0,1.5,medium
CURTIS_H000733_T01_01_WG01,1,2,linear,2199117,3,1,"[('17', 21178799, 20467952), ('17', 64231802, 64988095), ('17', 37230923, 37962899)]","[('17', 20467952, '17', 64231802), ('17', 64988095, '17', 37230923), ('17', 37962899, '17', 21178799)]",0.6666666666666666,"[('17', 20467952, '17', 64231802), ('17', 64988095, '17', 37230923)]",0.3333333333333333,"[('17', 37962899, '17', 21178799)]",0.0,[],0.0,[],[],0,"{'17': {'CDK12': {'type': ['TSG'], 'loc': ('37617764', '37721160')}, 'ERBB2': {'type': ['oncogene', ' fusion'], 'loc': ('37844167', '37886679')}}}","['CDK12', 'ERBB2']",0.0,0,2,0.5,high
CURTIS_H000733_T01_01_WG01,1,3,linear,193742,4,1,"[('17', 65406599, 65396284), ('17', 47365140, 47278063), ('17', 47279105, 47365140), ('17', 65396284, 65406599)]","[('17', 65396284, '17', 47365140), ('17', 47278063, '17', 47279105), ('17', 47365140, '17', 65396284), ('17', 65406599, '17', 65406599)]",1.0,"[('17', 65396284, '17', 47365140), ('17', 47365140, '17', 65396284)]",0.0,[],0.0,[],0.0,[],[],2,{},[],0.0,0,2,0.5,high
CURTIS_H000733_T01_01_WG01,1,4,linear,829543,3,1,"[('17', 21347999, 21322840), ('17', 21321286, 20679606), ('17', 20484107, 20321400)]","[('17', 21322840, '17', 21321286), ('17', 20679606, '17', 20484107), ('17', 20321400, '17', 21347999)]",0.5,"[('17', 20679606, '17', 20484107)]",0.5,"[('17', 20321400, '17', 21347999)]",0.0,[],0.0,[],[],1,{},[],0.0,0,2,0.5,high
CURTIS_H000733_T01_01_WG01,1,5,linear,229275,1,1,"[('17', 21539176, 21309900)]","[('17', 21309900, '17', 21539176)]",0.0,[],1.0,"[('17', 21309900, '17', 21539176)]",0.0,[],1.0,"[('17', 21539176)]",['High_Signal_Region'],0,{},[],0.0,0,1,2.0625,low
CURTIS_H000734_T01_01_WG01,3,1,linear,40721,2,1,"[('1', 170653908, 170636046), ('1', 151631000, 151608139)]","[('1', 170636046, '1', 151631000), ('1', 151608139, '1', 170653908)]",0.5,"[('1', 170636046, '1', 151631000)]",0.5,"[('1', 151608139, '1', 170653908)]",0.5,"[('1', 170653908, '1', 171391221)]",0.0,[],[],0,{},[],0.0,0,2,0.75,high
CURTIS_H000736_T01_01_WG01,1,1,linear,94720,1,1,"[('17', 62555621, 62460900)]","[('17', 62460900, '17', 62555621)]",0.0,[],1.0,"[('17', 62460900, '17', 62555621)]",0.0,[],0.0,[],[],0,"{'17': {'DDX5': {'type': ['oncogene', ' fusion'], 'loc': ('62495734', '62504317')}}}",['DDX5'],0.0,0,0,1.5,medium
CURTIS_H000736_T01_01_WG01,1,2,linear,1159,1,1,"[('6', 8145739, 8144579)]","[('6', 8144579, '6', 8145739)]",0.0,[],1.0,"[('6', 8144579, '6', 8145739)]",0.0,[],0.0,[],[],0,{},[],0.0,0,0,1.5,medium
CURTIS_H000736_T01_01_WG01,2,1,circular,4615967,11,1,"[('15', 98536463, 99574529), ('15', 99575612, 99988123), ('15', 99985106, 99575612), ('15', 99574529, 98536463), ('15', 98532629, 98442793), ('15', 93855762, 93616539), ('15', 93616539, 93616846), ('15', 90817288, 90215572), ('15', 97697310, 98446563), ('15', 97592907, 97602866), ('15', 98505094, 98532629)]","[('15', 99574529, '15', 99575612), ('15', 99988123, '15', 99985106), ('15', 99575612, '15', 99574529), ('15', 98536463, '15', 98532629), ('15', 98442793, '15', 93855762), ('15', 93616539, '15', 93616539), ('15', 93616846, '15', 90817288), ('15', 90215572, '15', 97697310), ('15', 98446563, '15', 97592907), ('15', 97602866, '15', 98505094), ('15', 98532629, '15', 98536463)]",0.75,"[('15', 99988123, '15', 99985106), ('15', 98442793, '15', 93855762), ('15', 93616846, '15', 90817288), ('15', 90215572, '15', 97697310), ('15', 98446563, '15', 97592907), ('15', 97602866, '15', 98505094)]",0.25,"[('15', 98536463, '15', 98532629), ('15', 98532629, '15', 98536463)]",0.0,[],0.0,[],[],3,"{'15': {'IDH2': {'type': ['oncogene'], 'loc': ('90626277', '90645736')}}}",['IDH2'],1.0,1,2,0.875,high
CURTIS_H000736_T01_01_WG01,2,2,circular,1722203,7,1,"[('15', 49649865, 50714023), ('15', 39643425, 39425387), ('15', 90019101, 90210841), ('15', 94227887, 94234772), ('15', 49882950, 49649865), ('15', 99990949, 99988458), ('15', 99985144, 99990949)]","[('15', 50714023, '15', 39643425), ('15', 39425387, '15', 90019101), ('15', 90210841, '15', 94227887), ('15', 94234772, '15', 49882950), ('15', 49649865, '15', 99990949), ('15', 99988458, '15', 99985144), ('15', 99990949, '15', 49649865)]",1.0,"[('15', 50714023, '15', 39643425), ('15', 39425387, '15', 90019101), ('15', 90210841, '15', 94227887), ('15', 94234772, '15', 49882950), ('15', 49649865, '15', 99990949), ('15', 99988458, '15', 99985144), ('15', 99990949, '15', 49649865)]",0.0,[],0.0,[],0.0,[],[],0,{},[],0.0,1,2,0.5,high
CURTIS_H000736_T01_01_WG01,2,3,circular,885493,6,1,"[('15', 90193230, 90817288), ('15', 93616846, 93616539), ('15', 93616539, 93847295), ('15', 97590344, 97591901), ('15', 97922720, 97920874), ('15', 49910841, 49883872)]","[('15', 90817288, '15', 93616846), ('15', 93616539, '15', 93616539), ('15', 93847295, '15', 97590344), ('15', 97591901, '15', 97922720), ('15', 97920874, '15', 49910841), ('15', 49883872, '15', 90193230)]",1.0,"[('15', 90817288, '15', 93616846), ('15', 93847295, '15', 97590344), ('15', 97591901, '15', 97922720), ('15', 97920874, '15', 49910841), ('15', 49883872, '15', 90193230)]",0.0,[],0.0,[],0.0,[],[],1,"{'15': {'IDH2': {'type': ['oncogene'], 'loc': ('90626277', '90645736')}}}",['IDH2'],0.0,1,2,0.5,high
CURTIS_H000736_T01_01_WG01,2,4,linear,1000437,4,1,"[('15', 94211399, 93852637), ('15', 97920701, 97588509), ('15', 97922825, 97928173), ('15', 94233964, 94538099)]","[('15', 93852637, '15', 97920701), ('15', 97588509, '15', 97922825), ('15', 97928173, '15', 94233964), ('15', 94538099, '15', 94211399)]",0.75,"[('15', 93852637, '15', 97920701), ('15', 97588509, '15', 97922825), ('15', 97928173, '15', 94233964)]",0.25,"[('15', 94538099, '15', 94211399)]",0.0,[],0.0,[],[],0,{},[],0.0,0,2,0.5,high
CURTIS_H000736_T01_01_WG01,4,1,linear,78885,1,1,"[('17', 68082894, 68004008)]","[('17', 68004008, '17', 68082894)]",0.0,[],1.0,"[('17', 68004008, '17', 68082894)]",1.0,"[('17', 68004008, '17', 46099626), ('17', 68082894, '17', 65998489)]",0.0,[],[],0,{},[],0.0,0,0,1.75,medium
CURTIS_H000737_T01_01_WG01,1,1,linear,1933050,1,1,"[('1', 120531451, 118598400)]","[('1', 118598400, '1', 120531451)]",0.0,[],1.0,"[('1', 118598400, '1', 120531451)]",0.0,[],0.0,[],[],0,{},[],0.0,0,0,1.5,medium
CURTIS_H000737_T01_01_WG01,1,2,linear,571798,1,1,"[('11', 69713099, 69141300)]","[('11', 69141300, '11', 69713099)]",0.0,[],1.0,"[('11', 69141300, '11', 69713099)]",0.0,[],0.0,[],[],0,"{'11': {'CCND1': {'type': ['oncogene', ' fusion'], 'loc': ('69455855', '69469242')}}}",['CCND1'],0.0,0,0,1.5,medium
CURTIS_H000741_T01_01_WG01,2,1,circular,1423608,1,1,"[('20', 47559180, 48982787)]","[('20', 48982787, '20', 47559180)]",1.0,"[('20', 48982787, '20', 47559180)]",0.0,[],0.0,[],0.0,[],[],0,{},[],0.0,1,2,0.5,high
CURTIS_H000741_T01_01_WG01,2,2,linear,7345185,5,1,"[('20', 58988999, 57453126), ('20', 54279654, 52657995), ('20', 52647072, 51624576), ('20', 51637818, 52647072), ('20', 52657995, 54813899)]","[('20', 57453126, '20', 54279654), ('20', 52657995, '20', 52647072), ('20', 51624576, '20', 51637818), ('20', 52647072, '20', 52657995), ('20', 54813899, '20', 58988999)]",0.2,"[('20', 51624576, '20', 51637818)]",0.8,"[('20', 57453126, '20', 54279654), ('20', 52657995, '20', 52647072), ('20', 52647072, '20', 52657995), ('20', 54813899, '20', 58988999)]",0.0,[],0.0,[],[],0,{},[],1.0,0,0,1.375,medium
CURTIS_H000741_T01_01_WG01,2,3,circular,270112,1,1,"[('20', 50723905, 50994016)]","[('20', 50994016, '20', 50723905)]",1.0,"[('20', 50994016, '20', 50723905)]",0.0,[],0.0,[],0.0,[],[],0,{},[],0.0,1,2,0.5,high
CURTIS_H000741_T01_01_WG01,2,4,linear,1468363,5,1,"[('20', 62965499, 62407703), ('20', 49676345, 49670519), ('20', 50656537, 50649172), ('20', 51637398, 51587776), ('20', 47312359, 46464600)]","[('20', 62407703, '20', 49676345), ('20', 49670519, '20', 50656537), ('20', 50649172, '20', 51637398), ('20', 51587776, '20', 47312359), ('20', 46464600, '20', 62965499)]",0.8,"[('20', 62407703, '20', 49676345), ('20', 49670519, '20', 50656537), ('20', 50649172, '20', 51637398), ('20', 51587776, '20', 47312359)]",0.2,"[('20', 46464600, '20', 62965499)]",0.0,[],1.0,"[('20', 62965499)]",['Low_Mappability'],0,{},[],0.0,0,2,1.0625,medium
CURTIS_H000741_T01_01_WG01,2,5,linear,4279020,4,1,"[('20', 58988999, 58767413), ('20', 52100674, 52555862), ('20', 53677814, 56135091), ('20', 57586969, 56442000)]","[('20', 58767413, '20', 52100674), ('20', 52555862, '20', 53677814), ('20', 56135091, '20', 57586969), ('20', 56442000, '20', 58988999)]",0.25,"[('20', 56135091, '20', 57586969)]",0.75,"[('20', 58767413, '20', 52100674), ('20', 52555862, '20', 53677814), ('20', 56442000, '20', 58988999)]",0.0,[],0.0,[],[],0,"{'20': {'GNAS': {'type': ['oncogene'], 'loc': ('57414773', '57486247')}}}",['GNAS'],1.0,0,0,1.375,medium
CURTIS_H000741_T01_01_WG01,2,6,linear,71998,1,1,"[('20', 61213499, 61141500)]","[('20', 61141500, '20', 61213499)]",0.0,[],1.0,"[('20', 61141500, '20', 61213499)]",0.0,[],0.0,[],[],0,{},[],0.0,0,0,1.5,medium
CURTIS_H000741_T01_01_WG01,1,1,circular,2400755,2,1,"[('15', 97225762, 99574490), ('15', 99575638, 99627663)]","[('15', 99574490, '15', 99575638), ('15', 99627663, '15', 97225762)]",1.0,"[('15', 99627663, '15', 97225762)]",0.0,[],0.0,[],0.0,[],[],1,{},[],1.0,1,2,0.875,high
CURTIS_H000741_T01_01_WG01,1,2,circular,4495589,5,2,"[('8', 37051850, 38520471), ('8', 38518584, 37834224), ('8', 35670622, 37050887), ('15', 99922520, 99575638), ('15', 99574490, 98959028)]","[('8', 38520471, '8', 38518584), ('8', 37834224, '15', 99922520), ('15', 99575638, '15', 99574490), ('15', 98959028, '8', 35670622), ('8', 37050887, '8', 37051850)]",0.0,[],1.0,"[('8', 37834224, '15', 99922520), ('15', 98959028, '8', 35670622)]",0.0,[],0.0,[],[],3,"{'8': {'FGFR1': {'type': ['oncogene', ' fusion'], 'loc': ('38268656', '38326352')}, 'NSD3': {'type': ['oncogene', ' fusion'], 'loc': ('38127215', '38239790')}}}","['FGFR1', 'FGFR1', 'NSD3', 'NSD3']",1.0,1,0,1.875,medium
CURTIS_H000741_T01_01_WG01,1,3,circular,6359498,12,2,"[('8', 37051850, 39243485), ('8', 41627393, 41693271), ('8', 41993596, 41971856), ('8', 41936629, 41942177), ('8', 41516366, 40851087), ('8', 40642200, 40060255), ('8', 39708175, 39308405), ('8', 39294191, 39708175), ('8', 40060255, 40642200), ('8', 40851087, 41074901), ('8', 35859162, 37050887), ('15', 60118033, 60134264)]","[('8', 39243485, '8', 41627393), ('8', 41693271, '15', 60118033), ('15', 60134264, '8', 41993596), ('8', 41971856, '8', 41936629), ('8', 41942177, '8', 41516366), ('8', 40851087, '8', 40642200), ('8', 40060255, '8', 39708175), ('8', 39308405, '8', 39294191), ('8', 39708175, '8', 40060255), ('8', 40642200, '8', 40851087), ('8', 41074901, '8', 35859162), ('8', 37050887, '8', 37051850)]",0.7272727272727273,"[('8', 39243485, '8', 41627393), ('8', 41971856, '8', 41936629), ('8', 41942177, '8', 41516366), ('8', 40851087, '8', 40642200), ('8', 40060255, '8', 39708175), ('8', 39308405, '8', 39294191), ('8', 39708175, '8', 40060255), ('8', 40642200, '8', 40851087)]",0.2727272727272727,"[('8', 41693271, '15', 60118033), ('15', 60134264, '8', 41993596), ('8', 41074901, '8', 35859162)]",0.3333333333333333,"[('15', 60118033, '8', 60118044), ('15', 60134264, '8', 60134267)]",0.0,[],[],1,"{'8': {'FGFR1': {'type': ['oncogene', ' fusion'], 'loc': ('38268656', '38326352')}, 'NSD3': {'type': ['oncogene', ' fusion'], 'loc': ('38127215', '38239790')}}}","['FGFR1', 'NSD3']",1.0,1,2,1.0,medium
CURTIS_H000741_T01_01_WG01,1,4,circular,6621885,6,2,"[('15', 60118033, 62490328), ('15', 71049350, 70088070), ('15', 97430625, 99574490), ('15', 99575638, 99930342), ('8', 38519626, 39243485), ('8', 41627393, 41693271)]","[('15', 62490328, '15', 71049350), ('15', 70088070, '15', 97430625), ('15', 99574490, '15', 99575638), ('15', 99930342, '8', 38519626), ('8', 39243485, '8', 41627393), ('8', 41693271, '15', 60118033)]",0.6,"[('15', 62490328, '15', 71049350), ('15', 70088070, '15', 97430625), ('8', 39243485, '8', 41627393)]",0.4,"[('15', 99930342, '8', 38519626), ('8', 41693271, '15', 60118033)]",0.25,"[('15', 60118033, '8', 60118044)]",0.0,[],[],1,{},[],1.0,1,2,1.0,medium
CURTIS_H000741_T01_01_WG01,1,5,circular,766783,2,2,"[('15', 98435020, 98839619), ('8', 39294336, 38932152)]","[('15', 98839619, '8', 39294336), ('8', 38932152, '15', 98435020)]",0.0,[],1.0,"[('15', 98839619, '8', 39294336), ('8', 38932152, '15', 98435020)]",0.0,[],0.0,[],[],0,{},[],0.0,1,0,1.5,medium
CURTIS_H000741_T01_01_WG01,1,6,circular,5175134,8,2,"[('15', 97624868, 99356322), ('15', 99930342, 99575638), ('15', 99574490, 98839265), ('15', 60489812, 61702092), ('15', 61388856, 60801255), ('8', 37085782, 37051850), ('8', 37050887, 36943454), ('8', 38932135, 38519626)]","[('15', 99356322, '8', 37085782), ('8', 37051850, '8', 37050887), ('8', 36943454, '8', 38932135), ('8', 38519626, '15', 99930342), ('15', 99575638, '15', 99574490), ('15', 98839265, '15', 60489812), ('15', 61702092, '15', 61388856), ('15', 60801255, '15', 97624868)]",0.5,"[('8', 36943454, '8', 38932135), ('15', 98839265, '15', 60489812), ('15', 60801255, '15', 97624868)]",0.5,"[('15', 99356322, '8', 37085782), ('8', 38519626, '15', 99930342), ('15', 61702092, '15', 61388856)]",0.0,[],0.0,[],[],2,{},[],1.0,1,2,0.875,high
CURTIS_H000741_T01_01_WG01,1,7,circular,595739,2,1,"[('15', 96841350, 97231541), ('15', 98518969, 98313421)]","[('15', 97231541, '15', 98518969), ('15', 98313421, '15', 96841350)]",0.5,"[('15', 97231541, '15', 98518969)]",0.5,"[('15', 98313421, '15', 96841350)]",0.0,[],0.0,[],[],0,{},[],0.0,1,2,0.5,high
CURTIS_H000741_T01_01_WG01,1,8,circular,1856273,3,2,"[('15', 99575638, 100479970), ('15', 99336520, 99574490), ('8', 35401470, 36115438)]","[('15', 100479970, '8', 35401470), ('8', 36115438, '15', 99336520), ('15', 99574490, '15', 99575638)]",0.0,[],1.0,"[('15', 100479970, '8', 35401470), ('8', 36115438, '15', 99336520)]",0.25,"[('15', 100479970, '8', 100479973)]",0.0,[],[],1,{},[],0.0,1,0,1.625,medium
CURTIS_H000741_T01_01_WG01,1,9,circular,6030758,3,1,"[('15', 76896943, 79836241), ('15', 73671480, 71850042), ('15', 75614572, 76884593)]","[('15', 79836241, '15', 73671480), ('15', 71850042, '15', 75614572), ('15', 76884593, '15', 76896943)]",0.6666666666666666,"[('15', 79836241, '15', 73671480), ('15', 71850042, '15', 75614572)]",0.3333333333333333,"[('15', 76884593, '15', 76896943)]",0.0,[],0.0,[],[],0,{},[],1.0,1,2,0.875,high
CURTIS_H000741_T01_01_WG01,1,10,circular,160957,1,1,"[('15', 99352250, 99513206)]","[('15', 99513206, '15', 99352250)]",0.0,[],1.0,"[('15', 99513206, '15', 99352250)]",0.0,[],0.0,[],[],0,{},[],0.0,1,0,1.5,medium
CURTIS_H000742_T01_01_WG01,2,1,circular,200235,1,1,"[('4', 70932627, 71132861)]","[('4', 71132861, '4', 70932627)]",1.0,"[('4', 71132861, '4', 70932627)]",0.0,[],0.0,[],0.0,[],[],0,{},[],0.0,1,2,0.5,high
CURTIS_H000742_T01_01_WG01,1,1,linear,1357085,1,1,"[('1', 154128589, 152771503)]","[('1', 152771503, '1', 154128589)]",0.0,[],1.0,"[('1', 152771503, '1', 154128589)]",0.0,[],0.0,[],[],0,"{'1': {'S100A7': {'type': ['fusion'], 'loc': ('153430220', '153433177')}}}",['S100A7'],0.0,0,0,1.5,medium
CURTIS_H000743_T01_01_WG01,1,1,linear,70873,2,1,"[('11', 36657407, 36654834), ('11', 36647454, 36579152)]","[('11', 36654834, '11', 36647454), ('11', 36579152, '11', 36657407)]",0.0,[],1.0,"[('11', 36654834, '11', 36647454), ('11', 36579152, '11', 36657407)]",0.0,[],0.0,[],[],0,{},[],0.0,0,0,1.5,medium
CURTIS_H000746_T01_01_WG01,2,1,linear,479563,1,1,"[('11', 70256264, 69776700)]","[('11', 69776700, '11', 70256264)]",0.0,[],1.0,"[('11', 69776700, '11', 70256264)]",0.5,"[('11', 70256264, '11', 72267361)]",0.0,[],[],0,"{'11': {'FADD': {'type': [''], 'loc': ('70049269', '70053496')}}}",['FADD'],0.0,0,0,1.75,medium
CURTIS_H000746_T01_01_WG01,1,1,linear,582676,1,1,"[('17', 38359799, 37777122)]","[('17', 37777122, '17', 38359799)]",0.0,[],1.0,"[('17', 37777122, '17', 38359799)]",0.0,[],0.0,[],[],0,"{'17': {'ERBB2': {'type': ['oncogene', ' fusion'], 'loc': ('37844167', '37886679')}, 'IKZF3': {'type': ['oncogene', ' TSG', ' fusion'], 'loc': ('37921198', '38020441')}}}","['ERBB2', 'IKZF3']",0.0,0,0,1.5,medium
CURTIS_H000747_T01_01_WG01,2,1,linear,572137,1,1,"[('17', 57014647, 56442509)]","[('17', 56442509, '17', 57014647)]",0.0,[],1.0,"[('17', 56442509, '17', 57014647)]",0.0,[],0.0,[],[],0,{},[],0.0,0,0,1.5,medium
CURTIS_H000747_T01_01_WG01,3,1,circular,14835,1,1,"[('1', 161412619, 161427453)]","[('1', 161427453, '1', 161412619)]",0.0,[],1.0,"[('1', 161427453, '1', 161412619)]",0.0,[],1.0,"[('1', 161427453), ('1', 161412619)]","['High_Signal_Region', 'High_Signal_Region']",0,{},[],0.0,1,1,2.0625,low
CURTIS_H000747_T01_01_WG01,3,2,linear,1527888,2,1,"[('1', 199411593, 199405465), ('1', 204393739, 205915499)]","[('1', 199405465, '1', 204393739), ('1', 205915499, '1', 199411593)]",0.5,"[('1', 199405465, '1', 204393739)]",0.5,"[('1', 205915499, '1', 199411593)]",0.5,"[('1', 199411593, '1', 152104482)]",0.0,[],[],0,"{'1': {'ELK4': {'type': ['oncogene', ' fusion'], 'loc': ('205577071', '205601090')}, 'MDM4': {'type': ['oncogene'], 'loc': ('204485511', '204542871')}, 'SLC45A3': {'type': ['fusion'], 'loc': ('205626979', '205649587')}}}","['ELK4', 'MDM4', 'SLC45A3']",0.0,0,2,0.75,high
CURTIS_H000747_T01_01_WG01,3,3,linear,448537,2,1,"[('1', 204571647, 204271223), ('1', 198654515, 198506400)]","[('1', 204271223, '1', 198654515), ('1', 198506400, '1', 204571647)]",0.5,"[('1', 204271223, '1', 198654515)]",0.5,"[('1', 198506400, '1', 204571647)]",0.0,[],0.0,[],[],0,"{'1': {'MDM4': {'type': ['oncogene'], 'loc': ('204485511', '204542871')}}}",['MDM4'],0.0,0,2,0.5,high
CURTIS_H000747_T01_01_WG01,3,4,circular,1148817,2,1,"[('1', 199440230, 200564644), ('1', 199414337, 199438738)]","[('1', 200564644, '1', 199414337), ('1', 199438738, '1', 199440230)]",1.0,"[('1', 200564644, '1', 199414337)]",0.0,[],0.0,[],0.0,[],[],1,{},[],0.0,1,2,0.5,high
CURTIS_H000747_T01_01_WG01,3,5,linear,459788,2,1,"[('1', 63049922, 63192959), ('1', 146783951, 146467200)]","[('1', 63192959, '1', 146783951), ('1', 146467200, '1', 63049922)]",0.5,"[('1', 63192959, '1', 146783951)]",0.5,"[('1', 146467200, '1', 63049922)]",0.0,[],0.0,[],[],0,{},[],0.0,0,2,0.5,high
CURTIS_H000747_T01_01_WG01,3,6,linear,300499,1,1,"[('21', 10658772, 10358272)]","[('21', 10358272, '21', 10658772)]",0.0,[],1.0,"[('21', 10358272, '21', 10658772)]",0.0,[],1.0,"[('21', 10358272), ('21', 10658772)]","['High_Signal_Region', 'High_Signal_Region']",0,{},[],0.0,0,1,2.0625,low
CURTIS_H000747_T01_01_WG01,3,7,linear,99450,1,1,"[('1', 189339026, 189239575)]","[('1', 189239575, '1', 189339026)]",0.0,[],1.0,"[('1', 189239575, '1', 189339026)]",0.0,[],0.0,[],[],0,{},[],0.0,0,0,1.5,medium
CURTIS_H000747_T01_01_WG01,3,8,linear,200500,1,1,"[('1', 151752644, 151552143)]","[('1', 151552143, '1', 151752644)]",0.0,[],1.0,"[('1', 151552143, '1', 151752644)]",0.0,[],0.0,[],[],0,{},[],0.0,0,0,1.5,medium
CURTIS_H000747_T01_01_WG01,3,9,linear,10499,1,1,"[('16', 13610867, 13600367)]","[('16', 13600367, '16', 13610867)]",0.0,[],1.0,"[('16', 13600367, '16', 13610867)]",0.0,[],0.0,[],[],0,{},[],0.0,0,0,1.5,medium
CURTIS_H000748_T01_01_WG01,1,1,linear,10487,1,1,"[('1', 205734088, 205723600)]","[('1', 205723600, '1', 205734088)]",0.0,[],1.0,"[('1', 205723600, '1', 205734088)]",0.0,[],0.0,[],[],0,{},[],0.0,0,0,1.5,medium
CURTIS_H000748_T01_01_WG01,1,2,linear,965,1,1,"[('3', 111275063, 111274097)]","[('3', 111274097, '3', 111275063)]",0.0,[],1.0,"[('3', 111274097, '3', 111275063)]",0.0,[],0.0,[],[],0,{},[],0.0,0,0,1.5,medium
CURTIS_H000748_T01_01_WG01,1,3,linear,20486,1,1,"[('17', 29220933, 29200446)]","[('17', 29200446, '17', 29220933)]",0.0,[],1.0,"[('17', 29200446, '17', 29220933)]",0.0,[],0.0,[],[],0,{},[],0.0,0,0,1.5,medium
CURTIS_H000748_T01_01_WG01,1,4,linear,10486,1,1,"[('1', 211947731, 211937244)]","[('1', 211937244, '1', 211947731)]",0.0,[],1.0,"[('1', 211937244, '1', 211947731)]",0.0,[],0.0,[],[],0,{},[],0.0,0,0,1.5,medium
CURTIS_H000748_T01_01_WG01,1,5,linear,20486,1,1,"[('17', 29297945, 29277458)]","[('17', 29277458, '17', 29297945)]",0.0,[],1.0,"[('17', 29277458, '17', 29297945)]",0.0,[],0.0,[],[],0,{},[],0.0,0,0,1.5,medium
CURTIS_H000748_T01_01_WG01,1,6,linear,168830,1,1,"[('8', 123330831, 123162000)]","[('8', 123162000, '8', 123330831)]",0.0,[],1.0,"[('8', 123162000, '8', 123330831)]",0.0,[],0.0,[],[],0,{},[],0.0,0,0,1.5,medium
CURTIS_H000748_T01_01_WG01,1,7,linear,1692523,2,1,"[('17', 34517399, 34232728), ('17', 38950454, 37542600)]","[('17', 34232728, '17', 38950454), ('17', 37542600, '17', 34517399)]",0.5,"[('17', 34232728, '17', 38950454)]",0.5,"[('17', 37542600, '17', 34517399)]",0.0,[],1.0,"[('17', 34517399)]",['Low_Mappability'],0,"{'17': {'CCR7': {'type': ['oncogene'], 'loc': ('38710021', '38721724')}, 'CDK12': {'type': ['TSG'], 'loc': ('37617764', '37721160')}, 'ERBB2': {'type': ['oncogene', ' fusion'], 'loc': ('37844167', '37886679')}, 'IKZF3': {'type': ['oncogene', ' TSG', ' fusion'], 'loc': ('37921198', '38020441')}, 'RARA': {'type': ['oncogene', ' fusion'], 'loc': ('38465444', '38513094')}, 'SMARCE1': {'type': ['TSG'], 'loc': ('38781214', '38804760')}}}","['CCR7', 'CDK12', 'ERBB2', 'IKZF3', 'RARA', 'SMARCE1']",0.0,0,1,1.0625,medium
CURTIS_H000748_T01_01_WG01,1,8,linear,1169760,5,1,"[('17', 38228399, 37246890), ('17', 37103664, 37035487), ('17', 37030722, 37033746), ('17', 29815902, 29815651), ('17', 29812216, 29695414)]","[('17', 37246890, '17', 37103664), ('17', 37035487, '17', 37030722), ('17', 37033746, '17', 29815902), ('17', 29815651, '17', 29812216), ('17', 29695414, '17', 38228399)]",0.8,"[('17', 37246890, '17', 37103664), ('17', 37035487, '17', 37030722), ('17', 37033746, '17', 29815902), ('17', 29815651, '17', 29812216)]",0.2,"[('17', 29695414, '17', 38228399)]",0.0,[],0.0,[],[],0,"{'17': {'CDK12': {'type': ['TSG'], 'loc': ('37617764', '37721160')}, 'ERBB2': {'type': ['oncogene', ' fusion'], 'loc': ('37844167', '37886679')}, 'IKZF3': {'type': ['oncogene', ' TSG', ' fusion'], 'loc': ('37921198', '38020441')}}}","['CDK12', 'ERBB2', 'IKZF3']",0.0,0,2,0.5,high
CURTIS_H000750_T01_01_WG01,1,1,linear,1062445,2,1,"[('17', 32679896, 31829719), ('17', 31364655, 31152385)]","[('17', 31829719, '17', 31364655), ('17', 31152385, '17', 32679896)]",0.5,"[('17', 31829719, '17', 31364655)]",0.5,"[('17', 31152385, '17', 32679896)]",0.0,[],0.0,[],[],0,{},[],0.0,0,2,0.5,high
CURTIS_H000750_T01_01_WG01,1,2,linear,926389,3,2,"[('17', 31140706, 30610221), ('11', 69540461, 69401402), ('11', 69400848, 69144000)]","[('17', 30610221, '11', 69540461), ('11', 69401402, '11', 69400848), ('11', 69144000, '17', 31140706)]",0.0,[],1.0,"[('17', 30610221, '11', 69540461), ('11', 69144000, '17', 31140706)]",0.0,[],0.0,[],[],1,"{'11': {'CCND1': {'type': ['oncogene', ' fusion'], 'loc': ('69455855', '69469242')}}}",['CCND1'],0.0,0,0,1.5,medium
CURTIS_H000750_T01_01_WG01,1,3,circular,956,1,1,"[('17', 36998960, 36999915)]","[('17', 36999915, '17', 36998960)]",0.0,[],1.0,"[('17', 36999915, '17', 36998960)]",0.0,[],0.0,[],[],0,{},[],0.0,1,0,1.5,medium
CURTIS_H000750_T01_01_WG01,1,4,linear,1369527,1,1,"[('17', 38086199, 36716671)]","[('17', 36716671, '17', 38086199)]",0.0,[],1.0,"[('17', 36716671, '17', 38086199)]",0.0,[],0.0,[],[],0,"{'17': {'CDK12': {'type': ['TSG'], 'loc': ('37617764', '37721160')}, 'ERBB2': {'type': ['oncogene', ' fusion'], 'loc': ('37844167', '37886679')}, 'IKZF3': {'type': ['oncogene', ' TSG', ' fusion'], 'loc': ('37921198', '38020441')}, 'LASP1': {'type': ['fusion'], 'loc': ('37026112', '37078023')}, 'MLLT6': {'type': ['fusion'], 'loc': ('36861795', '36886056')}}}","['CDK12', 'ERBB2', 'IKZF3', 'LASP1', 'MLLT6']",0.0,0,0,1.5,medium
CURTIS_H000753_T01_01_WG01,4,1,linear,684043,2,1,"[('17', 58564199, 58146620), ('17', 37893066, 37626600)]","[('17', 58146620, '17', 37893066), ('17', 37626600, '17', 58564199)]",0.5,"[('17', 58146620, '17', 37893066)]",0.5,"[('17', 37626600, '17', 58564199)]",0.0,[],0.0,[],[],0,"{'17': {'ERBB2': {'type': ['oncogene', ' fusion'], 'loc': ('37844167', '37886679')}}}",['ERBB2'],0.0,0,2,0.5,high
CURTIS_H000753_T01_01_WG01,4,2,circular,1252764,3,1,"[('17', 37175262, 37881278), ('17', 58173810, 58146620), ('17', 37893066, 37373507)]","[('17', 37881278, '17', 58173810), ('17', 58146620, '17', 37893066), ('17', 37373507, '17', 37175262)]",0.6666666666666666,"[('17', 58146620, '17', 37893066), ('17', 37373507, '17', 37175262)]",0.3333333333333333,"[('17', 37881278, '17', 58173810)]",0.0,[],0.0,[],[],0,"{'17': {'CDK12': {'type': ['TSG'], 'loc': ('37617764', '37721160')}, 'ERBB2': {'type': ['oncogene', ' fusion'], 'loc': ('37844167', '37886679')}}}","['CDK12', 'CDK12', 'ERBB2']",0.0,1,2,0.5,high
CURTIS_H000753_T01_01_WG01,4,3,circular,2966844,3,1,"[('17', 56812962, 59353884), ('17', 55746897, 55746875), ('17', 52738927, 52313026)]","[('17', 59353884, '17', 55746897), ('17', 55746875, '17', 52738927), ('17', 52313026, '17', 56812962)]",1.0,"[('17', 59353884, '17', 55746897), ('17', 55746875, '17', 52738927), ('17', 52313026, '17', 56812962)]",0.0,[],0.0,[],0.0,[],[],0,"{'17': {'CLTC': {'type': ['TSG', ' fusion'], 'loc': ('57697219', '57773671')}, 'PPM1D': {'type': ['oncogene'], 'loc': ('58677544', '58741849')}}}","['CLTC', 'PPM1D']",1.0,1,2,0.875,high
CURTIS_H000753_T01_01_WG01,4,4,linear,1131898,1,1,"[('17', 59279699, 58147800)]","[('17', 58147800, '17', 59279699)]",0.0,[],1.0,"[('17', 58147800, '17', 59279699)]",0.0,[],0.0,[],[],0,"{'17': {'PPM1D': {'type': ['oncogene'], 'loc': ('58677544', '58741849')}}}",['PPM1D'],0.0,0,0,1.5,medium
CURTIS_H000753_T01_01_WG01,3,1,linear,828477,1,1,"[('11', 88566778, 87738300)]","[('11', 87738300, '11', 88566778)]",0.0,[],1.0,"[('11', 87738300, '11', 88566778)]",0.0,[],0.0,[],[],0,{},[],0.0,0,0,1.5,medium
CURTIS_H000757_T01_01_WG01,1,1,linear,929596,3,1,"[('7', 64895796, 64414027), ('7', 64413371, 64318052), ('7', 64315821, 63963310)]","[('7', 64414027, '7', 64413371), ('7', 64318052, '7', 64315821), ('7', 63963310, '7', 64895796)]",0.0,[],1.0,"[('7', 64318052, '7', 64315821), ('7', 63963310, '7', 64895796)]",0.0,[],0.0,[],[],1,{},[],0.0,0,0,1.5,medium
CURTIS_H000758_T01_01_WG01,1,1,linear,61498,1,1,"[('1', 2634299, 2572800)]","[('1', 2572800, '1', 2634299)]",0.0,[],1.0,"[('1', 2572800, '1', 2634299)]",0.0,[],1.0,"[('1', 2634299)]",['High_Signal_Region'],0,{},[],0.0,0,1,2.0625,low
CURTIS_H000758_T01_01_WG01,1,2,circular,17971,1,1,"[('11', 76869727, 76887697)]","[('11', 76887697, '11', 76869727)]",1.0,"[('11', 76887697, '11', 76869727)]",0.0,[],0.0,[],0.0,[],[],0,{},[],0.0,1,2,0.5,high
CURTIS_H000758_T01_01_WG01,1,3,linear,1196807,2,1,"[('1', 2634299, 2149293), ('1', 3398003, 2686200)]","[('1', 2149293, '1', 3398003), ('1', 2686200, '1', 2634299)]",0.5,"[('1', 2149293, '1', 3398003)]",0.5,"[('1', 2686200, '1', 2634299)]",0.0,[],1.0,"[('1', 2686200), ('1', 2634299)]","['High_Signal_Region', 'High_Signal_Region']",0,"{'1': {'PRDM16': {'type': ['oncogene', ' fusion'], 'loc': ('2985732', '3355185')}, 'SKI': {'type': ['oncogene'], 'loc': ('2160134', '2241558')}, 'TNFRSF14': {'type': ['TSG'], 'loc': ('2487078', '2496821')}}}","['PRDM16', 'SKI', 'TNFRSF14']",0.0,0,1,1.0625,medium
CURTIS_H000758_T01_01_WG01,1,4,linear,565198,1,1,"[('11', 78163199, 77598000)]","[('11', 77598000, '11', 78163199)]",0.0,[],1.0,"[('11', 77598000, '11', 78163199)]",0.0,[],1.0,"[('11', 77598000)]",['High_Signal_Region'],0,{},[],0.0,0,1,2.0625,low
CURTIS_H000758_T01_01_WG01,1,5,circular,2422675,4,1,"[('11', 77211402, 78183978), ('11', 76634468, 76371200), ('11', 78797683, 78185506), ('11', 77211180, 76636524)]","[('11', 78183978, '11', 76634468), ('11', 76371200, '11', 78797683), ('11', 78185506, '11', 77211180), ('11', 76636524, '11', 77211402)]",1.0,"[('11', 78183978, '11', 76634468), ('11', 76371200, '11', 78797683), ('11', 78185506, '11', 77211180), ('11', 76636524, '11', 77211402)]",0.0,[],0.0,[],0.0,[],[],0,{},[],1.0,1,2,0.875,high
CURTIS_H000758_T01_01_WG01,1,6,linear,2085129,4,2,"[('11', 76882799, 76636524), ('11', 77211402, 77420934), ('17', 27430653, 26783491), ('17', 26782412, 25800250)]","[('11', 76636524, '11', 77211402), ('11', 77420934, '17', 27430653), ('17', 26783491, '17', 26782412), ('17', 25800250, '11', 76882799)]",0.3333333333333333,"[('11', 76636524, '11', 77211402)]",0.6666666666666666,"[('11', 77420934, '17', 27430653), ('17', 25800250, '11', 76882799)]",0.0,[],0.0,[],[],1,{},[],0.0,0,0,1.0,medium
CURTIS_H000758_T01_01_WG01,1,7,circular,2029474,2,1,"[('11', 76636524, 78160360), ('11', 77717040, 77211402)]","[('11', 78160360, '11', 77717040), ('11', 77211402, '11', 76636524)]",1.0,"[('11', 78160360, '11', 77717040), ('11', 77211402, '11', 76636524)]",0.0,[],0.0,[],0.0,[],[],0,{},[],0.0,1,2,0.5,high
CURTIS_H000767_T01_01_WG01,1,1,linear,224613,1,1,"[('14', 20424599, 20199985)]","[('14', 20199985, '14', 20424599)]",0.0,[],1.0,"[('14', 20199985, '14', 20424599)]",0.0,[],1.0,"[('14', 20199985)]",['High_Signal_Region'],0,{},[],0.0,0,1,2.0625,low
CURTIS_H000767_T01_01_WG01,1,2,linear,20456,1,1,"[('8', 78921625, 78901168)]","[('8', 78901168, '8', 78921625)]",0.0,[],1.0,"[('8', 78901168, '8', 78921625)]",0.0,[],0.0,[],[],0,{},[],0.0,0,0,1.5,medium
CURTIS_H000767_T01_01_WG01,1,3,linear,10456,1,1,"[('8', 93351329, 93340872)]","[('8', 93340872, '8', 93351329)]",0.0,[],1.0,"[('8', 93340872, '8', 93351329)]",0.5,"[('8', 93340872, '8', 41246635)]",0.0,[],[],0,{},[],0.0,0,0,1.75,medium
CURTIS_H000767_T01_01_WG01,1,4,linear,20457,1,1,"[('8', 126435635, 126415177)]","[('8', 126415177, '8', 126435635)]",0.0,[],1.0,"[('8', 126415177, '8', 126435635)]",0.0,[],0.0,[],[],0,{},[],0.0,0,0,1.5,medium
CURTIS_H000767_T01_01_WG01,1,5,linear,2164592,1,1,"[('14', 22364578, 20199985)]","[('14', 20199985, '14', 22364578)]",0.0,[],1.0,"[('14', 20199985, '14', 22364578)]",0.0,[],1.0,"[('14', 20199985)]",['High_Signal_Region'],0,"{'14': {'CCNB1IP1': {'type': ['TSG', ' fusion'], 'loc': ('20779527', '20801471')}}}",['CCNB1IP1'],0.0,0,1,2.0625,low
CURTIS_H000768_T01_01_WG01,2,1,linear,94720,1,1,"[('17', 62555621, 62460900)]","[('17', 62460900, '17', 62555621)]",0.0,[],1.0,"[('17', 62460900, '17', 62555621)]",0.0,[],0.0,[],[],0,"{'17': {'DDX5': {'type': ['oncogene', ' fusion'], 'loc': ('62495734', '62504317')}}}",['DDX5'],0.0,0,0,1.5,medium
CURTIS_H000768_T01_01_WG01,1,1,linear,2962025,2,1,"[('17', 65800540, 64266110), ('17', 64265053, 62837456)]","[('17', 64266110, '17', 64265053), ('17', 62837456, '17', 65800540)]",0.0,[],1.0,"[('17', 62837456, '17', 65800540)]",0.0,[],0.0,[],[],1,"{'17': {'AXIN2': {'type': ['TSG'], 'loc': ('63524681', '63557765')}}}",['AXIN2'],1.0,0,0,1.875,medium
CURTIS_H000773_T01_01_WG01,2,1,linear,126298,1,1,"[('17', 36411599, 36285300)]","[('17', 36285300, '17', 36411599)]",0.0,[],1.0,"[('17', 36285300, '17', 36411599)]",0.0,[],1.0,"[('17', 36285300)]",['High_Signal_Region'],0,{},[],0.0,0,1,2.0625,low
CURTIS_H000773_T01_01_WG01,2,2,linear,1689233,2,1,"[('17', 33476151, 32453665), ('17', 31542749, 30876000)]","[('17', 32453665, '17', 31542749), ('17', 30876000, '17', 33476151)]",0.5,"[('17', 32453665, '17', 31542749)]",0.5,"[('17', 30876000, '17', 33476151)]",0.0,[],0.0,[],[],0,{},[],0.0,0,2,0.5,high
CURTIS_H000773_T01_01_WG01,2,3,linear,300477,1,1,"[('17', 34675799, 34375321)]","[('17', 34375321, '17', 34675799)]",0.0,[],1.0,"[('17', 34375321, '17', 34675799)]",0.0,[],1.0,"[('17', 34675799)]",['Low_Mappability'],0,{},[],0.0,0,1,2.0625,low
CURTIS_H000773_T01_01_WG01,1,1,circular,1129,1,1,"[('20', 47131682, 47132810)]","[('20', 47132810, '20', 47131682)]",0.0,[],1.0,"[('20', 47132810, '20', 47131682)]",0.0,[],1.0,"[('20', 47132810), ('20', 47131682)]","['High_Signal_Region', 'High_Signal_Region']",0,{},[],0.0,1,1,2.0625,low
CURTIS_H000773_T01_01_WG01,1,2,circular,1330,1,1,"[('20', 46523458, 46524787)]","[('20', 46524787, '20', 46523458)]",0.0,[],1.0,"[('20', 46524787, '20', 46523458)]",0.0,[],1.0,"[('20', 46524787), ('20', 46523458)]","['High_Signal_Region', 'High_Signal_Region']",0,{},[],0.0,1,1,2.0625,low
CURTIS_H000773_T01_01_WG01,1,3,circular,1423,2,1,"[('20', 46523578, 46524649), ('20', 47132309, 47131957)]","[('20', 46524649, '20', 47132309), ('20', 47131957, '20', 46523578)]",0.0,[],1.0,"[('20', 46524649, '20', 47132309), ('20', 47131957, '20', 46523578)]",0.0,[],1.0,"[('20', 46524649), ('20', 47132309), ('20', 47131957), ('20', 46523578)]","['High_Signal_Region', 'High_Signal_Region', 'High_Signal_Region', 'High_Signal_Region']",0,{},[],0.0,1,1,2.0625,low
CURTIS_H000773_T01_01_WG01,3,1,linear,529843,1,1,"[('17', 34367947, 33838103)]","[('17', 33838103, '17', 34367947)]",0.0,[],1.0,"[('17', 33838103, '17', 34367947)]",0.0,[],0.0,[],[],0,"{'17': {'TAF15': {'type': ['oncogene', ' fusion'], 'loc': ('34136459', '34191619')}}}",['TAF15'],0.0,0,0,1.5,medium
CURTIS_H000775_T01_01_WG01,1,1,linear,1442881,1,1,"[('11', 71236682, 69793800)]","[('11', 69793800, '11', 71236682)]",0.0,[],1.0,"[('11', 69793800, '11', 71236682)]",0.0,[],0.0,[],[],0,"{'11': {'FADD': {'type': [''], 'loc': ('70049269', '70053496')}}}",['FADD'],0.0,0,0,1.5,medium
CURTIS_H000777_T01_01_WG01,1,1,linear,579042,2,1,"[('11', 69719399, 69401402), ('11', 69400847, 69139800)]","[('11', 69401402, '11', 69400847), ('11', 69139800, '11', 69719399)]",0.0,[],1.0,"[('11', 69139800, '11', 69719399)]",0.0,[],0.0,[],[],1,"{'11': {'CCND1': {'type': ['oncogene', ' fusion'], 'loc': ('69455855', '69469242')}}}",['CCND1'],0.0,0,0,1.5,medium
CURTIS_H000777_T01_01_WG01,1,2,linear,3035513,2,1,"[('11', 69089699, 66853840), ('11', 70588356, 69788700)]","[('11', 66853840, '11', 70588356), ('11', 69788700, '11', 69089699)]",0.5,"[('11', 66853840, '11', 70588356)]",0.5,"[('11', 69788700, '11', 69089699)]",0.0,[],0.0,[],[],0,"{'11': {'FADD': {'type': [''], 'loc': ('70049269', '70053496')}}}",['FADD'],1.0,0,2,0.875,high
CURTIS_H000777_T01_01_WG01,1,3,circular,1235,1,1,"[('11', 67974528, 67975762)]","[('11', 67975762, '11', 67974528)]",0.0,[],1.0,"[('11', 67975762, '11', 67974528)]",0.0,[],0.0,[],[],0,{},[],0.0,1,0,1.5,medium
CURTIS_H000782_T01_01_WG01,3,1,linear,299465,1,1,"[('10', 47250713, 46951247)]","[('10', 46951247, '10', 47250713)]",0.0,[],1.0,"[('10', 46951247, '10', 47250713)]",0.0,[],0.0,[],[],0,{},[],0.0,0,0,1.5,medium
CURTIS_H000782_T01_01_WG01,3,2,linear,885162,2,1,"[('10', 46371599, 45586933), ('10', 51581785, 51481287)]","[('10', 45586933, '10', 51581785), ('10', 51481287, '10', 46371599)]",0.5,"[('10', 45586933, '10', 51581785)]",0.5,"[('10', 51481287, '10', 46371599)]",0.0,[],0.0,[],[],0,{},[],0.0,0,2,0.5,high
CURTIS_H000782_T01_01_WG01,2,1,linear,1663381,1,1,"[('10', 51053334, 49389952)]","[('10', 49389952, '10', 51053334)]",0.0,[],1.0,"[('10', 49389952, '10', 51053334)]",0.0,[],0.0,[],[],0,{},[],0.0,0,0,1.5,medium
CURTIS_H000782_T01_01_WG01,4,1,linear,333672,1,1,"[('10', 48664054, 48330381)]","[('10', 48330381, '10', 48664054)]",0.0,[],1.0,"[('10', 48330381, '10', 48664054)]",0.0,[],0.0,[],[],0,{},[],0.0,0,0,1.5,medium
CURTIS_H000793_T01_01_WG01,1,1,circular,311,2,1,"[('13', 88455056, 88455362), ('13', 88450589, 88450584)]","[('13', 88455362, '13', 88450589), ('13', 88450584, '13', 88455056)]",0.5,"[('13', 88455362, '13', 88450589)]",0.5,"[('13', 88450584, '13', 88455056)]",0.5,"[('13', 88450584, '13', 88455369)]",0.0,[],[],0,{},[],1.0,1,2,1.125,medium
CURTIS_H000793_T01_01_WG01,1,2,linear,145391,3,2,"[('3', 87132300, 87152945), ('13', 88451298, 88452128), ('13', 88450815, 88326900)]","[('3', 87152945, '13', 88451298), ('13', 88452128, '13', 88450815), ('13', 88326900, '3', 87132300)]",0.0,[],1.0,"[('3', 87152945, '13', 88451298), ('13', 88326900, '3', 87132300)]",0.0,[],0.0,[],[],1,{},[],0.0,0,0,1.5,medium
CURTIS_H000805_T01_01_WG01,1,1,linear,34711,1,1,"[('17', 36318512, 36283800)]","[('17', 36283800, '17', 36318512)]",0.0,[],1.0,"[('17', 36283800, '17', 36318512)]",0.0,[],1.0,"[('17', 36283800), ('17', 36318512)]","['High_Signal_Region', 'High_Signal_Region']",0,{},[],0.0,0,1,2.0625,low
CURTIS_H000807_T01_01_WG01,1,1,linear,584698,1,1,"[('11', 69724499, 69139800)]","[('11', 69139800, '11', 69724499)]",0.0,[],1.0,"[('11', 69139800, '11', 69724499)]",0.0,[],0.0,[],[],0,"{'11': {'CCND1': {'type': ['oncogene', ' fusion'], 'loc': ('69455855', '69469242')}}}",['CCND1'],0.0,0,0,1.5,medium
CURTIS_H000807_T01_01_WG01,1,2,linear,200466,1,1,"[('8', 118340481, 118140014)]","[('8', 118140014, '8', 118340481)]",0.0,[],1.0,"[('8', 118140014, '8', 118340481)]",0.0,[],0.0,[],[],0,{},[],0.0,0,0,1.5,medium
CURTIS_H000807_T01_01_WG01,1,3,linear,270465,1,1,"[('8', 103489689, 103219223)]","[('8', 103219223, '8', 103489689)]",0.0,[],1.0,"[('8', 103219223, '8', 103489689)]",0.0,[],0.0,[],[],0,"{'8': {'UBR5': {'type': ['oncogene'], 'loc': ('103265240', '103425069')}}}",['UBR5'],0.0,0,0,1.5,medium
CURTIS_H000807_T01_01_WG01,1,4,linear,724355,2,1,"[('8', 130086501, 129471264), ('8', 129465155, 129356035)]","[('8', 129471264, '8', 129465155), ('8', 129356035, '8', 130086501)]",0.0,[],1.0,"[('8', 129471264, '8', 129465155), ('8', 129356035, '8', 130086501)]",0.0,[],0.0,[],[],0,{},[],0.0,0,0,1.5,medium
CURTIS_H000807_T01_01_WG01,1,5,linear,250465,1,1,"[('8', 105058381, 104807915)]","[('8', 104807915, '8', 105058381)]",0.0,[],1.0,"[('8', 104807915, '8', 105058381)]",0.0,[],0.0,[],[],0,{},[],0.0,0,0,1.5,medium
CURTIS_H000807_T01_01_WG01,1,6,linear,1305422,3,2,"[('8', 125828783, 125693062), ('11', 71279941, 70696569), ('11', 70375032, 69788700)]","[('8', 125693062, '11', 71279941), ('11', 70696569, '11', 70375032), ('11', 69788700, '8', 125828783)]",0.3333333333333333,"[('11', 70696569, '11', 70375032)]",0.6666666666666666,"[('8', 125693062, '11', 71279941), ('11', 69788700, '8', 125828783)]",0.25,"[('11', 71279941, '8', 71279944)]",0.0,[],[],0,"{'11': {'FADD': {'type': [''], 'loc': ('70049269', '70053496')}}}",['FADD'],0.0,0,0,1.125,medium
CURTIS_H000807_T01_01_WG01,1,7,linear,2301806,1,1,"[('14', 54176399, 51874592)]","[('14', 51874592, '14', 54176399)]",0.0,[],1.0,"[('14', 51874592, '14', 54176399)]",0.0,[],0.0,[],[],0,{},[],0.0,0,0,1.5,medium
CURTIS_H000813_T01_01_WG01,2,1,linear,103685,1,1,"[('4', 75426213, 75322527)]","[('4', 75322527, '4', 75426213)]",0.0,[],1.0,"[('4', 75322527, '4', 75426213)]",0.0,[],0.0,[],[],0,{},[],0.0,0,0,1.5,medium
CURTIS_H000814_T01_01_WG01,2,1,linear,66898,1,1,"[('17', 34339499, 34272600)]","[('17', 34272600, '17', 34339499)]",0.0,[],1.0,"[('17', 34272600, '17', 34339499)]",0.0,[],0.0,[],[],0,{},[],0.0,0,0,1.5,medium
CURTIS_H000814_T01_01_WG01,3,1,linear,1339627,1,1,"[('1', 151187807, 149848179)]","[('1', 149848179, '1', 151187807)]",0.0,[],1.0,"[('1', 149848179, '1', 151187807)]",0.0,[],0.0,[],[],0,"{'1': {'ARNT': {'type': ['oncogene', ' TSG', ' fusion'], 'loc': ('150782181', '150849244')}, 'MLLT11': {'type': ['fusion'], 'loc': ('151030234', '151040970')}, 'SETDB1': {'type': ['oncogene'], 'loc': ('150898739', '150937213')}}}","['ARNT', 'MLLT11', 'SETDB1']",0.0,0,0,1.5,medium
CURTIS_H000814_T01_01_WG01,5,1,linear,397022,1,1,"[('11', 50773923, 50376900)]","[('11', 50376900, '11', 50773923)]",0.0,[],1.0,"[('11', 50376900, '11', 50773923)]",0.0,[],1.0,"[('11', 50773923)]",['High_Signal_Region'],0,{},[],0.0,0,1,2.0625,low
CURTIS_H000815_T01_01_WG01,2,1,linear,20511,1,1,"[('21', 43240408, 43219896)]","[('21', 43219896, '21', 43240408)]",0.0,[],1.0,"[('21', 43219896, '21', 43240408)]",0.5,"[('21', 43240408, '21', 44082350)]",0.0,[],[],0,{},[],0.0,0,0,1.75,medium
CURTIS_H000815_T01_01_WG01,1,1,linear,475042,1,1,"[('6', 107307813, 106832770)]","[('6', 106832770, '6', 107307813)]",0.0,[],1.0,"[('6', 106832770, '6', 107307813)]",0.0,[],0.0,[],[],0,{},[],0.0,0,0,1.5,medium
CURTIS_H000815_T01_01_WG01,1,3,circular,9176855,4,2,"[('3', 84382257, 87083773), ('3', 87082262, 84578522), ('6', 132808534, 130497324), ('6', 108137482, 106477091)]","[('3', 87083773, '3', 87082262), ('3', 84578522, '6', 132808534), ('6', 130497324, '6', 108137482), ('6', 106477091, '3', 84382257)]",0.3333333333333333,"[('6', 130497324, '6', 108137482)]",0.6666666666666666,"[('3', 84578522, '6', 132808534), ('6', 106477091, '3', 84382257)]",0.0,[],0.0,[],[],1,"{'6': {'PRDM1': {'type': ['TSG'], 'loc': ('106534195', '106557814')}}}",['PRDM1'],1.0,1,0,1.375,medium
CURTIS_H000815_T01_01_WG01,1,4,linear,3144155,2,1,"[('6', 132811799, 130497324), ('6', 108137482, 107307800)]","[('6', 130497324, '6', 108137482), ('6', 107307800, '6', 132811799)]",0.5,"[('6', 130497324, '6', 108137482)]",0.5,"[('6', 107307800, '6', 132811799)]",0.0,[],0.0,[],[],0,{},[],1.0,0,2,0.875,high
CURTIS_H000815_T01_01_WG01,1,5,linear,3261241,2,1,"[('6', 106957199, 105263068), ('6', 105265656, 106832766)]","[('6', 105263068, '6', 105265656), ('6', 106832766, '6', 106957199)]",0.5,"[('6', 105263068, '6', 105265656)]",0.5,"[('6', 106832766, '6', 106957199)]",0.0,[],0.0,[],[],0,"{'6': {'PRDM1': {'type': ['TSG'], 'loc': ('106534195', '106557814')}}}","['PRDM1', 'PRDM1']",1.0,0,2,0.875,high
CURTIS_H000815_T01_01_WG01,1,6,linear,5429917,7,2,"[('6', 106832745, 106313415), ('6', 135278031, 135279678), ('6', 133899531, 133347881), ('6', 133341838, 130502400), ('12', 96156571, 96233597), ('12', 96236325, 96340350), ('12', 96342948, 97679748)]","[('6', 106313415, '6', 135278031), ('6', 135279678, '12', 96156571), ('12', 96233597, '12', 96236325), ('12', 96340350, '12', 96342948), ('12', 97679748, '6', 133899531), ('6', 133347881, '6', 133341838), ('6', 130502400, '6', 106832745)]",0.1428571428571428,"[('6', 106313415, '6', 135278031)]",0.8571428571428571,"[('6', 135279678, '12', 96156571), ('12', 96233597, '12', 96236325), ('12', 96340350, '12', 96342948), ('12', 97679748, '6', 133899531), ('6', 133347881, '6', 133341838), ('6', 130502400, '6', 106832745)]",0.0,[],1.0,"[('6', 133347881), ('6', 133341838)]","['Low_Mappability', 'Low_Mappability']",0,"{'6': {'PRDM1': {'type': ['TSG'], 'loc': ('106534195', '106557814')}}}",['PRDM1'],1.0,0,1,1.9375,medium
CURTIS_H000815_T01_01_WG01,1,7,linear,826598,1,1,"[('6', 108134399, 107307800)]","[('6', 107307800, '6', 108134399)]",0.0,[],1.0,"[('6', 107307800, '6', 108134399)]",0.0,[],0.0,[],[],0,{},[],0.0,0,0,1.5,medium
CURTIS_H000815_T01_01_WG01,1,8,linear,334798,1,1,"[('6', 107304899, 106970100)]","[('6', 106970100, '6', 107304899)]",0.0,[],1.0,"[('6', 106970100, '6', 107304899)]",0.0,[],0.0,[],[],0,{},[],0.0,0,0,1.5,medium
CURTIS_H000815_T01_01_WG01,1,9,circular,8503208,3,1,"[('6', 105244127, 108137482), ('6', 130497324, 133341838), ('6', 133347881, 136113217)]","[('6', 108137482, '6', 130497324), ('6', 133341838, '6', 133347881), ('6', 136113217, '6', 105244127)]",0.6666666666666666,"[('6', 108137482, '6', 130497324), ('6', 136113217, '6', 105244127)]",0.3333333333333333,"[('6', 133341838, '6', 133347881)]",0.0,[],1.0,"[('6', 133341838), ('6', 133347881)]","['Low_Mappability', 'Low_Mappability']",0,"{'6': {'MYB': {'type': ['oncogene', ' fusion'], 'loc': ('135502453', '135540311')}, 'PRDM1': {'type': ['TSG'], 'loc': ('106534195', '106557814')}, 'SGK1': {'type': ['oncogene'], 'loc': ('134490384', '134639250')}}}","['MYB', 'PRDM1', 'SGK1']",1.0,1,1,1.4375,medium
CURTIS_H000818_T01_01_WG01,1,1,linear,818425,1,1,"[('11', 70599926, 69781500)]","[('11', 69781500, '11', 70599926)]",0.0,[],1.0,"[('11', 69781500, '11', 70599926)]",0.0,[],0.0,[],[],0,"{'11': {'FADD': {'type': [''], 'loc': ('70049269', '70053496')}}}",['FADD'],0.0,0,0,1.5,medium
CURTIS_H000818_T01_01_WG01,1,2,linear,572710,2,1,"[('11', 69713099, 69401408), ('11', 69400821, 69139800)]","[('11', 69401408, '11', 69400821), ('11', 69139800, '11', 69713099)]",0.0,[],1.0,"[('11', 69139800, '11', 69713099)]",0.0,[],0.0,[],[],1,"{'11': {'CCND1': {'type': ['oncogene', ' fusion'], 'loc': ('69455855', '69469242')}}}",['CCND1'],0.0,0,0,1.5,medium
CURTIS_H000818_T01_01_WG01,2,1,circular,383346,2,1,"[('8', 39001889, 39197183), ('8', 39188704, 39000652)]","[('8', 39197183, '8', 39188704), ('8', 39000652, '8', 39001889)]",0.0,[],1.0,"[('8', 39197183, '8', 39188704)]",0.0,[],0.0,[],[],1,{},[],0.0,1,0,1.5,medium
CURTIS_H000818_T01_01_WG01,2,2,circular,1191426,2,1,"[('8', 38714966, 39461283), ('8', 37249265, 37694372)]","[('8', 39461283, '8', 37249265), ('8', 37694372, '8', 38714966)]",1.0,"[('8', 39461283, '8', 37249265), ('8', 37694372, '8', 38714966)]",0.0,[],0.0,[],0.0,[],[],0,{},[],0.0,1,2,0.5,high
CURTIS_H000818_T01_01_WG01,2,3,circular,168385,2,1,"[('8', 39001889, 39087270), ('8', 39083656, 39000652)]","[('8', 39087270, '8', 39083656), ('8', 39000652, '8', 39001889)]",0.0,[],1.0,"[('8', 39087270, '8', 39083656)]",0.0,[],0.0,[],[],1,{},[],0.0,1,0,1.5,medium
CURTIS_H000818_T01_01_WG01,2,4,circular,148966,2,1,"[('8', 37350159, 37429299), ('8', 37439862, 37370036)]","[('8', 37429299, '8', 37439862), ('8', 37370036, '8', 37350159)]",0.0,[],1.0,"[('8', 37429299, '8', 37439862), ('8', 37370036, '8', 37350159)]",0.0,[],0.0,[],[],0,{},[],0.0,1,0,1.5,medium
CURTIS_H000818_T01_01_WG01,5,1,linear,20531,1,1,"[('17', 25483394, 25462862)]","[('17', 25462862, '17', 25483394)]",0.0,[],1.0,"[('17', 25462862, '17', 25483394)]",0.5,"[('17', 25462862, '17', 27776183)]",0.0,[],[],0,{},[],0.0,0,0,1.75,medium
CURTIS_H000819_T01_01_WG01,1,1,circular,1306,1,1,"[('20', 47131528, 47132833)]","[('20', 47132833, '20', 47131528)]",0.0,[],1.0,"[('20', 47132833, '20', 47131528)]",0.0,[],1.0,"[('20', 47132833), ('20', 47131528)]","['High_Signal_Region', 'High_Signal_Region']",0,{},[],0.0,1,1,2.0625,low
CURTIS_H000819_T01_01_WG01,1,2,circular,851,2,1,"[('20', 46523576, 46524034), ('20', 47132307, 47131914)]","[('20', 46524034, '20', 47132307), ('20', 47131914, '20', 46523576)]",0.0,[],1.0,"[('20', 46524034, '20', 47132307), ('20', 47131914, '20', 46523576)]",0.0,[],1.0,"[('20', 46524034), ('20', 47132307), ('20', 47131914), ('20', 46523576)]","['High_Signal_Region', 'High_Signal_Region', 'High_Signal_Region', 'High_Signal_Region']",0,{},[],0.0,1,1,2.0625,low
CURTIS_H000819_T01_01_WG01,1,3,circular,1030,1,1,"[('20', 46523577, 46524606)]","[('20', 46524606, '20', 46523577)]",0.0,[],1.0,"[('20', 46524606, '20', 46523577)]",0.0,[],1.0,"[('20', 46524606), ('20', 46523577)]","['High_Signal_Region', 'High_Signal_Region']",0,{},[],0.0,1,1,2.0625,low
CURTIS_H000821_T01_01_WG01,1,1,circular,1630,1,1,"[('17', 37687130, 37688759)]","[('17', 37688759, '17', 37687130)]",1.0,"[('17', 37688759, '17', 37687130)]",0.0,[],0.0,[],0.0,[],[],0,{},[],0.0,1,2,0.5,high
CURTIS_H000821_T01_01_WG01,1,2,linear,456598,1,1,"[('17', 38136899, 37680300)]","[('17', 37680300, '17', 38136899)]",0.0,[],1.0,"[('17', 37680300, '17', 38136899)]",0.0,[],0.0,[],[],0,"{'17': {'ERBB2': {'type': ['oncogene', ' fusion'], 'loc': ('37844167', '37886679')}, 'IKZF3': {'type': ['oncogene', ' TSG', ' fusion'], 'loc': ('37921198', '38020441')}}}","['ERBB2', 'IKZF3']",0.0,0,0,1.5,medium
CURTIS_H000821_T01_01_WG01,1,3,linear,223798,1,1,"[('17', 38136899, 37913100)]","[('17', 37913100, '17', 38136899)]",0.0,[],1.0,"[('17', 37913100, '17', 38136899)]",0.0,[],0.0,[],[],0,"{'17': {'IKZF3': {'type': ['oncogene', ' TSG', ' fusion'], 'loc': ('37921198', '38020441')}}}",['IKZF3'],0.0,0,0,1.5,medium
CURTIS_H000824_T01_01_WG01,1,1,linear,210472,1,1,"[('17', 65851615, 65641142)]","[('17', 65641142, '17', 65851615)]",0.0,[],1.0,"[('17', 65641142, '17', 65851615)]",0.0,[],0.0,[],[],0,{},[],0.0,0,0,1.5,medium
CURTIS_H000824_T01_01_WG01,1,2,linear,420472,1,1,"[('17', 59194000, 58773527)]","[('17', 58773527, '17', 59194000)]",0.0,[],1.0,"[('17', 58773527, '17', 59194000)]",0.0,[],0.0,[],[],0,{},[],0.0,0,0,1.5,medium
CURTIS_H000824_T01_01_WG01,1,3,linear,20472,1,1,"[('17', 63074701, 63054228)]","[('17', 63054228, '17', 63074701)]",0.0,[],1.0,"[('17', 63054228, '17', 63074701)]",0.0,[],0.0,[],[],0,{},[],0.0,0,0,1.5,medium
CURTIS_H000825_T01_01_WG01,1,1,linear,578998,1,1,"[('11', 69718799, 69139800)]","[('11', 69139800, '11', 69718799)]",0.0,[],1.0,"[('11', 69139800, '11', 69718799)]",0.0,[],0.0,[],[],0,"{'11': {'CCND1': {'type': ['oncogene', ' fusion'], 'loc': ('69455855', '69469242')}}}",['CCND1'],0.0,0,0,1.5,medium
CURTIS_H000830_T01_01_WG01,1,1,linear,569098,1,1,"[('11', 69713099, 69144000)]","[('11', 69144000, '11', 69713099)]",0.0,[],1.0,"[('11', 69144000, '11', 69713099)]",0.0,[],0.0,[],[],0,"{'11': {'CCND1': {'type': ['oncogene', ' fusion'], 'loc': ('69455855', '69469242')}}}",['CCND1'],0.0,0,0,1.5,medium
CURTIS_H000833_T01_01_WG01,3,1,circular,3187265,7,1,"[('19', 29207069, 30388818), ('19', 30393093, 30632035), ('19', 30634833, 30958798), ('19', 30960940, 30962255), ('19', 30959520, 30634833), ('19', 30632035, 30393093), ('19', 30388818, 29511154)]","[('19', 30388818, '19', 30393093), ('19', 30632035, '19', 30634833), ('19', 30958798, '19', 30960940), ('19', 30962255, '19', 30959520), ('19', 30634833, '19', 30632035), ('19', 30393093, '19', 30388818), ('19', 29511154, '19', 29207069)]",0.2857142857142857,"[('19', 30958798, '19', 30960940), ('19', 29511154, '19', 29207069)]",0.7142857142857143,"[('19', 30388818, '19', 30393093), ('19', 30632035, '19', 30634833), ('19', 30962255, '19', 30959520), ('19', 30634833, '19', 30632035), ('19', 30393093, '19', 30388818)]",0.0,[],0.0,[],[],0,"{'19': {'CCNE1': {'type': ['oncogene'], 'loc': ('30302805', '30315215')}}}","['CCNE1', 'CCNE1']",1.0,1,0,1.375,medium
CURTIS_H000833_T01_01_WG01,3,2,linear,4704986,7,1,"[('19', 28600250, 30388818), ('19', 30393093, 30632035), ('19', 30634833, 30959520), ('19', 30962255, 30960940), ('19', 30958798, 30634833), ('19', 30632035, 30393093), ('19', 30388818, 28600250)]","[('19', 30388818, '19', 30393093), ('19', 30632035, '19', 30634833), ('19', 30959520, '19', 30962255), ('19', 30960940, '19', 30958798), ('19', 30634833, '19', 30632035), ('19', 30393093, '19', 30388818), ('19', 28600250, '19', 28600250)]",0.1666666666666666,"[('19', 30960940, '19', 30958798)]",0.8333333333333334,"[('19', 30388818, '19', 30393093), ('19', 30632035, '19', 30634833), ('19', 30959520, '19', 30962255), ('19', 30634833, '19', 30632035), ('19', 30393093, '19', 30388818)]",0.0,[],0.0,[],[],1,"{'19': {'CCNE1': {'type': ['oncogene'], 'loc': ('30302805', '30315215')}}}","['CCNE1', 'CCNE1']",1.0,0,0,1.375,medium
CURTIS_H000833_T01_01_WG01,3,3,linear,279898,1,1,"[('19', 30951899, 30672000)]","[('19', 30672000, '19', 30951899)]",0.0,[],1.0,"[('19', 30672000, '19', 30951899)]",0.0,[],0.0,[],[],0,{},[],0.0,0,0,1.5,medium
CURTIS_H000833_T01_01_WG01,2,1,linear,140246,1,1,"[('3', 74586684, 74446437)]","[('3', 74446437, '3', 74586684)]",0.0,[],1.0,"[('3', 74446437, '3', 74586684)]",0.5,"[('3', 74446437, '3', 88902216)]",0.0,[],[],0,{},[],0.0,0,0,1.75,medium
CURTIS_H000834_T01_01_WG01,1,1,circular,38928,2,1,"[('1', 39056566, 39080030), ('1', 39070079, 39054615)]","[('1', 39080030, '1', 39070079), ('1', 39054615, '1', 39056566)]",1.0,"[('1', 39080030, '1', 39070079)]",0.0,[],0.0,[],0.0,[],[],1,{},[],0.0,1,2,0.5,high
CURTIS_H000834_T01_01_WG01,1,2,linear,12600862,4,1,"[('19', 41211960, 37461288), ('19', 37460714, 30393111), ('19', 30388816, 29956162), ('19', 29950187, 28600250)]","[('19', 37461288, '19', 37460714), ('19', 30393111, '19', 30388816), ('19', 29956162, '19', 29950187), ('19', 28600250, '19', 41211960)]",0.0,[],1.0,"[('19', 30393111, '19', 30388816), ('19', 29956162, '19', 29950187), ('19', 28600250, '19', 41211960)]",0.0,[],0.0,[],[],1,"{'19': {'AKT2': {'type': ['oncogene'], 'loc': ('40736224', '40791443')}, 'CCNE1': {'type': ['oncogene'], 'loc': ('30302805', '30315215')}, 'CEBPA': {'type': ['TSG'], 'loc': ('33790840', '33793470')}, 'CEP89': {'type': ['fusion'], 'loc': ('33369902', '33462897')}, 'LSM14A': {'type': ['fusion'], 'loc': ('34663409', '34720420')}}}","['AKT2', 'CCNE1', 'CEBPA', 'CEP89', 'LSM14A']",1.0,0,0,1.875,medium
CURTIS_H001391_T01_01_WG01,1,1,linear,300600,1,1,"[('19', 19155244, 18854643)]","[('19', 18854643, '19', 19155244)]",0.0,[],1.0,"[('19', 18854643, '19', 19155244)]",0.0,[],0.0,[],[],0,{},[],0.0,0,0,1.5,medium
CURTIS_H001392_T01_01_WG01,1,1,linear,2638013,3,1,"[('11', 69089699, 66713406), ('11', 66711521, 66628907), ('11', 57959776, 57780667)]","[('11', 66713406, '11', 66711521), ('11', 66628907, '11', 57959776), ('11', 57780667, '11', 69089699)]",0.5,"[('11', 66628907, '11', 57959776)]",0.5,"[('11', 57780667, '11', 69089699)]",0.0,[],0.0,[],[],1,{},[],1.0,0,2,0.875,high
CURTIS_H001394_T01_01_WG01,2,1,linear,3101520,4,1,"[('8', 43091751, 42693047), ('8', 40742470, 39387227), ('8', 39232009, 37885675), ('8', 41075154, 41073911)]","[('8', 42693047, '8', 40742470), ('8', 39387227, '8', 39232009), ('8', 37885675, '8', 41075154), ('8', 41073911, '8', 43091751)]",0.5,"[('8', 42693047, '8', 40742470), ('8', 37885675, '8', 41075154)]",0.5,"[('8', 39387227, '8', 39232009), ('8', 41073911, '8', 43091751)]",0.0,[],1.0,"[('8', 43091751)]",['High_Signal_Region'],0,"{'8': {'FGFR1': {'type': ['oncogene', ' fusion'], 'loc': ('38268656', '38326352')}, 'HOOK3': {'type': ['fusion'], 'loc': ('42752075', '42885682')}, 'NSD3': {'type': ['oncogene', ' fusion'], 'loc': ('38127215', '38239790')}}}","['FGFR1', 'HOOK3', 'NSD3']",1.0,0,1,1.4375,medium
CURTIS_H001394_T01_01_WG01,2,2,linear,10595,1,1,"[('8', 107565236, 107554640)]","[('8', 107554640, '8', 107565236)]",0.0,[],1.0,"[('8', 107554640, '8', 107565236)]",0.0,[],0.0,[],[],0,{},[],0.0,0,0,1.5,medium
CURTIS_H001395_T01_01_WG01,2,1,linear,115507,1,1,"[('11', 69089699, 68974191)]","[('11', 68974191, '11', 69089699)]",0.0,[],1.0,"[('11', 68974191, '11', 69089699)]",0.0,[],0.0,[],[],0,{},[],0.0,0,0,1.5,medium
CURTIS_H001395_T01_01_WG01,2,2,linear,566136,2,1,"[('11', 69716099, 69401403), ('11', 69400842, 69149400)]","[('11', 69401403, '11', 69400842), ('11', 69149400, '11', 69716099)]",0.0,[],1.0,"[('11', 69149400, '11', 69716099)]",0.0,[],0.0,[],[],1,"{'11': {'CCND1': {'type': ['oncogene', ' fusion'], 'loc': ('69455855', '69469242')}}}",['CCND1'],0.0,0,0,1.5,medium
CURTIS_H001398_T01_01_WG01,1,1,linear,569722,2,1,"[('11', 69710099, 69401417), ('11', 69400842, 69139800)]","[('11', 69401417, '11', 69400842), ('11', 69139800, '11', 69710099)]",0.0,[],1.0,"[('11', 69139800, '11', 69710099)]",0.0,[],0.0,[],[],1,"{'11': {'CCND1': {'type': ['oncogene', ' fusion'], 'loc': ('69455855', '69469242')}}}",['CCND1'],0.0,0,0,1.5,medium
CURTIS_H001398_T01_01_WG01,1,2,linear,2650657,1,1,"[('11', 79450671, 76800013)]","[('11', 76800013, '11', 79450671)]",0.0,[],1.0,"[('11', 76800013, '11', 79450671)]",0.0,[],0.0,[],[],0,{},[],1.0,0,0,1.875,medium
CURTIS_H001399_T01_01_WG01,1,1,linear,400537,6,2,"[('17', 37697700, 37821283), ('17', 37824266, 37924454), ('17', 39470796, 39518582), ('17', 39482185, 39470796), ('17', 37924454, 37836600), ('20', 20216586, 20186849)]","[('17', 37821283, '17', 37824266), ('17', 37924454, '17', 39470796), ('17', 39518582, '20', 20216586), ('20', 20186849, '17', 39482185), ('17', 39470796, '17', 37924454), ('17', 37836600, '17', 37697700)]",0.5,"[('17', 37821283, '17', 37824266), ('17', 37924454, '17', 39470796), ('17', 39470796, '17', 37924454)]",0.5,"[('17', 39518582, '20', 20216586), ('20', 20186849, '17', 39482185), ('17', 37836600, '17', 37697700)]",0.0,[],0.0,[],[],0,"{'17': {'ERBB2': {'type': ['oncogene', ' fusion'], 'loc': ('37844167', '37886679')}}}","['ERBB2', 'ERBB2']",0.0,0,2,0.5,high
CURTIS_H001399_T01_01_WG01,1,2,circular,338778,3,2,"[('20', 20047737, 20216586), ('20', 20186870, 20053144), ('17', 39518582, 39482378)]","[('20', 20216586, '17', 39518582), ('17', 39482378, '20', 20186870), ('20', 20053144, '20', 20047737)]",0.3333333333333333,"[('20', 20053144, '20', 20047737)]",0.6666666666666666,"[('20', 20216586, '17', 39518582), ('17', 39482378, '20', 20186870)]",0.0,[],0.0,[],[],0,{},[],0.0,1,0,1.0,medium
CURTIS_H001399_T01_01_WG01,1,3,linear,794070,9,2,"[('17', 36407762, 36468427), ('17', 34972197, 35244681), ('17', 39532603, 39482378), ('17', 39482185, 39470796), ('17', 37924454, 37697700), ('20', 11143805, 11305609), ('20', 25238840, 25244135), ('20', 25451849, 25457281), ('20', 20186870, 20186849)]","[('17', 36468427, '17', 34972197), ('17', 35244681, '20', 11143805), ('20', 11305609, '20', 25238840), ('20', 25244135, '20', 25451849), ('20', 25457281, '17', 39532603), ('17', 39482378, '20', 20186870), ('20', 20186849, '17', 39482185), ('17', 39470796, '17', 37924454), ('17', 37697700, '17', 36407762)]",0.4444444444444444,"[('17', 36468427, '17', 34972197), ('20', 11305609, '20', 25238840), ('20', 25244135, '20', 25451849), ('17', 39470796, '17', 37924454)]",0.5555555555555556,"[('17', 35244681, '20', 11143805), ('20', 25457281, '17', 39532603), ('17', 39482378, '20', 20186870), ('20', 20186849, '17', 39482185), ('17', 37697700, '17', 36407762)]",0.0,[],0.0,[],[],0,"{'17': {'ERBB2': {'type': ['oncogene', ' fusion'], 'loc': ('37844167', '37886679')}}}",['ERBB2'],0.0,0,2,1.0,medium
CURTIS_H001400_T01_01_WG01,2,1,linear,30665,1,1,"[('20', 38096651, 38065985)]","[('20', 38065985, '20', 38096651)]",0.0,[],1.0,"[('20', 38065985, '20', 38096651)]",0.0,[],0.0,[],[],0,{},[],0.0,0,0,1.5,medium
CURTIS_H001400_T01_01_WG01,2,2,linear,20665,1,1,"[('20', 36554655, 36533989)]","[('20', 36533989, '20', 36554655)]",0.0,[],1.0,"[('20', 36533989, '20', 36554655)]",0.0,[],0.0,[],[],0,{},[],0.0,0,0,1.5,medium
CURTIS_H001400_T01_01_WG01,3,1,linear,30665,1,1,"[('17', 62664908, 62634242)]","[('17', 62634242, '17', 62664908)]",0.0,[],1.0,"[('17', 62634242, '17', 62664908)]",0.5,"[('17', 62634242, '17', 61643780)]",0.0,[],[],0,{},[],0.0,0,0,1.75,medium
CURTIS_H001400_T01_01_WG01,3,2,linear,89320,1,1,"[('17', 62555621, 62466300)]","[('17', 62466300, '17', 62555621)]",0.0,[],1.0,"[('17', 62466300, '17', 62555621)]",0.0,[],0.0,[],[],0,"{'17': {'DDX5': {'type': ['oncogene', ' fusion'], 'loc': ('62495734', '62504317')}}}",['DDX5'],0.0,0,0,1.5,medium
CURTIS_H001400_T01_01_WG01,5,1,linear,730665,1,1,"[('8', 120539362, 119808696)]","[('8', 119808696, '8', 120539362)]",0.0,[],1.0,"[('8', 119808696, '8', 120539362)]",0.0,[],0.0,[],[],0,{},[],0.0,0,0,1.5,medium
CURTIS_H001400_T01_01_WG01,5,2,linear,30666,1,1,"[('8', 113545425, 113514758)]","[('8', 113514758, '8', 113545425)]",0.0,[],1.0,"[('8', 113514758, '8', 113545425)]",0.0,[],0.0,[],[],0,{},[],0.0,0,0,1.5,medium
CURTIS_H001400_T01_01_WG01,5,3,linear,264554,2,1,"[('8', 126865023, 126601134), ('8', 126595128, 126594461)]","[('8', 126601134, '8', 126595128), ('8', 126594461, '8', 126865023)]",0.0,[],1.0,"[('8', 126601134, '8', 126595128), ('8', 126594461, '8', 126865023)]",0.25,"[('8', 126865023, '8', 117752259)]",0.0,[],[],0,{},[],0.0,0,0,1.625,medium
CURTIS_H001400_T01_01_WG01,5,4,linear,250665,1,1,"[('8', 123449242, 123198576)]","[('8', 123198576, '8', 123449242)]",0.0,[],1.0,"[('8', 123198576, '8', 123449242)]",0.0,[],0.0,[],[],0,{},[],0.0,0,0,1.5,medium
CURTIS_H001401_T01_01_WG01,1,1,circular,1570923,6,1,"[('17', 37493836, 38397700), ('17', 52846766, 52847301), ('17', 17721884, 17632992), ('17', 37854426, 37493836), ('17', 50673036, 50560402), ('17', 50568628, 50673036)]","[('17', 38397700, '17', 52846766), ('17', 52847301, '17', 17721884), ('17', 17632992, '17', 37854426), ('17', 37493836, '17', 50673036), ('17', 50560402, '17', 50568628), ('17', 50673036, '17', 37493836)]",0.8333333333333334,"[('17', 38397700, '17', 52846766), ('17', 52847301, '17', 17721884), ('17', 17632992, '17', 37854426), ('17', 37493836, '17', 50673036), ('17', 50673036, '17', 37493836)]",0.1666666666666666,"[('17', 50560402, '17', 50568628)]",0.0,[],0.0,[],[],0,"{'17': {'CDK12': {'type': ['TSG'], 'loc': ('37617764', '37721160')}, 'ERBB2': {'type': ['oncogene', ' fusion'], 'loc': ('37844167', '37886679')}, 'IKZF3': {'type': ['oncogene', ' TSG', ' fusion'], 'loc': ('37921198', '38020441')}}}","['CDK12', 'CDK12', 'ERBB2', 'IKZF3']",0.0,1,2,0.5,high
CURTIS_H001401_T01_01_WG01,1,2,circular,1187198,2,1,"[('17', 49766004, 50673036), ('17', 37493836, 37774000)]","[('17', 50673036, '17', 37493836), ('17', 37774000, '17', 49766004)]",0.5,"[('17', 50673036, '17', 37493836)]",0.5,"[('17', 37774000, '17', 49766004)]",0.0,[],0.0,[],[],0,"{'17': {'CDK12': {'type': ['TSG'], 'loc': ('37617764', '37721160')}}}",['CDK12'],0.0,1,2,0.5,high
CURTIS_H001401_T01_01_WG01,1,3,linear,10646,1,1,"[('17', 56968693, 56958046)]","[('17', 56958046, '17', 56968693)]",0.0,[],1.0,"[('17', 56958046, '17', 56968693)]",0.0,[],0.0,[],[],0,{},[],0.0,0,0,1.5,medium
CURTIS_H001401_T01_01_WG01,1,4,linear,1020262,4,1,"[('17', 38465099, 37899810), ('17', 61059226, 61197734), ('17', 62150732, 62149143), ('17', 50292123, 49977245)]","[('17', 37899810, '17', 61059226), ('17', 61197734, '17', 62150732), ('17', 62149143, '17', 50292123), ('17', 49977245, '17', 38465099)]",0.5,"[('17', 61197734, '17', 62150732), ('17', 62149143, '17', 50292123)]",0.5,"[('17', 37899810, '17', 61059226), ('17', 49977245, '17', 38465099)]",0.0,[],0.0,[],[],0,"{'17': {'IKZF3': {'type': ['oncogene', ' TSG', ' fusion'], 'loc': ('37921198', '38020441')}}}",['IKZF3'],0.0,0,2,0.5,high
CURTIS_H001401_T01_01_WG01,3,1,linear,280646,1,1,"[('8', 116617360, 116336713)]","[('8', 116336713, '8', 116617360)]",0.0,[],1.0,"[('8', 116336713, '8', 116617360)]",0.0,[],0.0,[],[],0,{},[],0.0,0,0,1.5,medium
CURTIS_H001404_T01_01_WG01,3,1,linear,20711,1,1,"[('8', 112561438, 112540726)]","[('8', 112540726, '8', 112561438)]",0.0,[],1.0,"[('8', 112540726, '8', 112561438)]",0.0,[],0.0,[],[],0,{},[],0.0,0,0,1.5,medium
CURTIS_H001404_T01_01_WG01,1,1,circular,1337,1,1,"[('17', 35230324, 35231660)]","[('17', 35231660, '17', 35230324)]",1.0,"[('17', 35231660, '17', 35230324)]",0.0,[],0.0,[],0.0,[],[],0,{},[],0.0,1,2,0.5,high
CURTIS_H001404_T01_01_WG01,1,2,linear,284239,1,1,"[('17', 36272240, 35988000)]","[('17', 35988000, '17', 36272240)]",0.0,[],1.0,"[('17', 35988000, '17', 36272240)]",0.0,[],1.0,"[('17', 36272240)]",['High_Signal_Region'],0,{},[],0.0,0,1,2.0625,low
CURTIS_H001404_T01_01_WG01,1,3,linear,1145379,3,1,"[('17', 34486799, 34340949), ('17', 37424800, 37599036), ('17', 38489094, 37663800)]","[('17', 34340949, '17', 37424800), ('17', 37599036, '17', 38489094), ('17', 37663800, '17', 34486799)]",0.6666666666666666,"[('17', 34340949, '17', 37424800), ('17', 37599036, '17', 38489094)]",0.3333333333333333,"[('17', 37663800, '17', 34486799)]",0.0,[],1.0,"[('17', 34486799)]",['Low_Mappability'],0,"{'17': {'ERBB2': {'type': ['oncogene', ' fusion'], 'loc': ('37844167', '37886679')}, 'IKZF3': {'type': ['oncogene', ' TSG', ' fusion'], 'loc': ('37921198', '38020441')}}}","['ERBB2', 'IKZF3']",0.0,0,1,1.0625,medium
CURTIS_H001404_T01_01_WG01,1,4,linear,1073679,3,1,"[('17', 34674299, 34340949), ('17', 37424800, 37599036), ('17', 38489094, 37923000)]","[('17', 34340949, '17', 37424800), ('17', 37599036, '17', 38489094), ('17', 37923000, '17', 34674299)]",0.6666666666666666,"[('17', 34340949, '17', 37424800), ('17', 37599036, '17', 38489094)]",0.3333333333333333,"[('17', 37923000, '17', 34674299)]",0.0,[],1.0,"[('17', 34674299)]",['Low_Mappability'],0,{},[],0.0,0,1,1.0625,medium
CURTIS_H001415_T01_01_WG01,1,1,circular,838,1,1,"[('8', 142502392, 142503229)]","[('8', 142503229, '8', 142502392)]",0.0,[],1.0,"[('8', 142503229, '8', 142502392)]",0.0,[],1.0,"[('8', 142503229), ('8', 142502392)]","['High_Signal_Region', 'High_Signal_Region']",0,{},[],0.0,1,1,2.0625,low
CURTIS_H001415_T01_01_WG01,1,2,circular,340212,1,1,"[('8', 129052625, 129392836)]","[('8', 129392836, '8', 129052625)]",1.0,"[('8', 129392836, '8', 129052625)]",0.0,[],0.0,[],0.0,[],[],0,{},[],0.0,1,2,0.5,high
CURTIS_H001416_T01_01_WG01,1,1,linear,10606,1,1,"[('1', 205184474, 205173867)]","[('1', 205173867, '1', 205184474)]",0.0,[],1.0,"[('1', 205173867, '1', 205184474)]",0.0,[],0.0,[],[],0,{},[],0.0,0,0,1.5,medium
CURTIS_H001417_T01_01_WG01,1,1,circular,3361447,5,1,"[('12', 69248894, 70594864), ('12', 70597577, 70872268), ('12', 70878217, 71602361), ('12', 71604473, 72356633), ('12', 72358131, 72622608)]","[('12', 70594864, '12', 70597577), ('12', 70872268, '12', 70878217), ('12', 71602361, '12', 71604473), ('12', 72356633, '12', 72358131), ('12', 72622608, '12', 69248894)]",0.25,"[('12', 72622608, '12', 69248894)]",0.75,"[('12', 70594864, '12', 70597577), ('12', 70872268, '12', 70878217), ('12', 71602361, '12', 71604473)]",0.0,[],0.0,[],[],1,"{'12': {'PTPRB': {'type': ['TSG'], 'loc': ('70910630', '71031220')}}}",['PTPRB'],1.0,1,0,1.375,medium
CURTIS_H001417_T01_01_WG01,1,2,circular,69759,1,1,"[('12', 69384905, 69454663)]","[('12', 69454663, '12', 69384905)]",1.0,"[('12', 69454663, '12', 69384905)]",0.0,[],0.0,[],1.0,"[('12', 69384905)]",['High_Signal_Region'],0,{},[],0.0,1,2,1.0625,medium
CURTIS_H001417_T01_01_WG01,1,3,circular,654555,3,1,"[('12', 72576187, 72824552), ('12', 75283954, 75058596), ('12', 73607948, 73427115)]","[('12', 72824552, '12', 75283954), ('12', 75058596, '12', 73607948), ('12', 73427115, '12', 72576187)]",1.0,"[('12', 72824552, '12', 75283954), ('12', 75058596, '12', 73607948), ('12', 73427115, '12', 72576187)]",0.0,[],0.0,[],0.0,[],[],0,{},[],0.0,1,2,0.5,high
CURTIS_H001417_T01_01_WG01,1,4,circular,4889895,9,2,"[('17', 62556117, 64265056), ('17', 64266113, 65647015), ('12', 73314812, 73401156), ('12', 70357989, 70594864), ('12', 70597577, 70872268), ('12', 70878217, 71602361), ('12', 71604473, 71883891), ('12', 58197363, 58052630), ('12', 85621686, 85675528)]","[('17', 64265056, '17', 64266113), ('17', 65647015, '12', 73314812), ('12', 73401156, '12', 70357989), ('12', 70594864, '12', 70597577), ('12', 70872268, '12', 70878217), ('12', 71602361, '12', 71604473), ('12', 71883891, '12', 58197363), ('12', 58052630, '12', 85621686), ('12', 85675528, '17', 62556117)]",0.375,"[('12', 73401156, '12', 70357989), ('12', 71883891, '12', 58197363), ('12', 58052630, '12', 85621686)]",0.625,"[('17', 65647015, '12', 73314812), ('12', 70594864, '12', 70597577), ('12', 70872268, '12', 70878217), ('12', 71602361, '12', 71604473), ('12', 85675528, '17', 62556117)]",0.1,"[('17', 62556117, '12', 62556119)]",0.0,[],[],1,"{'17': {'AXIN2': {'type': ['TSG'], 'loc': ('63524681', '63557765')}}, '12': {'CDK4': {'type': ['oncogene'], 'loc': ('58141510', '58149796')}, 'PTPRB': {'type': ['TSG'], 'loc': ('70910630', '71031220')}}}","['AXIN2', 'CDK4', 'PTPRB']",1.0,1,0,1.5,medium
CURTIS_H001417_T01_01_WG01,1,5,circular,1995416,7,2,"[('12', 82971116, 83844059), ('12', 83844608, 84250361), ('12', 73314733, 72710396), ('12', 67893224, 67842891), ('12', 67816904, 67808607), ('17', 65694929, 65645773), ('17', 65639890, 65644488)]","[('12', 83844059, '12', 83844608), ('12', 84250361, '17', 65694929), ('17', 65645773, '17', 65639890), ('17', 65644488, '12', 73314733), ('12', 72710396, '12', 67893224), ('12', 67842891, '12', 67816904), ('12', 67808607, '12', 82971116)]",0.6666666666666666,"[('17', 65645773, '17', 65639890), ('12', 72710396, '12', 67893224), ('12', 67842891, '12', 67816904), ('12', 67808607, '12', 82971116)]",0.3333333333333333,"[('12', 84250361, '17', 65694929), ('17', 65644488, '12', 73314733)]",0.0,[],0.0,[],[],1,{},[],0.0,1,2,0.5,high
CURTIS_H001417_T01_01_WG01,1,6,circular,5654125,12,1,"[('12', 68994079, 70352971), ('12', 72277080, 72356633), ('12', 72358131, 72505702), ('12', 73212990, 73607948), ('12', 75058596, 75621569), ('12', 85544405, 84813808), ('12', 84571587, 83844688), ('12', 84596448, 84984929), ('12', 67563559, 68705005), ('12', 63234598, 63233839), ('12', 62437877, 62559288), ('12', 54450396, 54449815)]","[('12', 70352971, '12', 72277080), ('12', 72356633, '12', 72358131), ('12', 72505702, '12', 73212990), ('12', 73607948, '12', 75058596), ('12', 75621569, '12', 85544405), ('12', 84813808, '12', 84571587), ('12', 83844688, '12', 84596448), ('12', 84984929, '12', 67563559), ('12', 68705005, '12', 63234598), ('12', 63233839, '12', 62437877), ('12', 62559288, '12', 54450396), ('12', 54449815, '12', 68994079)]",0.8181818181818182,"[('12', 70352971, '12', 72277080), ('12', 72505702, '12', 73212990), ('12', 73607948, '12', 75058596), ('12', 75621569, '12', 85544405), ('12', 84984929, '12', 67563559), ('12', 68705005, '12', 63234598), ('12', 63233839, '12', 62437877), ('12', 62559288, '12', 54450396), ('12', 54449815, '12', 68994079)]",0.1818181818181818,"[('12', 84813808, '12', 84571587), ('12', 83844688, '12', 84596448)]",0.0,[],0.0,[],[],1,"{'12': {'MDM2': {'type': ['oncogene'], 'loc': ('69201956', '69239214')}}}",['MDM2'],1.0,1,2,0.875,high
CURTIS_H001417_T01_01_WG01,1,7,circular,1924082,4,1,"[('12', 83844608, 84840435), ('12', 85509191, 85512866), ('12', 85505904, 84876380), ('12', 83549005, 83844059)]","[('12', 84840435, '12', 85509191), ('12', 85512866, '12', 85505904), ('12', 84876380, '12', 83549005), ('12', 83844059, '12', 83844608)]",0.3333333333333333,"[('12', 85512866, '12', 85505904)]",0.6666666666666666,"[('12', 84840435, '12', 85509191), ('12', 84876380, '12', 83549005)]",0.0,[],0.0,[],[],1,{},[],0.0,1,0,1.0,medium
CURTIS_H001417_T01_01_WG01,1,8,linear,30726,1,1,"[('17', 34210408, 34179681)]","[('17', 34179681, '17', 34210408)]",0.0,[],1.0,"[('17', 34179681, '17', 34210408)]",0.0,[],0.0,[],[],0,{},[],0.0,0,0,1.5,medium
CURTIS_H001417_T01_01_WG01,1,9,circular,2146380,7,1,"[('12', 82754089, 83844059), ('12', 83844608, 83844659), ('12', 69004591, 68572354), ('12', 75284213, 75898978), ('12', 75898438, 75898253), ('12', 76810424, 76818059), ('12', 77203566, 77205100)]","[('12', 83844059, '12', 83844608), ('12', 83844659, '12', 69004591), ('12', 68572354, '12', 75284213), ('12', 75898978, '12', 75898438), ('12', 75898253, '12', 76810424), ('12', 76818059, '12', 77203566), ('12', 77205100, '12', 82754089)]",0.8,"[('12', 68572354, '12', 75284213), ('12', 75898253, '12', 76810424), ('12', 76818059, '12', 77203566), ('12', 77205100, '12', 82754089)]",0.2,"[('12', 83844659, '12', 69004591)]",0.0,[],0.0,[],[],2,{},[],0.0,1,2,0.5,high
CURTIS_H001417_T01_01_WG01,1,10,linear,20725,1,1,"[('17', 45937429, 45916703)]","[('17', 45916703, '17', 45937429)]",0.0,[],1.0,"[('17', 45916703, '17', 45937429)]",0.0,[],0.0,[],[],0,{},[],0.0,0,0,1.5,medium
CURTIS_H001417_T01_01_WG01,1,11,circular,4636864,6,1,"[('6', 109013390, 110212997), ('6', 108188124, 108032401), ('6', 108031341, 107068388), ('6', 107066338, 108031341), ('6', 108032401, 108188124), ('6', 110212997, 109015142)]","[('6', 110212997, '6', 108188124), ('6', 108032401, '6', 108031341), ('6', 107068388, '6', 107066338), ('6', 108031341, '6', 108032401), ('6', 108188124, '6', 110212997), ('6', 109015142, '6', 109013390)]",1.0,"[('6', 110212997, '6', 108188124), ('6', 107068388, '6', 107066338), ('6', 108188124, '6', 110212997)]",0.0,[],0.0,[],0.0,[],[],3,{},[],1.0,1,2,0.875,high
CURTIS_H001417_T01_01_WG01,1,12,circular,4308655,13,2,"[('12', 67563559, 68705005), ('12', 63234598, 63233839), ('12', 62437877, 62559288), ('12', 54450396, 54449815), ('12', 68994079, 70035183), ('12', 70553493, 70594864), ('12', 70597577, 70872268), ('12', 70878217, 71279381), ('12', 71889550, 71883916), ('12', 71883916, 71884092), ('12', 84255968, 84984929), ('17', 65647678, 65647072), ('17', 65650428, 66201174)]","[('12', 68705005, '12', 63234598), ('12', 63233839, '12', 62437877), ('12', 62559288, '12', 54450396), ('12', 54449815, '12', 68994079), ('12', 70035183, '12', 70553493), ('12', 70594864, '12', 70597577), ('12', 70872268, '12', 70878217), ('12', 71279381, '17', 65647678), ('17', 65647072, '17', 65650428), ('17', 66201174, '12', 71889550), ('12', 71883916, '12', 71883916), ('12', 71884092, '12', 84255968), ('12', 84984929, '12', 67563559)]",0.6666666666666666,"[('12', 68705005, '12', 63234598), ('12', 63233839, '12', 62437877), ('12', 62559288, '12', 54450396), ('12', 54449815, '12', 68994079), ('12', 70035183, '12', 70553493), ('17', 65647072, '17', 65650428), ('12', 71884092, '12', 84255968), ('12', 84984929, '12', 67563559)]",0.3333333333333333,"[('12', 70594864, '12', 70597577), ('12', 70872268, '12', 70878217), ('12', 71279381, '17', 65647678), ('17', 66201174, '12', 71889550)]",0.0,[],0.0,[],[],1,"{'12': {'MDM2': {'type': ['oncogene'], 'loc': ('69201956', '69239214')}, 'PTPRB': {'type': ['TSG'], 'loc': ('70910630', '71031220')}}}","['MDM2', 'PTPRB']",1.0,1,2,0.875,high
CURTIS_H001419_T01_01_WG01,1,1,circular,4298994,5,2,"[('11', 76201614, 78241291), ('11', 68318765, 68526357), ('8', 37424602, 39232022), ('8', 39387228, 39476463), ('8', 40402393, 40557458)]","[('11', 78241291, '8', 37424602), ('8', 39232022, '8', 39387228), ('8', 39476463, '11', 68318765), ('11', 68526357, '8', 40402393), ('8', 40557458, '11', 76201614)]",0.0,[],1.0,"[('11', 78241291, '8', 37424602), ('8', 39232022, '8', 39387228), ('8', 39476463, '11', 68318765), ('11', 68526357, '8', 40402393), ('8', 40557458, '11', 76201614)]",0.0,[],0.0,[],[],0,"{'8': {'FGFR1': {'type': ['oncogene', ' fusion'], 'loc': ('38268656', '38326352')}, 'NSD3': {'type': ['oncogene', ' fusion'], 'loc': ('38127215', '38239790')}}}","['FGFR1', 'NSD3']",1.0,1,0,1.875,medium
CURTIS_H001433_T01_01_WG01,1,1,linear,565537,2,1,"[('11', 69712799, 69401402), ('11', 69400842, 69146700)]","[('11', 69401402, '11', 69400842), ('11', 69146700, '11', 69712799)]",0.0,[],1.0,"[('11', 69146700, '11', 69712799)]",0.0,[],0.0,[],[],1,"{'11': {'CCND1': {'type': ['oncogene', ' fusion'], 'loc': ('69455855', '69469242')}}}",['CCND1'],0.0,0,0,1.5,medium
CURTIS_H001433_T01_01_WG01,1,2,linear,410678,1,1,"[('11', 72692506, 72281827)]","[('11', 72281827, '11', 72692506)]",0.0,[],1.0,"[('11', 72281827, '11', 72692506)]",0.0,[],0.0,[],[],0,{},[],0.0,0,0,1.5,medium
CURTIS_H001433_T01_01_WG01,1,3,linear,20678,1,1,"[('11', 74668431, 74647752)]","[('11', 74647752, '11', 74668431)]",0.0,[],1.0,"[('11', 74647752, '11', 74668431)]",0.0,[],0.0,[],[],0,{},[],0.0,0,0,1.5,medium
CURTIS_H001435_T01_01_WG01,1,1,linear,738074,1,1,"[('11', 69089699, 68351624)]","[('11', 68351624, '11', 69089699)]",0.0,[],1.0,"[('11', 68351624, '11', 69089699)]",0.0,[],0.0,[],[],0,{},[],0.0,0,0,1.5,medium
CURTIS_H001440_T01_01_WG01,1,1,linear,884021,2,1,"[('17', 34815300, 35278413), ('17', 38335508, 37914600)]","[('17', 35278413, '17', 38335508), ('17', 37914600, '17', 34815300)]",0.5,"[('17', 35278413, '17', 38335508)]",0.5,"[('17', 37914600, '17', 34815300)]",0.0,[],0.0,[],[],0,"{'17': {'IKZF3': {'type': ['oncogene', ' TSG', ' fusion'], 'loc': ('37921198', '38020441')}}}",['IKZF3'],0.0,0,2,0.5,high
CURTIS_H001440_T01_01_WG01,4,1,linear,67,1,1,"[('10', 12455612, 12455544)]","[('10', 12455544, '10', 12455612)]",0.0,[],1.0,"[('10', 12455544, '10', 12455612)]",0.0,[],0.0,[],[],0,{},[],1.0,0,0,1.875,medium
CURTIS_H001441_T01_01_WG01,1,1,circular,174230,5,2,"[('20', 51840866, 51971202), ('20', 57283909, 57276996), ('20', 49511169, 49516122), ('17', 56732206, 56760934), ('17', 56762346, 56765643)]","[('20', 51971202, '17', 56732206), ('17', 56760934, '17', 56762346), ('17', 56765643, '20', 57283909), ('20', 57276996, '20', 49511169), ('20', 49516122, '20', 51840866)]",0.5,"[('20', 57276996, '20', 49511169), ('20', 49516122, '20', 51840866)]",0.5,"[('20', 51971202, '17', 56732206), ('17', 56765643, '20', 57283909)]",0.25,"[('20', 57283909, '17', 57283905)]",0.0,[],[],1,{},[],0.0,1,2,0.625,high
CURTIS_H001441_T01_01_WG01,1,2,linear,491858,2,2,"[('20', 52464899, 52213530), ('17', 38161391, 37920900)]","[('20', 52213530, '17', 38161391), ('17', 37920900, '20', 52464899)]",0.0,[],1.0,"[('20', 52213530, '17', 38161391), ('17', 37920900, '20', 52464899)]",0.0,[],0.0,[],[],0,"{'17': {'IKZF3': {'type': ['oncogene', ' TSG', ' fusion'], 'loc': ('37921198', '38020441')}}}",['IKZF3'],0.0,0,0,1.5,medium
CURTIS_H001441_T01_01_WG01,1,3,linear,2201767,6,2,"[('20', 51625499, 51620597), ('20', 53907843, 51851548), ('20', 57011197, 56897400), ('17', 46312496, 46295286), ('17', 38221699, 38212885), ('17', 47937935, 47938688)]","[('20', 51620597, '17', 46312496), ('17', 46295286, '17', 38221699), ('17', 38212885, '20', 53907843), ('20', 51851548, '17', 47937935), ('17', 47938688, '20', 57011197), ('20', 56897400, '20', 51625499)]",0.1666666666666666,"[('17', 46295286, '17', 38221699)]",0.8333333333333334,"[('20', 51620597, '17', 46312496), ('17', 38212885, '20', 53907843), ('20', 51851548, '17', 47937935), ('17', 47938688, '20', 57011197), ('20', 56897400, '20', 51625499)]",0.0,[],0.0,[],[],0,{},[],0.0,0,0,1.0,medium
CURTIS_H001442_T01_01_WG01,1,1,circular,152352,2,1,"[('17', 44212772, 44355155), ('17', 44359572, 44369539)]","[('17', 44355155, '17', 44359572), ('17', 44369539, '17', 44212772)]",0.0,[],1.0,"[('17', 44355155, '17', 44359572), ('17', 44369539, '17', 44212772)]",0.25,"[('17', 44369539, '17', 44370310)]",0.0,[],[],0,{},[],0.0,1,0,1.625,medium
CURTIS_H001442_T01_01_WG01,1,2,circular,47499,2,1,"[('17', 43655786, 43690934), ('17', 44354365, 44366714)]","[('17', 43690934, '17', 44354365), ('17', 44366714, '17', 43655786)]",0.0,[],1.0,"[('17', 43690934, '17', 44354365), ('17', 44366714, '17', 43655786)]",0.0,[],1.0,"[('17', 43690934), ('17', 43655786)]","['High_Signal_Region', 'High_Signal_Region']",0,{},[],0.0,1,1,2.0625,low
CURTIS_H001442_T01_01_WG01,1,3,circular,3565,1,1,"[('17', 44282791, 44286355)]","[('17', 44286355, '17', 44282791)]",0.0,[],1.0,"[('17', 44286355, '17', 44282791)]",0.0,[],0.0,[],[],0,{},[],0.0,1,0,1.5,medium
CURTIS_H001442_T01_01_WG01,1,4,linear,1127793,7,1,"[('17', 44361899, 44359572), ('17', 44355155, 44335888), ('17', 43664292, 44085973), ('17', 38006919, 37439967), ('17', 37432702, 37433651), ('17', 59464221, 59472602), ('17', 31261608, 31153371)]","[('17', 44359572, '17', 44355155), ('17', 44335888, '17', 43664292), ('17', 44085973, '17', 38006919), ('17', 37439967, '17', 37432702), ('17', 37433651, '17', 59464221), ('17', 59472602, '17', 31261608), ('17', 31153371, '17', 44361899)]",0.5714285714285714,"[('17', 44085973, '17', 38006919), ('17', 37439967, '17', 37432702), ('17', 37433651, '17', 59464221), ('17', 59472602, '17', 31261608)]",0.4285714285714285,"[('17', 44359572, '17', 44355155), ('17', 44335888, '17', 43664292), ('17', 31153371, '17', 44361899)]",0.0,[],1.0,"[('17', 43664292)]",['High_Signal_Region'],0,"{'17': {'CDK12': {'type': ['TSG'], 'loc': ('37617764', '37721160')}, 'ERBB2': {'type': ['oncogene', ' fusion'], 'loc': ('37844167', '37886679')}}}","['CDK12', 'ERBB2']",0.0,0,1,1.0625,medium
CURTIS_H001442_T01_01_WG01,1,5,linear,218043,3,1,"[('17', 31139330, 30938704), ('17', 51509768, 51525918), ('17', 30625787, 30627053)]","[('17', 30938704, '17', 51509768), ('17', 51525918, '17', 30625787), ('17', 30627053, '17', 31139330)]",0.6666666666666666,"[('17', 30938704, '17', 51509768), ('17', 51525918, '17', 30625787)]",0.3333333333333333,"[('17', 30627053, '17', 31139330)]",0.0,[],0.0,[],[],0,{},[],0.0,0,2,0.5,high
CURTIS_H001442_T01_01_WG01,1,6,circular,1152335,11,1,"[('17', 67087090, 67523445), ('17', 74194016, 74212862), ('17', 67582916, 67583134), ('17', 32850081, 32871039), ('17', 66803150, 66802594), ('17', 29153286, 29149027), ('17', 29148201, 29149196), ('17', 29147874, 28885879), ('17', 55827980, 55689913), ('17', 55687810, 55531167), ('17', 55196228, 55082784)]","[('17', 67523445, '17', 74194016), ('17', 74212862, '17', 67582916), ('17', 67583134, '17', 32850081), ('17', 32871039, '17', 66803150), ('17', 66802594, '17', 29153286), ('17', 29149027, '17', 29148201), ('17', 29149196, '17', 29147874), ('17', 28885879, '17', 55827980), ('17', 55689913, '17', 55687810), ('17', 55531167, '17', 55196228), ('17', 55082784, '17', 67087090)]",0.8888888888888888,"[('17', 67523445, '17', 74194016), ('17', 74212862, '17', 67582916), ('17', 67583134, '17', 32850081), ('17', 32871039, '17', 66803150), ('17', 66802594, '17', 29153286), ('17', 28885879, '17', 55827980), ('17', 55531167, '17', 55196228), ('17', 55082784, '17', 67087090)]",0.1111111111111111,"[('17', 55689913, '17', 55687810)]",0.0,[],0.0,[],[],2,{},[],0.0,1,2,0.5,high
CURTIS_H001442_T01_01_WG01,1,7,linear,2582924,5,2,"[('19', 19673719, 19668784), ('17', 58331179, 58311301), ('17', 53002815, 54712428), ('17', 74193881, 73510764), ('17', 44947284, 44781900)]","[('19', 19668784, '17', 58331179), ('17', 58311301, '17', 53002815), ('17', 54712428, '17', 74193881), ('17', 73510764, '17', 44947284), ('17', 44781900, '19', 19673719)]",0.6,"[('17', 58311301, '17', 53002815), ('17', 54712428, '17', 74193881), ('17', 73510764, '17', 44947284)]",0.4,"[('19', 19668784, '17', 58331179), ('17', 44781900, '19', 19673719)]",0.0,[],0.0,[],[],0,"{'17': {'H3F3B': {'type': ['oncogene'], 'loc': ('73772515', '73781974')}, 'HLF': {'type': ['oncogene', ' fusion'], 'loc': ('53342373', '53402426')}}}","['H3F3B', 'HLF']",1.0,0,2,0.875,high
CURTIS_H001442_T01_01_WG01,1,8,linear,2276257,5,2,"[('17', 44361899, 44359572), ('17', 44355155, 44346492), ('17', 65987563, 66667449), ('19', 19914282, 19839662), ('19', 19834419, 18323655)]","[('17', 44359572, '17', 44355155), ('17', 44346492, '17', 65987563), ('17', 66667449, '19', 19914282), ('19', 19839662, '19', 19834419), ('19', 18323655, '17', 44361899)]",0.0,[],1.0,"[('17', 44359572, '17', 44355155), ('17', 44346492, '17', 65987563), ('17', 66667449, '19', 19914282), ('19', 19839662, '19', 19834419), ('19', 18323655, '17', 44361899)]",0.0,[],0.0,[],[],0,"{'17': {'PRKAR1A': {'type': ['oncogene', ' TSG', ' fusion'], 'loc': ('66507921', '66547460')}}, '19': {'CRTC1': {'type': ['oncogene', ' fusion'], 'loc': ('18794487', '18893004')}, 'ELL': {'type': ['TSG', ' fusion'], 'loc': ('18553473', '18632937')}}}","['PRKAR1A', 'CRTC1', 'ELL']",0.0,0,0,1.5,medium
CURTIS_H001442_T01_01_WG01,1,9,linear,3437535,9,1,"[('17', 44781900, 44947284), ('17', 73510764, 73537752), ('17', 59213554, 57935162), ('17', 37486226, 38006919), ('17', 44085973, 43665404), ('17', 51034285, 50164082), ('17', 28898755, 29033696), ('17', 29044839, 29034901), ('17', 34373668, 34363240)]","[('17', 44947284, '17', 73510764), ('17', 73537752, '17', 59213554), ('17', 57935162, '17', 37486226), ('17', 38006919, '17', 44085973), ('17', 43665404, '17', 51034285), ('17', 50164082, '17', 28898755), ('17', 29033696, '17', 29044839), ('17', 29034901, '17', 34373668), ('17', 34363240, '17', 44781900)]",0.8888888888888888,"[('17', 44947284, '17', 73510764), ('17', 73537752, '17', 59213554), ('17', 57935162, '17', 37486226), ('17', 38006919, '17', 44085973), ('17', 43665404, '17', 51034285), ('17', 50164082, '17', 28898755), ('17', 29033696, '17', 29044839), ('17', 29034901, '17', 34373668)]",0.1111111111111111,"[('17', 34363240, '17', 44781900)]",0.0,[],1.0,"[('17', 43665404)]",['High_Signal_Region'],0,"{'17': {'CDK12': {'type': ['TSG'], 'loc': ('37617764', '37721160')}, 'ERBB2': {'type': ['oncogene', ' fusion'], 'loc': ('37844167', '37886679')}, 'PPM1D': {'type': ['oncogene'], 'loc': ('58677544', '58741849')}}}","['CDK12', 'ERBB2', 'PPM1D']",1.0,0,2,1.4375,medium
CURTIS_H001452_T01_01_WG01,1,1,circular,9555412,3,2,"[('11', 75284944, 81072837), ('8', 36501091, 37050885), ('8', 37051853, 40269575)]","[('11', 81072837, '8', 36501091), ('8', 37050885, '8', 37051853), ('8', 40269575, '11', 75284944)]",0.0,[],1.0,"[('11', 81072837, '8', 36501091), ('8', 40269575, '11', 75284944)]",0.0,[],0.0,[],[],1,"{'8': {'FGFR1': {'type': ['oncogene', ' fusion'], 'loc': ('38268656', '38326352')}, 'NSD3': {'type': ['oncogene', ' fusion'], 'loc': ('38127215', '38239790')}}}","['FGFR1', 'NSD3']",1.0,1,0,1.875,medium
CURTIS_H001459_T01_01_WG01,1,1,circular,284010,4,1,"[('14', 52117655, 52397012), ('14', 56264160, 56263715), ('14', 52115245, 52114900), ('14', 58191253, 58195116)]","[('14', 52397012, '14', 56264160), ('14', 56263715, '14', 52115245), ('14', 52114900, '14', 58191253), ('14', 58195116, '14', 52117655)]",1.0,"[('14', 52397012, '14', 56264160), ('14', 56263715, '14', 52115245), ('14', 52114900, '14', 58191253), ('14', 58195116, '14', 52117655)]",0.0,[],0.0,[],0.0,[],[],0,{},[],0.0,1,2,0.5,high
CURTIS_H001459_T01_01_WG01,1,2,circular,1480991,3,1,"[('14', 52392836, 53447688), ('14', 47484287, 47159091), ('14', 58003166, 57902222)]","[('14', 53447688, '14', 47484287), ('14', 47159091, '14', 58003166), ('14', 57902222, '14', 52392836)]",1.0,"[('14', 53447688, '14', 47484287), ('14', 47159091, '14', 58003166), ('14', 57902222, '14', 52392836)]",0.0,[],0.0,[],0.0,[],[],0,{},[],0.0,1,2,0.5,high
CURTIS_H001459_T01_01_WG01,1,3,linear,1098558,4,2,"[('17', 79475861, 79015142), ('17', 77774570, 77623850), ('14', 60039358, 59884047), ('14', 59883478, 59551666)]","[('17', 79015142, '14', 60039358), ('14', 59884047, '14', 59883478), ('14', 59551666, '17', 77774570), ('17', 77623850, '17', 79475861)]",0.0,[],1.0,"[('17', 79015142, '14', 60039358), ('14', 59551666, '17', 77774570), ('17', 77623850, '17', 79475861)]",0.0,[],0.0,[],[],1,{},[],0.0,0,0,1.5,medium
CURTIS_H001462_T01_01_WG01,1,1,linear,4074456,3,1,"[('17', 36909900, 39421777), ('17', 39432175, 39569147), ('17', 29368806, 27943200)]","[('17', 39421777, '17', 39432175), ('17', 39569147, '17', 29368806), ('17', 27943200, '17', 36909900)]",0.3333333333333333,"[('17', 39569147, '17', 29368806)]",0.6666666666666666,"[('17', 39421777, '17', 39432175), ('17', 27943200, '17', 36909900)]",0.0,[],0.0,[],[],0,"{'17': {'CCR7': {'type': ['oncogene'], 'loc': ('38710021', '38721724')}, 'CDK12': {'type': ['TSG'], 'loc': ('37617764', '37721160')}, 'ERBB2': {'type': ['oncogene', ' fusion'], 'loc': ('37844167', '37886679')}, 'IKZF3': {'type': ['oncogene', ' TSG', ' fusion'], 'loc': ('37921198', '38020441')}, 'LASP1': {'type': ['fusion'], 'loc': ('37026112', '37078023')}, 'RARA': {'type': ['oncogene', ' fusion'], 'loc': ('38465444', '38513094')}, 'SMARCE1': {'type': ['TSG'], 'loc': ('38781214', '38804760')}}}","['CCR7', 'CDK12', 'ERBB2', 'IKZF3', 'LASP1', 'RARA', 'SMARCE1']",1.0,0,0,1.375,medium
CURTIS_H001462_T01_01_WG01,1,2,linear,2165998,1,1,"[('17', 38458499, 36292500)]","[('17', 36292500, '17', 38458499)]",0.0,[],1.0,"[('17', 36292500, '17', 38458499)]",0.0,[],1.0,"[('17', 36292500)]",['High_Signal_Region'],0,"{'17': {'CDK12': {'type': ['TSG'], 'loc': ('37617764', '37721160')}, 'ERBB2': {'type': ['oncogene', ' fusion'], 'loc': ('37844167', '37886679')}, 'IKZF3': {'type': ['oncogene', ' TSG', ' fusion'], 'loc': ('37921198', '38020441')}, 'LASP1': {'type': ['fusion'], 'loc': ('37026112', '37078023')}, 'MLLT6': {'type': ['fusion'], 'loc': ('36861795', '36886056')}}}","['CDK12', 'ERBB2', 'IKZF3', 'LASP1', 'MLLT6']",0.0,0,1,2.0625,low
CURTIS_H001462_T01_01_WG01,1,3,circular,1939834,1,1,"[('17', 36457164, 38396997)]","[('17', 38396997, '17', 36457164)]",1.0,"[('17', 38396997, '17', 36457164)]",0.0,[],0.0,[],0.0,[],[],0,"{'17': {'CDK12': {'type': ['TSG'], 'loc': ('37617764', '37721160')}, 'ERBB2': {'type': ['oncogene', ' fusion'], 'loc': ('37844167', '37886679')}, 'IKZF3': {'type': ['oncogene', ' TSG', ' fusion'], 'loc': ('37921198', '38020441')}, 'LASP1': {'type': ['fusion'], 'loc': ('37026112', '37078023')}, 'MLLT6': {'type': ['fusion'], 'loc': ('36861795', '36886056')}}}","['CDK12', 'ERBB2', 'IKZF3', 'LASP1', 'MLLT6']",0.0,1,2,0.5,high
CURTIS_H001462_T01_01_WG01,1,4,linear,2020189,2,1,"[('17', 35969099, 35773706), ('17', 38117298, 36292500)]","[('17', 35773706, '17', 38117298), ('17', 36292500, '17', 35969099)]",0.0,[],1.0,"[('17', 35773706, '17', 38117298), ('17', 36292500, '17', 35969099)]",0.0,[],1.0,"[('17', 36292500)]",['High_Signal_Region'],0,"{'17': {'CDK12': {'type': ['TSG'], 'loc': ('37617764', '37721160')}, 'ERBB2': {'type': ['oncogene', ' fusion'], 'loc': ('37844167', '37886679')}, 'IKZF3': {'type': ['oncogene', ' TSG', ' fusion'], 'loc': ('37921198', '38020441')}, 'LASP1': {'type': ['fusion'], 'loc': ('37026112', '37078023')}, 'MLLT6': {'type': ['fusion'], 'loc': ('36861795', '36886056')}}}","['CDK12', 'ERBB2', 'IKZF3', 'LASP1', 'MLLT6']",0.0,0,1,2.0625,low
CURTIS_H001463_T01_01_WG01,1,1,linear,611998,1,1,"[('17', 38024099, 37412100)]","[('17', 37412100, '17', 38024099)]",0.0,[],1.0,"[('17', 37412100, '17', 38024099)]",0.0,[],0.0,[],[],0,"{'17': {'CDK12': {'type': ['TSG'], 'loc': ('37617764', '37721160')}, 'ERBB2': {'type': ['oncogene', ' fusion'], 'loc': ('37844167', '37886679')}, 'IKZF3': {'type': ['oncogene', ' TSG', ' fusion'], 'loc': ('37921198', '38020441')}}}","['CDK12', 'ERBB2', 'IKZF3']",0.0,0,0,1.5,medium
CURTIS_H001463_T01_01_WG01,1,2,linear,561298,1,1,"[('17', 38024099, 37462800)]","[('17', 37462800, '17', 38024099)]",0.0,[],1.0,"[('17', 37462800, '17', 38024099)]",0.0,[],0.0,[],[],0,"{'17': {'CDK12': {'type': ['TSG'], 'loc': ('37617764', '37721160')}, 'ERBB2': {'type': ['oncogene', ' fusion'], 'loc': ('37844167', '37886679')}, 'IKZF3': {'type': ['oncogene', ' TSG', ' fusion'], 'loc': ('37921198', '38020441')}}}","['CDK12', 'ERBB2', 'IKZF3']",0.0,0,0,1.5,medium
CURTIS_H001463_T01_01_WG01,1,3,linear,703131,3,1,"[('17', 38024099, 37472579), ('17', 34008398, 34139437), ('17', 32719466, 32698893)]","[('17', 37472579, '17', 34008398), ('17', 34139437, '17', 32719466), ('17', 32698893, '17', 38024099)]",0.6666666666666666,"[('17', 37472579, '17', 34008398), ('17', 34139437, '17', 32719466)]",0.3333333333333333,"[('17', 32698893, '17', 38024099)]",0.0,[],0.0,[],[],0,"{'17': {'CDK12': {'type': ['TSG'], 'loc': ('37617764', '37721160')}, 'ERBB2': {'type': ['oncogene', ' fusion'], 'loc': ('37844167', '37886679')}, 'IKZF3': {'type': ['oncogene', ' TSG', ' fusion'], 'loc': ('37921198', '38020441')}}}","['CDK12', 'ERBB2', 'IKZF3']",0.0,0,2,0.5,high
CURTIS_H001463_T01_01_WG01,1,4,linear,1043721,2,1,"[('17', 38024099, 37472579), ('17', 34008398, 34500599)]","[('17', 37472579, '17', 34008398), ('17', 34500599, '17', 38024099)]",0.5,"[('17', 37472579, '17', 34008398)]",0.5,"[('17', 34500599, '17', 38024099)]",0.0,[],1.0,"[('17', 34500599)]",['Low_Mappability'],0,"{'17': {'CDK12': {'type': ['TSG'], 'loc': ('37617764', '37721160')}, 'ERBB2': {'type': ['oncogene', ' fusion'], 'loc': ('37844167', '37886679')}, 'IKZF3': {'type': ['oncogene', ' TSG', ' fusion'], 'loc': ('37921198', '38020441')}, 'TAF15': {'type': ['oncogene', ' fusion'], 'loc': ('34136459', '34191619')}}}","['CDK12', 'ERBB2', 'IKZF3', 'TAF15']",0.0,0,1,1.0625,medium
CURTIS_H001466_T01_01_WG01,1,1,linear,26065,1,1,"[('1', 150067007, 150040941)]","[('1', 150040941, '1', 150067007)]",0.0,[],1.0,"[('1', 150040941, '1', 150067007)]",0.0,[],0.0,[],[],0,{},[],0.0,0,0,1.5,medium
CURTIS_H001466_T01_01_WG01,1,2,linear,10593,1,1,"[('1', 152015128, 152004534)]","[('1', 152004534, '1', 152015128)]",0.0,[],1.0,"[('1', 152004534, '1', 152015128)]",0.0,[],0.0,[],[],0,{},[],0.0,0,0,1.5,medium
CURTIS_H001466_T01_01_WG01,2,1,linear,1896361,5,2,"[('17', 38366699, 37715980), ('17', 28823669, 28526141), ('17', 28526438, 28823669), ('17', 37715980, 38366699), ('6', 56017135, 56017298)]","[('17', 37715980, '17', 28823669), ('17', 28526141, '6', 56017135), ('6', 56017298, '17', 28526438), ('17', 28823669, '17', 37715980), ('17', 38366699, '17', 38366699)]",0.5,"[('17', 37715980, '17', 28823669), ('17', 28823669, '17', 37715980)]",0.5,"[('17', 28526141, '6', 56017135), ('6', 56017298, '17', 28526438)]",0.0,[],0.0,[],[],1,"{'17': {'ERBB2': {'type': ['oncogene', ' fusion'], 'loc': ('37844167', '37886679')}, 'IKZF3': {'type': ['oncogene', ' TSG', ' fusion'], 'loc': ('37921198', '38020441')}}}","['ERBB2', 'ERBB2', 'IKZF3', 'IKZF3']",0.0,0,2,0.5,high
CURTIS_H001467_T01_01_WG01,1,1,linear,20595,1,1,"[('11', 70503481, 70482885)]","[('11', 70482885, '11', 70503481)]",0.0,[],1.0,"[('11', 70482885, '11', 70503481)]",0.0,[],0.0,[],[],0,{},[],0.0,0,0,1.5,medium
CURTIS_H001467_T01_01_WG01,1,2,linear,10596,1,1,"[('11', 70341756, 70331159)]","[('11', 70331159, '11', 70341756)]",0.0,[],1.0,"[('11', 70331159, '11', 70341756)]",0.0,[],0.0,[],[],0,{},[],0.0,0,0,1.5,medium
CURTIS_H001467_T01_01_WG01,1,3,circular,3389621,2,1,"[('11', 74150126, 77536041), ('11', 74123870, 74127574)]","[('11', 77536041, '11', 74123870), ('11', 74127574, '11', 74150126)]",1.0,"[('11', 77536041, '11', 74123870), ('11', 74127574, '11', 74150126)]",0.0,[],0.0,[],0.0,[],[],0,{},[],1.0,1,2,0.875,high
CURTIS_H001467_T01_01_WG01,1,4,linear,1900595,1,1,"[('6', 107089333, 105188737)]","[('6', 105188737, '6', 107089333)]",0.0,[],1.0,"[('6', 105188737, '6', 107089333)]",0.0,[],1.0,"[('6', 105188737)]",['Low_Mappability'],0,"{'6': {'PRDM1': {'type': ['TSG'], 'loc': ('106534195', '106557814')}}}",['PRDM1'],0.0,0,1,2.0625,low
CURTIS_H001467_T01_01_WG01,2,1,circular,31058,1,1,"[('8', 36591100, 36622157)]","[('8', 36622157, '8', 36591100)]",1.0,"[('8', 36622157, '8', 36591100)]",0.0,[],0.0,[],0.0,[],[],0,{},[],0.0,1,2,0.5,high
CURTIS_H001468_T01_01_WG01,1,1,linear,580498,1,1,"[('11', 69724499, 69144000)]","[('11', 69144000, '11', 69724499)]",0.0,[],1.0,"[('11', 69144000, '11', 69724499)]",0.0,[],0.0,[],[],0,"{'11': {'CCND1': {'type': ['oncogene', ' fusion'], 'loc': ('69455855', '69469242')}}}",['CCND1'],0.0,0,0,1.5,medium
CURTIS_H001468_T01_01_WG01,1,2,circular,2742631,12,2,"[('6', 88920938, 89911328), ('6', 77120858, 77109725), ('6', 78503711, 79274049), ('6', 78114928, 78117006), ('6', 77152141, 77126369), ('6', 89094682, 89029534), ('6', 88579351, 88735919), ('6', 88755887, 88853702), ('11', 66357656, 66361958), ('11', 66357632, 66117571), ('11', 79177213, 79555436), ('11', 68708500, 68709299)]","[('6', 89911328, '11', 66357656), ('11', 66361958, '6', 77120858), ('6', 77109725, '11', 66357632), ('11', 66117571, '11', 79177213), ('11', 79555436, '6', 78503711), ('6', 79274049, '11', 68708500), ('11', 68709299, '6', 78114928), ('6', 78117006, '6', 77152141), ('6', 77126369, '6', 89094682), ('6', 89029534, '6', 88579351), ('6', 88735919, '6', 88755887), ('6', 88853702, '6', 88920938)]",0.4166666666666667,"[('11', 66117571, '11', 79177213), ('6', 78117006, '6', 77152141), ('6', 77126369, '6', 89094682), ('6', 88735919, '6', 88755887), ('6', 88853702, '6', 88920938)]",0.5833333333333334,"[('6', 89911328, '11', 66357656), ('11', 66361958, '6', 77120858), ('6', 77109725, '11', 66357632), ('11', 79555436, '6', 78503711), ('6', 79274049, '11', 68708500), ('11', 68709299, '6', 78114928), ('6', 89029534, '6', 88579351)]",0.0,[],1.0,"[('6', 89094682)]",['Low_Mappability'],0,{},[],1.0,1,1,1.9375,medium
CURTIS_H001468_T01_01_WG01,1,3,linear,496435,3,1,"[('6', 89123699, 89092684), ('6', 77090967, 76796154), ('6', 82513694, 82343084)]","[('6', 89092684, '6', 77090967), ('6', 76796154, '6', 82513694), ('6', 82343084, '6', 89123699)]",0.6666666666666666,"[('6', 89092684, '6', 77090967), ('6', 76796154, '6', 82513694)]",0.3333333333333333,"[('6', 82343084, '6', 89123699)]",0.0,[],1.0,"[('6', 89092684)]",['Low_Mappability'],0,{},[],0.0,0,1,1.0625,medium
CURTIS_H001473_T01_01_WG01,1,2,linear,204,1,1,"[('13', 74314061, 74313856)]","[('13', 74313856, '13', 74314061)]",0.0,[],1.0,"[('13', 74313856, '13', 74314061)]",0.0,[],0.0,[],[],0,{},[],1.0,0,0,1.875,medium
CURTIS_H001473_T01_01_WG01,1,3,circular,2260,1,1,"[('13', 114297761, 114300020)]","[('13', 114300020, '13', 114297761)]",0.0,[],1.0,"[('13', 114300020, '13', 114297761)]",0.0,[],0.0,[],[],0,{},[],0.0,1,0,1.5,medium
CURTIS_H001473_T01_01_WG01,1,4,linear,210757,1,1,"[('13', 114636899, 114426141)]","[('13', 114426141, '13', 114636899)]",0.0,[],1.0,"[('13', 114426141, '13', 114636899)]",0.0,[],1.0,"[('13', 114636899)]",['High_Signal_Region'],0,{},[],0.0,0,1,2.0625,low
CURTIS_H001473_T01_01_WG01,1,5,linear,366298,1,1,"[('13', 115106099, 114739800)]","[('13', 114739800, '13', 115106099)]",0.0,[],1.0,"[('13', 114739800, '13', 115106099)]",0.0,[],1.0,"[('13', 114739800)]",['High_Signal_Region'],0,{},[],0.0,0,1,2.0625,low
CURTIS_H001473_T01_01_WG01,1,6,linear,1820698,1,1,"[('13', 114324599, 112503900)]","[('13', 112503900, '13', 114324599)]",0.0,[],1.0,"[('13', 112503900, '13', 114324599)]",0.0,[],0.0,[],[],0,{},[],0.0,0,0,1.5,medium
CURTIS_H001473_T01_01_WG01,1,7,circular,1543,1,1,"[('13', 74915358, 74916900)]","[('13', 74916900, '13', 74915358)]",0.0,[],1.0,"[('13', 74916900, '13', 74915358)]",0.0,[],0.0,[],[],0,{},[],0.0,1,0,1.5,medium
CURTIS_H001478_T01_01_WG01,1,3,linear,210606,1,1,"[('19', 49803964, 49593357)]","[('19', 49593357, '19', 49803964)]",0.0,[],1.0,"[('19', 49593357, '19', 49803964)]",0.0,[],0.0,[],[],0,{},[],0.0,0,0,1.5,medium
CURTIS_H001478_T01_01_WG01,1,4,linear,452398,1,1,"[('11', 69596399, 69144000)]","[('11', 69144000, '11', 69596399)]",0.0,[],1.0,"[('11', 69144000, '11', 69596399)]",0.0,[],0.0,[],[],0,"{'11': {'CCND1': {'type': ['oncogene', ' fusion'], 'loc': ('69455855', '69469242')}}}",['CCND1'],0.0,0,0,1.5,medium
CURTIS_H001478_T01_01_WG01,1,5,linear,681952,2,1,"[('11', 69080699, 68742286), ('11', 68737160, 69080699)]","[('11', 68742286, '11', 68737160), ('11', 69080699, '11', 69080699)]",0.0,[],1.0,"[('11', 68742286, '11', 68737160)]",0.0,[],0.0,[],[],1,{},[],0.0,0,0,1.5,medium
CURTIS_H001478_T01_01_WG01,2,1,circular,1817,1,1,"[('18', 14005899, 14007715)]","[('18', 14007715, '18', 14005899)]",1.0,"[('18', 14007715, '18', 14005899)]",0.0,[],0.0,[],0.0,[],[],0,{},[],0.0,1,2,0.5,high
CURTIS_H001478_T01_01_WG01,2,8,circular,1926672,2,1,"[('18', 13040952, 14004424), ('18', 14006238, 13043038)]","[('18', 14004424, '18', 14006238), ('18', 13043038, '18', 13040952)]",0.0,[],1.0,"[('18', 13043038, '18', 13040952)]",0.0,[],0.0,[],[],1,{},[],0.0,1,0,1.5,medium
CURTIS_H001479_T01_01_WG01,2,1,circular,1064209,1,1,"[('6', 64154409, 65218617)]","[('6', 65218617, '6', 64154409)]",0.0,[],1.0,"[('6', 65218617, '6', 64154409)]",0.0,[],0.0,[],[],0,{},[],0.0,1,0,1.5,medium
CURTIS_H001479_T01_01_WG01,2,2,circular,2525389,2,1,"[('6', 103122738, 105260827), ('6', 105263757, 105651055)]","[('6', 105260827, '6', 105263757), ('6', 105651055, '6', 103122738)]",0.5,"[('6', 105651055, '6', 103122738)]",0.5,"[('6', 105260827, '6', 105263757)]",0.0,[],0.0,[],[],0,{},[],1.0,1,2,0.875,high
CURTIS_H001479_T01_01_WG01,2,3,circular,1270568,3,1,"[('6', 105649186, 106337482), ('6', 104949860, 105260827), ('6', 105263757, 105535059)]","[('6', 106337482, '6', 104949860), ('6', 105260827, '6', 105263757), ('6', 105535059, '6', 105649186)]",0.6666666666666666,"[('6', 106337482, '6', 104949860), ('6', 105535059, '6', 105649186)]",0.3333333333333333,"[('6', 105260827, '6', 105263757)]",0.0,[],0.0,[],[],0,{},[],0.0,1,2,0.5,high
CURTIS_H001479_T01_01_WG01,2,4,circular,919274,1,1,"[('6', 118713584, 119632857)]","[('6', 119632857, '6', 118713584)]",1.0,"[('6', 119632857, '6', 118713584)]",0.0,[],0.0,[],0.0,[],[],0,{},[],0.0,1,2,0.5,high
CURTIS_H001479_T01_01_WG01,2,5,linear,1948213,4,1,"[('6', 106455599, 105760879), ('6', 104368605, 104953523), ('6', 124293800, 124525784), ('6', 103931491, 103494900)]","[('6', 105760879, '6', 104368605), ('6', 104953523, '6', 124293800), ('6', 124525784, '6', 103931491), ('6', 103494900, '6', 106455599)]",0.5,"[('6', 105760879, '6', 104368605), ('6', 104953523, '6', 124293800)]",0.5,"[('6', 124525784, '6', 103931491), ('6', 103494900, '6', 106455599)]",0.0,[],0.0,[],[],0,{},[],0.0,0,2,0.5,high
CURTIS_H001479_T01_01_WG01,2,6,circular,5933512,8,1,"[('6', 116971862, 118713460), ('6', 118710944, 118619575), ('6', 118727587, 119632857), ('6', 118713584, 118725850), ('6', 118618426, 116971862), ('6', 107314519, 106453612), ('6', 106288794, 106454141), ('6', 106804330, 107314519)]","[('6', 118713460, '6', 118710944), ('6', 118619575, '6', 118727587), ('6', 119632857, '6', 118713584), ('6', 118725850, '6', 118618426), ('6', 116971862, '6', 107314519), ('6', 106453612, '6', 106288794), ('6', 106454141, '6', 106804330), ('6', 107314519, '6', 116971862)]",1.0,"[('6', 118713460, '6', 118710944), ('6', 118619575, '6', 118727587), ('6', 119632857, '6', 118713584), ('6', 118725850, '6', 118618426), ('6', 116971862, '6', 107314519), ('6', 106453612, '6', 106288794), ('6', 106454141, '6', 106804330), ('6', 107314519, '6', 116971862)]",0.0,[],0.0,[],0.0,[],[],0,"{'6': {'GOPC': {'type': ['fusion'], 'loc': ('117639374', '117923691')}, 'PRDM1': {'type': ['TSG'], 'loc': ('106534195', '106557814')}, 'ROS1': {'type': ['oncogene', ' fusion'], 'loc': ('117609463', '117747018')}}}","['GOPC', 'GOPC', 'PRDM1', 'ROS1', 'ROS1']",1.0,1,2,0.875,high
CURTIS_H001479_T01_01_WG01,2,7,linear,1415780,3,2,"[('6', 65493899, 64087350), ('3', 31513421, 31510277), ('3', 40879996, 40873906)]","[('6', 64087350, '3', 31513421), ('3', 31510277, '3', 40879996), ('3', 40873906, '6', 65493899)]",0.3333333333333333,"[('3', 31510277, '3', 40879996)]",0.6666666666666666,"[('6', 64087350, '3', 31513421), ('3', 40873906, '6', 65493899)]",0.0,[],0.0,[],[],0,{},[],0.0,0,0,1.0,medium
CURTIS_H001479_T01_01_WG01,2,8,circular,1019166,1,1,"[('6', 123053820, 124072985)]","[('6', 124072985, '6', 123053820)]",1.0,"[('6', 124072985, '6', 123053820)]",0.0,[],0.0,[],0.0,[],[],0,{},[],0.0,1,2,0.5,high
CURTIS_H001482_T01_01_WG01,1,1,linear,10621,1,1,"[('8', 101229216, 101218594)]","[('8', 101218594, '8', 101229216)]",0.0,[],1.0,"[('8', 101218594, '8', 101229216)]",0.0,[],0.0,[],[],0,{},[],0.0,0,0,1.5,medium
CURTIS_H001483_T01_01_WG01,2,1,linear,1554389,3,1,"[('17', 34663499, 34455992), ('17', 38249183, 37181447), ('17', 37670853, 37950000)]","[('17', 34455992, '17', 38249183), ('17', 37181447, '17', 37670853), ('17', 37950000, '17', 34663499)]",0.3333333333333333,"[('17', 34455992, '17', 38249183)]",0.6666666666666666,"[('17', 37181447, '17', 37670853), ('17', 37950000, '17', 34663499)]",0.0,[],1.0,"[('17', 34663499)]",['Low_Mappability'],0,"{'17': {'CDK12': {'type': ['TSG'], 'loc': ('37617764', '37721160')}, 'ERBB2': {'type': ['oncogene', ' fusion'], 'loc': ('37844167', '37886679')}, 'IKZF3': {'type': ['oncogene', ' TSG', ' fusion'], 'loc': ('37921198', '38020441')}}}","['CDK12', 'ERBB2', 'ERBB2', 'IKZF3']",0.0,0,1,1.5625,medium
CURTIS_H001483_T01_01_WG01,2,2,linear,22606,2,1,"[('17', 30909095, 30911078), ('17', 32334629, 32314006)]","[('17', 30911078, '17', 32334629), ('17', 32314006, '17', 30909095)]",0.5,"[('17', 30911078, '17', 32334629)]",0.5,"[('17', 32314006, '17', 30909095)]",0.0,[],0.0,[],[],0,{},[],0.0,0,2,0.5,high
CURTIS_H001484_T01_01_WG01,1,1,linear,127198,1,1,"[('17', 36412499, 36285300)]","[('17', 36285300, '17', 36412499)]",0.0,[],1.0,"[('17', 36285300, '17', 36412499)]",0.0,[],1.0,"[('17', 36285300)]",['High_Signal_Region'],0,{},[],0.0,0,1,2.0625,low
CURTIS_H001484_T01_01_WG01,1,2,circular,1320799,4,1,"[('17', 36723779, 37818423), ('17', 37819344, 38005798), ('17', 38012375, 38015942), ('17', 28293191, 28257059)]","[('17', 37818423, '17', 37819344), ('17', 38005798, '17', 38012375), ('17', 38015942, '17', 28293191), ('17', 28257059, '17', 36723779)]",1.0,"[('17', 38005798, '17', 38012375), ('17', 38015942, '17', 28293191), ('17', 28257059, '17', 36723779)]",0.0,[],0.0,[],0.0,[],[],1,"{'17': {'CDK12': {'type': ['TSG'], 'loc': ('37617764', '37721160')}, 'ERBB2': {'type': ['oncogene', ' fusion'], 'loc': ('37844167', '37886679')}, 'LASP1': {'type': ['fusion'], 'loc': ('37026112', '37078023')}, 'MLLT6': {'type': ['fusion'], 'loc': ('36861795', '36886056')}}}","['CDK12', 'ERBB2', 'LASP1', 'MLLT6']",0.0,1,2,0.5,high
CURTIS_H001484_T01_01_WG01,1,3,circular,154903,1,1,"[('17', 51400352, 51555254)]","[('17', 51555254, '17', 51400352)]",1.0,"[('17', 51555254, '17', 51400352)]",0.0,[],0.0,[],0.0,[],[],0,{},[],0.0,1,2,0.5,high
CURTIS_H001484_T01_01_WG01,2,1,linear,685043,1,1,"[('12', 14237774, 13552730)]","[('12', 13552730, '12', 14237774)]",0.0,[],1.0,"[('12', 13552730, '12', 14237774)]",0.0,[],0.0,[],[],0,{},[],0.0,0,0,1.5,medium
CURTIS_H001486_T01_01_WG01,2,1,linear,380609,1,1,"[('20', 51206942, 50826332)]","[('20', 50826332, '20', 51206942)]",0.0,[],1.0,"[('20', 50826332, '20', 51206942)]",0.0,[],0.0,[],[],0,{},[],0.0,0,0,1.5,medium
CURTIS_H001486_T01_01_WG01,2,2,linear,20609,1,1,"[('20', 53309452, 53288842)]","[('20', 53288842, '20', 53309452)]",0.0,[],1.0,"[('20', 53288842, '20', 53309452)]",0.0,[],0.0,[],[],0,{},[],0.0,0,0,1.5,medium
CURTIS_H001486_T01_01_WG01,2,3,linear,20609,1,1,"[('20', 52636902, 52616292)]","[('20', 52616292, '20', 52636902)]",0.0,[],1.0,"[('20', 52616292, '20', 52636902)]",0.0,[],0.0,[],[],0,{},[],0.0,0,0,1.5,medium
CURTIS_H001486_T01_01_WG01,2,4,linear,10609,1,1,"[('20', 40745940, 40735330)]","[('20', 40735330, '20', 40745940)]",0.0,[],1.0,"[('20', 40735330, '20', 40745940)]",0.0,[],0.0,[],[],0,{},[],0.0,0,0,1.5,medium
CURTIS_H001486_T01_01_WG01,4,1,linear,1457881,1,1,"[('11', 71236682, 69778800)]","[('11', 69778800, '11', 71236682)]",0.0,[],1.0,"[('11', 69778800, '11', 71236682)]",0.0,[],0.0,[],[],0,"{'11': {'FADD': {'type': [''], 'loc': ('70049269', '70053496')}}}",['FADD'],0.0,0,0,1.5,medium
CURTIS_H001486_T01_01_WG01,3,1,linear,30609,1,1,"[('3', 5582265, 5551655)]","[('3', 5551655, '3', 5582265)]",0.0,[],1.0,"[('3', 5551655, '3', 5582265)]",0.0,[],0.0,[],[],0,{},[],0.0,0,0,1.5,medium
CURTIS_H001486_T01_01_WG01,3,2,linear,23856,2,1,"[('3', 28204960, 28201713), ('3', 4240900, 4220289)]","[('3', 28201713, '3', 4240900), ('3', 4220289, '3', 28204960)]",0.0,[],1.0,"[('3', 28201713, '3', 4240900), ('3', 4220289, '3', 28204960)]",0.0,[],0.0,[],[],0,{},[],0.0,0,0,1.5,medium
CURTIS_H001486_T01_01_WG01,3,3,circular,32103,1,1,"[('3', 33852060, 33884162)]","[('3', 33884162, '3', 33852060)]",0.0,[],1.0,"[('3', 33884162, '3', 33852060)]",0.0,[],0.0,[],[],0,{},[],0.0,1,0,1.5,medium
CURTIS_H001487_T01_01_WG01,1,1,linear,139398,1,1,"[('11', 69089699, 68950300)]","[('11', 68950300, '11', 69089699)]",0.0,[],1.0,"[('11', 68950300, '11', 69089699)]",0.0,[],0.0,[],[],0,{},[],0.0,0,0,1.5,medium
CURTIS_H001487_T01_01_WG01,1,2,linear,580830,2,1,"[('11', 69721199, 69401409), ('11', 69400842, 69139800)]","[('11', 69401409, '11', 69400842), ('11', 69139800, '11', 69721199)]",0.0,[],1.0,"[('11', 69139800, '11', 69721199)]",0.0,[],0.0,[],[],1,"{'11': {'CCND1': {'type': ['oncogene', ' fusion'], 'loc': ('69455855', '69469242')}}}",['CCND1'],0.0,0,0,1.5,medium
CURTIS_H001489_T01_01_WG01,1,1,linear,445013,1,1,"[('16', 54184499, 53739485)]","[('16', 53739485, '16', 54184499)]",0.0,[],1.0,"[('16', 53739485, '16', 54184499)]",0.0,[],0.0,[],[],0,{},[],0.0,0,0,1.5,medium
CURTIS_H001489_T01_01_WG01,1,2,linear,663071,2,2,"[('17', 38060399, 37851467), ('16', 54193626, 53739485)]","[('17', 37851467, '16', 54193626), ('16', 53739485, '17', 38060399)]",0.0,[],1.0,"[('17', 37851467, '16', 54193626), ('16', 53739485, '17', 38060399)]",0.0,[],0.0,[],[],0,"{'17': {'IKZF3': {'type': ['oncogene', ' TSG', ' fusion'], 'loc': ('37921198', '38020441')}}}",['IKZF3'],0.0,0,0,1.5,medium
CURTIS_H001489_T01_01_WG01,1,3,linear,134698,1,1,"[('22', 24807299, 24672600)]","[('22', 24672600, '22', 24807299)]",0.0,[],1.0,"[('22', 24672600, '22', 24807299)]",0.0,[],0.0,[],[],0,{},[],0.0,0,0,1.5,medium
CURTIS_H001489_T01_01_WG01,1,4,circular,191836,1,1,"[('17', 37911816, 38103651)]","[('17', 38103651, '17', 37911816)]",0.0,[],1.0,"[('17', 38103651, '17', 37911816)]",0.0,[],0.0,[],[],0,"{'17': {'IKZF3': {'type': ['oncogene', ' TSG', ' fusion'], 'loc': ('37921198', '38020441')}}}",['IKZF3'],0.0,1,0,1.5,medium
CURTIS_H001489_T01_01_WG01,1,5,linear,10638,1,1,"[('22', 47922773, 47912134)]","[('22', 47912134, '22', 47922773)]",0.0,[],1.0,"[('22', 47912134, '22', 47922773)]",0.0,[],0.0,[],[],0,{},[],0.0,0,0,1.5,medium
CURTIS_H001489_T01_01_WG01,1,6,linear,349456,2,1,"[('16', 68203499, 68027070), ('16', 68030472, 68203499)]","[('16', 68027070, '16', 68030472), ('16', 68203499, '16', 68203499)]",1.0,"[('16', 68027070, '16', 68030472)]",0.0,[],0.0,[],0.0,[],[],1,{},[],0.0,0,2,0.5,high
CURTIS_H001489_T01_01_WG01,1,7,linear,87898,1,1,"[('16', 68203499, 68115600)]","[('16', 68115600, '16', 68203499)]",0.0,[],1.0,"[('16', 68115600, '16', 68203499)]",0.0,[],0.0,[],[],0,{},[],0.0,0,0,1.5,medium
CURTIS_H001489_T01_01_WG01,1,8,linear,571586,3,3,"[('20', 52615200, 52645568), ('17', 37938545, 37851467), ('16', 54193626, 53739485)]","[('20', 52645568, '17', 37938545), ('17', 37851467, '16', 54193626), ('16', 53739485, '20', 52615200)]",0.0,[],1.0,"[('20', 52645568, '17', 37938545), ('17', 37851467, '16', 54193626), ('16', 53739485, '20', 52615200)]",0.0,[],0.0,[],[],0,{},[],0.0,0,0,1.5,medium
CURTIS_H001492_T01_01_WG01,1,1,linear,569127,2,1,"[('11', 69713099, 69401412), ('11', 69400842, 69143400)]","[('11', 69401412, '11', 69400842), ('11', 69143400, '11', 69713099)]",0.0,[],1.0,"[('11', 69143400, '11', 69713099)]",0.0,[],0.0,[],[],1,"{'11': {'CCND1': {'type': ['oncogene', ' fusion'], 'loc': ('69455855', '69469242')}}}",['CCND1'],0.0,0,0,1.5,medium
CURTIS_H001510_T01_01_WG01,2,1,linear,542464,3,2,"[('1', 224194259, 224185523), ('1', 222129047, 221725586), ('4', 73983057, 74113325)]","[('1', 224185523, '1', 222129047), ('1', 221725586, '4', 73983057), ('4', 74113325, '1', 224194259)]",0.3333333333333333,"[('1', 224185523, '1', 222129047)]",0.6666666666666666,"[('1', 221725586, '4', 73983057), ('4', 74113325, '1', 224194259)]",0.0,[],1.0,"[('1', 224185523), ('1', 224194259)]","['High_Signal_Region', 'High_Signal_Region']",0,{},[],0.0,0,1,1.5625,medium
CURTIS_H001510_T01_01_WG01,2,2,linear,366546,2,2,"[('17', 80860020, 80749453), ('4', 65016007, 65271986)]","[('17', 80749453, '4', 65016007), ('4', 65271986, '17', 80860020)]",0.0,[],1.0,"[('17', 80749453, '4', 65016007), ('4', 65271986, '17', 80860020)]",0.0,[],0.0,[],[],0,{},[],0.0,0,0,1.5,medium
CURTIS_H001510_T01_01_WG01,2,3,circular,649772,2,1,"[('15', 99575607, 100203738), ('15', 99552893, 99574532)]","[('15', 100203738, '15', 99552893), ('15', 99574532, '15', 99575607)]",1.0,"[('15', 100203738, '15', 99552893)]",0.0,[],0.0,[],0.0,[],[],1,{},[],0.0,1,2,0.5,high
CURTIS_H001510_T01_01_WG01,2,4,linear,10566,1,1,"[('1', 217857594, 217847027)]","[('1', 217847027, '1', 217857594)]",0.0,[],1.0,"[('1', 217847027, '1', 217857594)]",0.0,[],0.0,[],[],0,{},[],0.0,0,0,1.5,medium
CURTIS_H001510_T01_01_WG01,2,5,linear,559951,2,1,"[('1', 228073810, 228073323), ('1', 235191566, 234632100)]","[('1', 228073323, '1', 235191566), ('1', 234632100, '1', 228073810)]",0.0,[],1.0,"[('1', 228073323, '1', 235191566), ('1', 234632100, '1', 228073810)]",0.25,"[('1', 228073810, '1', 162391404)]",0.0,[],[],0,{},[],0.0,0,0,1.625,medium
CURTIS_H001510_T01_01_WG01,2,6,linear,631618,3,2,"[('1', 224194259, 224193692), ('15', 95118574, 95117251), ('15', 99046714, 98416983)]","[('1', 224193692, '15', 95118574), ('15', 95117251, '15', 99046714), ('15', 98416983, '1', 224194259)]",0.3333333333333333,"[('15', 95117251, '15', 99046714)]",0.6666666666666666,"[('1', 224193692, '15', 95118574), ('15', 98416983, '1', 224194259)]",0.0,[],1.0,"[('1', 224193692), ('1', 224194259)]","['High_Signal_Region', 'High_Signal_Region']",0,{},[],0.0,0,1,1.5625,medium
CURTIS_H001510_T01_01_WG01,2,8,linear,10567,1,1,"[('8', 73141763, 73131195)]","[('8', 73131195, '8', 73141763)]",0.0,[],1.0,"[('8', 73131195, '8', 73141763)]",0.0,[],0.0,[],[],0,{},[],0.0,0,0,1.5,medium
CURTIS_H001510_T01_01_WG01,2,9,linear,2066114,2,1,"[('4', 142088825, 140653277), ('4', 78384455, 77753887)]","[('4', 140653277, '4', 78384455), ('4', 77753887, '4', 142088825)]",0.5,"[('4', 140653277, '4', 78384455)]",0.5,"[('4', 77753887, '4', 142088825)]",0.0,[],0.0,[],[],0,{},[],0.0,0,2,0.5,high
CURTIS_H001510_T01_01_WG01,2,10,linear,263432,1,1,"[('17', 56497233, 56233800)]","[('17', 56233800, '17', 56497233)]",0.0,[],1.0,"[('17', 56233800, '17', 56497233)]",0.0,[],0.0,[],[],0,"{'17': {'RNF43': {'type': ['TSG'], 'loc': ('56429861', '56494956')}}}",['RNF43'],0.0,0,0,1.5,medium
CURTIS_H001510_T01_01_WG01,2,11,linear,962577,1,1,"[('4', 66410736, 65448158)]","[('4', 65448158, '4', 66410736)]",0.0,[],1.0,"[('4', 65448158, '4', 66410736)]",0.0,[],0.0,[],[],0,{},[],0.0,0,0,1.5,medium
CURTIS_H001510_T01_01_WG01,2,12,circular,466987,3,2,"[('17', 46812096, 47172955), ('17', 80759194, 80665337), ('15', 59621575, 59609303)]","[('17', 47172955, '17', 80759194), ('17', 80665337, '15', 59621575), ('15', 59609303, '17', 46812096)]",0.3333333333333333,"[('17', 47172955, '17', 80759194)]",0.6666666666666666,"[('17', 80665337, '15', 59621575), ('15', 59609303, '17', 46812096)]",0.0,[],0.0,[],[],0,{},[],0.0,1,0,1.0,medium
CURTIS_H001510_T01_01_WG01,2,13,linear,30566,1,1,"[('8', 73181525, 73150958)]","[('8', 73150958, '8', 73181525)]",0.0,[],1.0,"[('8', 73150958, '8', 73181525)]",0.0,[],0.0,[],[],0,{},[],0.0,0,0,1.5,medium
CURTIS_H001510_T01_01_WG01,2,14,linear,2189532,3,1,"[('1', 228073890, 228073323), ('1', 235191566, 233963604), ('1', 233962210, 233001204)]","[('1', 228073323, '1', 235191566), ('1', 233963604, '1', 233962210), ('1', 233001204, '1', 228073890)]",0.0,[],1.0,"[('1', 228073323, '1', 235191566), ('1', 233001204, '1', 228073890)]",0.25,"[('1', 228073890, '1', 162391404)]",0.0,[],[],1,{},[],0.0,0,0,1.625,medium
CURTIS_H001516_T01_01_WG01,1,1,linear,568534,2,1,"[('11', 69713099, 69401405), ('11', 69400842, 69144000)]","[('11', 69401405, '11', 69400842), ('11', 69144000, '11', 69713099)]",0.0,[],1.0,"[('11', 69144000, '11', 69713099)]",0.0,[],0.0,[],[],1,"{'11': {'CCND1': {'type': ['oncogene', ' fusion'], 'loc': ('69455855', '69469242')}}}",['CCND1'],0.0,0,0,1.5,medium
CURTIS_H001516_T01_01_WG01,1,2,linear,914474,1,1,"[('11', 69089699, 68175224)]","[('11', 68175224, '11', 69089699)]",0.0,[],1.0,"[('11', 68175224, '11', 69089699)]",0.0,[],0.0,[],[],0,{},[],0.0,0,0,1.5,medium
CURTIS_H001519_T01_01_WG01,2,1,circular,1300,1,1,"[('19', 13737529, 13738828)]","[('19', 13738828, '19', 13737529)]",0.0,[],1.0,"[('19', 13738828, '19', 13737529)]",0.0,[],0.0,[],[],0,{},[],0.0,1,0,1.5,medium
CURTIS_H001519_T01_01_WG01,2,2,circular,322194,2,1,"[('17', 20712615, 20880353), ('17', 20866265, 20711809)]","[('17', 20880353, '17', 20866265), ('17', 20711809, '17', 20712615)]",0.0,[],1.0,"[('17', 20880353, '17', 20866265)]",0.0,[],0.0,[],[],1,{},[],0.0,1,0,1.5,medium
CURTIS_H001519_T01_01_WG01,2,3,linear,568837,2,1,"[('11', 69713099, 69401402), ('11', 69400842, 69143700)]","[('11', 69401402, '11', 69400842), ('11', 69143700, '11', 69713099)]",0.0,[],1.0,"[('11', 69143700, '11', 69713099)]",0.0,[],0.0,[],[],1,"{'11': {'CCND1': {'type': ['oncogene', ' fusion'], 'loc': ('69455855', '69469242')}}}",['CCND1'],0.0,0,0,1.5,medium
CURTIS_H001519_T01_01_WG01,2,4,linear,1058664,2,2,"[('19', 12982800, 13950880), ('17', 21352145, 21261561)]","[('19', 13950880, '17', 21352145), ('17', 21261561, '19', 12982800)]",0.0,[],1.0,"[('19', 13950880, '17', 21352145), ('17', 21261561, '19', 12982800)]",0.0,[],0.0,[],[],0,"{'19': {'CALR': {'type': ['oncogene'], 'loc': ('13049392', '13055303')}, 'LYL1': {'type': ['oncogene', ' fusion'], 'loc': ('13209847', '13213975')}}}","['CALR', 'LYL1']",0.0,0,0,1.5,medium
CURTIS_H001519_T01_01_WG01,2,6,linear,645677,1,1,"[('19', 7304099, 6658421)]","[('19', 6658421, '19', 7304099)]",0.0,[],1.0,"[('19', 6658421, '19', 7304099)]",0.0,[],0.0,[],[],0,"{'19': {'VAV1': {'type': ['fusion'], 'loc': ('6772725', '6857377')}}}",['VAV1'],0.0,0,0,1.5,medium
CURTIS_H001519_T01_01_WG01,2,7,circular,2221,1,1,"[('17', 20867674, 20869894)]","[('17', 20869894, '17', 20867674)]",1.0,"[('17', 20869894, '17', 20867674)]",0.0,[],0.0,[],0.0,[],[],0,{},[],0.0,1,2,0.5,high
CURTIS_H001519_T01_01_WG01,2,8,circular,2163,1,1,"[('17', 20867674, 20869836)]","[('17', 20869836, '17', 20867674)]",1.0,"[('17', 20869836, '17', 20867674)]",0.0,[],0.0,[],0.0,[],[],0,{},[],0.0,1,2,0.5,high
CURTIS_H001519_T01_01_WG01,2,9,linear,532905,3,3,"[('17', 21261561, 21352145), ('19', 13950880, 13510671), ('11', 67394574, 67392461)]","[('17', 21352145, '19', 13950880), ('19', 13510671, '11', 67394574), ('11', 67392461, '17', 21261561)]",0.0,[],1.0,"[('17', 21352145, '19', 13950880), ('19', 13510671, '11', 67394574), ('11', 67392461, '17', 21261561)]",0.0,[],0.0,[],[],0,{},[],0.0,0,0,1.5,medium
CURTIS_H001519_T01_01_WG01,2,10,linear,824785,3,2,"[('19', 7304099, 7087570), ('11', 66727469, 66647928), ('11', 70317418, 69788700)]","[('19', 7087570, '11', 66727469), ('11', 66647928, '11', 70317418), ('11', 69788700, '19', 7304099)]",0.3333333333333333,"[('11', 66647928, '11', 70317418)]",0.6666666666666666,"[('19', 7087570, '11', 66727469), ('11', 69788700, '19', 7304099)]",0.0,[],0.0,[],[],0,"{'11': {'FADD': {'type': [''], 'loc': ('70049269', '70053496')}}}",['FADD'],0.0,0,0,1.0,medium
CURTIS_H001519_T01_01_WG01,2,11,linear,1190514,1,1,"[('11', 70979215, 69788700)]","[('11', 69788700, '11', 70979215)]",0.0,[],1.0,"[('11', 69788700, '11', 70979215)]",0.0,[],0.0,[],[],0,"{'11': {'FADD': {'type': [''], 'loc': ('70049269', '70053496')}}}",['FADD'],0.0,0,0,1.5,medium
CURTIS_H001526_T01_01_WG01,1,1,linear,58,1,1,"[('10', 134177980, 134177921)]","[('10', 134177921, '10', 134177980)]",0.0,[],1.0,"[('10', 134177921, '10', 134177980)]",0.5,"[('10', 134177980, '10', 131141822)]",0.0,[],[],0,{},[],1.0,0,0,2.125,low
CURTIS_H001526_T01_01_WG01,1,2,circular,984,1,1,"[('10', 134634787, 134635770)]","[('10', 134635770, '10', 134634787)]",0.0,[],1.0,"[('10', 134635770, '10', 134634787)]",0.0,[],0.0,[],[],0,{},[],0.0,1,0,1.5,medium
CURTIS_H001528_T01_01_WG01,1,1,circular,1841,1,1,"[('19', 31119519, 31121359)]","[('19', 31121359, '19', 31119519)]",1.0,"[('19', 31121359, '19', 31119519)]",0.0,[],0.0,[],0.0,[],[],0,{},[],0.0,1,2,0.5,high
CURTIS_H001528_T01_01_WG01,1,2,linear,20573,1,1,"[('16', 48792434, 48771860)]","[('16', 48771860, '16', 48792434)]",0.0,[],1.0,"[('16', 48771860, '16', 48792434)]",0.0,[],0.0,[],[],0,{},[],0.0,0,0,1.5,medium
CURTIS_H001528_T01_01_WG01,1,3,linear,359302,2,2,"[('16', 49103017, 49421438), ('19', 36802581, 36761700)]","[('16', 49421438, '19', 36802581), ('19', 36761700, '16', 49103017)]",0.0,[],1.0,"[('16', 49421438, '19', 36802581), ('19', 36761700, '16', 49103017)]",0.0,[],0.0,[],[],0,{},[],0.0,0,0,1.5,medium
CURTIS_H001530_T01_01_WG01,1,1,linear,572430,2,1,"[('11', 69712799, 69401409), ('11', 69400842, 69139800)]","[('11', 69401409, '11', 69400842), ('11', 69139800, '11', 69712799)]",0.0,[],1.0,"[('11', 69139800, '11', 69712799)]",0.0,[],0.0,[],[],1,"{'11': {'CCND1': {'type': ['oncogene', ' fusion'], 'loc': ('69455855', '69469242')}}}",['CCND1'],0.0,0,0,1.5,medium
CURTIS_H001531_T01_01_WG01,1,1,linear,883351,7,1,"[('11', 69712799, 69401411), ('11', 69400842, 69343534), ('11', 69341125, 69265329), ('11', 69199748, 69206543), ('11', 69277758, 69341125), ('11', 69343534, 69400842), ('11', 69401411, 69712799)]","[('11', 69401411, '11', 69400842), ('11', 69343534, '11', 69341125), ('11', 69265329, '11', 69199748), ('11', 69206543, '11', 69277758), ('11', 69341125, '11', 69343534), ('11', 69400842, '11', 69401411), ('11', 69712799, '11', 69712799)]",0.5,"[('11', 69265329, '11', 69199748), ('11', 69206543, '11', 69277758)]",0.5,"[('11', 69343534, '11', 69341125), ('11', 69341125, '11', 69343534)]",0.0,[],0.0,[],[],3,"{'11': {'CCND1': {'type': ['oncogene', ' fusion'], 'loc': ('69455855', '69469242')}}}","['CCND1', 'CCND1']",0.0,0,2,0.5,high
CURTIS_H001532_T01_01_WG01,1,1,circular,4023089,2,2,"[('11', 76548091, 80005233), ('8', 37179641, 37745586)]","[('11', 80005233, '8', 37179641), ('8', 37745586, '11', 76548091)]",0.0,[],1.0,"[('11', 80005233, '8', 37179641), ('8', 37745586, '11', 76548091)]",0.0,[],0.0,[],[],0,{},[],1.0,1,0,1.875,medium
CURTIS_H001532_T01_01_WG01,1,2,linear,573298,1,1,"[('11', 69716699, 69143400)]","[('11', 69143400, '11', 69716699)]",0.0,[],1.0,"[('11', 69143400, '11', 69716699)]",0.0,[],0.0,[],[],0,"{'11': {'CCND1': {'type': ['oncogene', ' fusion'], 'loc': ('69455855', '69469242')}}}",['CCND1'],0.0,0,0,1.5,medium
CURTIS_H001533_T01_01_WG01,1,1,linear,573898,1,1,"[('11', 69717599, 69143700)]","[('11', 69143700, '11', 69717599)]",0.0,[],1.0,"[('11', 69143700, '11', 69717599)]",0.0,[],0.0,[],[],0,"{'11': {'CCND1': {'type': ['oncogene', ' fusion'], 'loc': ('69455855', '69469242')}}}",['CCND1'],0.0,0,0,1.5,medium
CURTIS_H001534_T01_01_WG01,1,1,circular,3739723,1,1,"[('11', 74465587, 78205309)]","[('11', 78205309, '11', 74465587)]",1.0,"[('11', 78205309, '11', 74465587)]",0.0,[],0.0,[],0.0,[],[],0,{},[],1.0,1,2,0.875,high
CURTIS_H001534_T01_01_WG01,1,2,circular,36346,6,1,"[('11', 71693544, 71723573), ('11', 71796912, 71797417), ('11', 71731367, 71730838), ('11', 71730838, 71731373), ('11', 72965128, 72965724), ('11', 71730666, 71726516)]","[('11', 71723573, '11', 71796912), ('11', 71797417, '11', 71731367), ('11', 71730838, '11', 71730838), ('11', 71731373, '11', 72965128), ('11', 72965724, '11', 71730666), ('11', 71726516, '11', 71693544)]",1.0,"[('11', 71723573, '11', 71796912), ('11', 71797417, '11', 71731367), ('11', 71731373, '11', 72965128), ('11', 72965724, '11', 71730666), ('11', 71726516, '11', 71693544)]",0.0,[],0.0,[],0.0,[],[],1,{},[],0.0,1,2,0.5,high
CURTIS_H001535_T01_01_WG01,1,1,linear,10925,1,1,"[('11', 77691393, 77680467)]","[('11', 77680467, '11', 77691393)]",0.0,[],1.0,"[('11', 77680467, '11', 77691393)]",0.5,"[('11', 77691393, '11', 80097647)]",0.0,[],[],0,{},[],0.0,0,0,1.75,medium
CURTIS_H001539_T01_01_WG01,1,1,linear,571834,2,1,"[('11', 69716699, 69401405), ('11', 69400842, 69144300)]","[('11', 69401405, '11', 69400842), ('11', 69144300, '11', 69716699)]",0.0,[],1.0,"[('11', 69144300, '11', 69716699)]",0.0,[],0.0,[],[],1,"{'11': {'CCND1': {'type': ['oncogene', ' fusion'], 'loc': ('69455855', '69469242')}}}",['CCND1'],0.0,0,0,1.5,medium
CURTIS_H001539_T01_01_WG01,1,2,linear,120947,1,1,"[('22', 24675302, 24554354)]","[('22', 24554354, '22', 24675302)]",0.0,[],1.0,"[('22', 24554354, '22', 24675302)]",0.0,[],0.0,[],[],0,{},[],0.0,0,0,1.5,medium
CURTIS_H001541_T01_01_WG01,1,1,linear,204658,2,1,"[('11', 66046540, 66025997), ('11', 69966517, 69782400)]","[('11', 66025997, '11', 69966517), ('11', 69782400, '11', 66046540)]",0.0,[],1.0,"[('11', 66025997, '11', 69966517), ('11', 69782400, '11', 66046540)]",0.0,[],0.0,[],[],0,{},[],0.0,0,0,1.5,medium
CURTIS_H001541_T01_01_WG01,1,2,linear,441955,1,1,"[('11', 69715799, 69273843)]","[('11', 69273843, '11', 69715799)]",0.0,[],1.0,"[('11', 69273843, '11', 69715799)]",0.0,[],0.0,[],[],0,"{'11': {'CCND1': {'type': ['oncogene', ' fusion'], 'loc': ('69455855', '69469242')}}}",['CCND1'],0.0,0,0,1.5,medium
CURTIS_H001545_T01_01_WG01,2,1,linear,6737,1,1,"[('8', 68395048, 68388310)]","[('8', 68388310, '8', 68395048)]",0.0,[],1.0,"[('8', 68388310, '8', 68395048)]",0.0,[],0.0,[],[],0,{},[],0.0,0,0,1.5,medium
CURTIS_H001545_T01_01_WG01,3,1,circular,1011825,2,1,"[('17', 58280552, 58826815), ('17', 38192767, 37727205)]","[('17', 58826815, '17', 38192767), ('17', 37727205, '17', 58280552)]",1.0,"[('17', 58826815, '17', 38192767), ('17', 37727205, '17', 58280552)]",0.0,[],0.0,[],0.0,[],[],0,"{'17': {'ERBB2': {'type': ['oncogene', ' fusion'], 'loc': ('37844167', '37886679')}, 'IKZF3': {'type': ['oncogene', ' TSG', ' fusion'], 'loc': ('37921198', '38020441')}, 'PPM1D': {'type': ['oncogene'], 'loc': ('58677544', '58741849')}}}","['ERBB2', 'IKZF3', 'PPM1D']",0.0,1,2,0.5,high
CURTIS_H001545_T01_01_WG01,3,2,circular,461460,1,1,"[('17', 58570531, 59031990)]","[('17', 59031990, '17', 58570531)]",0.0,[],1.0,"[('17', 59031990, '17', 58570531)]",0.0,[],0.0,[],[],0,"{'17': {'PPM1D': {'type': ['oncogene'], 'loc': ('58677544', '58741849')}}}",['PPM1D'],0.0,1,0,1.5,medium
CURTIS_H001545_T01_01_WG01,3,3,circular,957677,1,1,"[('17', 50533920, 51491596)]","[('17', 51491596, '17', 50533920)]",1.0,"[('17', 51491596, '17', 50533920)]",0.0,[],0.0,[],0.0,[],[],0,{},[],0.0,1,2,0.5,high
CURTIS_H001545_T01_01_WG01,3,4,linear,1491006,2,1,"[('17', 36250799, 35035776), ('17', 37426597, 37150612)]","[('17', 35035776, '17', 37426597), ('17', 37150612, '17', 36250799)]",0.5,"[('17', 35035776, '17', 37426597)]",0.5,"[('17', 37150612, '17', 36250799)]",0.5,"[('17', 37150612, '17', 46104063)]",0.0,[],[],0,{},[],0.0,0,2,0.75,high
CURTIS_H001545_T01_01_WG01,3,5,circular,2868130,7,1,"[('17', 53282511, 54452583), ('17', 57625697, 58683581), ('17', 53156545, 53225468), ('17', 29346211, 29347138), ('17', 58919221, 58778525), ('17', 50672591, 50264999), ('17', 37727031, 37704996)]","[('17', 54452583, '17', 57625697), ('17', 58683581, '17', 53156545), ('17', 53225468, '17', 29346211), ('17', 29347138, '17', 58919221), ('17', 58778525, '17', 50672591), ('17', 50264999, '17', 37727031), ('17', 37704996, '17', 53282511)]",1.0,"[('17', 54452583, '17', 57625697), ('17', 58683581, '17', 53156545), ('17', 53225468, '17', 29346211), ('17', 29347138, '17', 58919221), ('17', 58778525, '17', 50672591), ('17', 50264999, '17', 37727031), ('17', 37704996, '17', 53282511)]",0.0,[],0.0,[],0.0,[],[],0,"{'17': {'CLTC': {'type': ['TSG', ' fusion'], 'loc': ('57697219', '57773671')}, 'HLF': {'type': ['oncogene', ' fusion'], 'loc': ('53342373', '53402426')}}}","['CLTC', 'HLF']",1.0,1,2,0.875,high
CURTIS_H001545_T01_01_WG01,4,1,linear,473403,1,1,"[('6', 107357926, 106884522)]","[('6', 106884522, '6', 107357926)]",0.0,[],1.0,"[('6', 106884522, '6', 107357926)]",0.0,[],0.0,[],[],0,{},[],0.0,0,0,1.5,medium
CURTIS_H001545_T01_01_WG01,4,2,linear,232525,3,2,"[('6', 105785811, 105688534), ('6', 100835306, 100899491), ('4', 63996186, 63925122)]","[('6', 105688534, '6', 100835306), ('6', 100899491, '4', 63996186), ('4', 63925122, '6', 105785811)]",0.3333333333333333,"[('6', 105688534, '6', 100835306)]",0.6666666666666666,"[('6', 100899491, '4', 63996186), ('4', 63925122, '6', 105785811)]",0.0,[],0.0,[],[],0,{},[],0.0,0,0,1.0,medium
CURTIS_H001545_T01_01_WG01,4,3,circular,17694,2,1,"[('4', 63435857, 63448497), ('4', 63421401, 63416347)]","[('4', 63448497, '4', 63421401), ('4', 63416347, '4', 63435857)]",1.0,"[('4', 63448497, '4', 63421401), ('4', 63416347, '4', 63435857)]",0.0,[],0.0,[],0.0,[],[],0,{},[],0.0,1,2,0.5,high
CURTIS_H001545_T01_01_WG01,4,4,linear,78137,2,2,"[('6', 106884522, 106955216), ('4', 63453903, 63446460)]","[('6', 106955216, '4', 63453903), ('4', 63446460, '6', 106884522)]",0.0,[],1.0,"[('6', 106955216, '4', 63453903), ('4', 63446460, '6', 106884522)]",0.0,[],0.0,[],[],0,{},[],0.0,0,0,1.5,medium
CURTIS_H001545_T01_01_WG01,4,5,linear,2420439,3,2,"[('6', 107924721, 107152456), ('20', 49627858, 49117623), ('20', 45693384, 46831324)]","[('6', 107152456, '20', 49627858), ('20', 49117623, '20', 45693384), ('20', 46831324, '6', 107924721)]",0.3333333333333333,"[('20', 49117623, '20', 45693384)]",0.6666666666666666,"[('6', 107152456, '20', 49627858), ('20', 46831324, '6', 107924721)]",0.0,[],0.0,[],[],0,{},[],1.0,0,0,1.375,medium
CURTIS_H001545_T01_01_WG01,4,6,linear,241567,3,2,"[('4', 63616776, 63453095), ('4', 63439216, 63404902), ('6', 107924734, 107968307)]","[('4', 63453095, '4', 63439216), ('4', 63404902, '6', 107924734), ('6', 107968307, '4', 63616776)]",0.3333333333333333,"[('4', 63453095, '4', 63439216)]",0.6666666666666666,"[('4', 63404902, '6', 107924734), ('6', 107968307, '4', 63616776)]",0.0,[],0.0,[],[],0,{},[],0.0,0,0,1.0,medium
CURTIS_H001545_T01_01_WG01,4,7,linear,80630,2,1,"[('6', 105706971, 105688534), ('6', 100835306, 100897499)]","[('6', 105688534, '6', 100835306), ('6', 100897499, '6', 105706971)]",0.5,"[('6', 105688534, '6', 100835306)]",0.5,"[('6', 100897499, '6', 105706971)]",0.0,[],0.0,[],[],0,{},[],0.0,0,2,0.5,high
CURTIS_H001545_T01_01_WG01,4,8,linear,2420439,3,2,"[('6', 107924721, 107152456), ('20', 49627858, 49117623), ('20', 45693384, 46831324)]","[('6', 107152456, '20', 49627858), ('20', 49117623, '20', 45693384), ('20', 46831324, '6', 107924721)]",0.3333333333333333,"[('20', 49117623, '20', 45693384)]",0.6666666666666666,"[('6', 107152456, '20', 49627858), ('20', 46831324, '6', 107924721)]",0.0,[],0.0,[],[],0,{},[],1.0,0,0,1.375,medium
CURTIS_H001545_T01_01_WG01,4,9,linear,552440,3,2,"[('6', 107968307, 107924734), ('4', 63404902, 63439216), ('4', 63453095, 63927647)]","[('6', 107924734, '4', 63404902), ('4', 63439216, '4', 63453095), ('4', 63927647, '6', 107968307)]",0.3333333333333333,"[('4', 63439216, '4', 63453095)]",0.6666666666666666,"[('6', 107924734, '4', 63404902), ('4', 63927647, '6', 107968307)]",0.0,[],0.0,[],[],0,{},[],0.0,0,0,1.0,medium
CURTIS_H001545_T01_01_WG01,4,10,linear,229844,3,2,"[('6', 105785814, 105688534), ('6', 100835306, 100899491), ('4', 63996186, 63927806)]","[('6', 105688534, '6', 100835306), ('6', 100899491, '4', 63996186), ('4', 63927806, '6', 105785814)]",0.3333333333333333,"[('6', 105688534, '6', 100835306)]",0.6666666666666666,"[('6', 100899491, '4', 63996186), ('4', 63927806, '6', 105785814)]",0.0,[],0.0,[],[],0,{},[],0.0,0,0,1.0,medium
CURTIS_H001545_T01_01_WG01,4,11,linear,497222,2,1,"[('20', 52670451, 52291868), ('20', 52285474, 52166833)]","[('20', 52291868, '20', 52285474), ('20', 52166833, '20', 52670451)]",0.0,[],1.0,"[('20', 52291868, '20', 52285474), ('20', 52166833, '20', 52670451)]",0.0,[],0.0,[],[],0,{},[],0.0,0,0,1.5,medium
CURTIS_H001545_T01_01_WG01,4,12,linear,929585,3,2,"[('4', 63927700, 63615567), ('20', 52563702, 52291868), ('20', 52285474, 51939853)]","[('4', 63615567, '20', 52563702), ('20', 52291868, '20', 52285474), ('20', 51939853, '4', 63927700)]",0.0,[],1.0,"[('4', 63615567, '20', 52563702), ('20', 52291868, '20', 52285474), ('20', 51939853, '4', 63927700)]",0.0,[],0.0,[],[],0,{},[],0.0,0,0,1.5,medium
CURTIS_H001545_T01_01_WG01,4,13,linear,206079,1,1,"[('4', 75705880, 75499800)]","[('4', 75499800, '4', 75705880)]",0.0,[],1.0,"[('4', 75499800, '4', 75705880)]",0.0,[],0.0,[],[],0,{},[],0.0,0,0,1.5,medium
CURTIS_H001546_T01_01_WG01,1,1,linear,3612090,3,2,"[('8', 43091751, 42194367), ('8', 42190456, 39689505), ('17', 18017202, 18230958)]","[('8', 42194367, '8', 42190456), ('8', 39689505, '17', 18017202), ('17', 18230958, '8', 43091751)]",0.0,[],1.0,"[('8', 42194367, '8', 42190456), ('8', 39689505, '17', 18017202), ('17', 18230958, '8', 43091751)]",0.0,[],1.0,"[('8', 43091751)]",['High_Signal_Region'],0,"{'8': {'ANK1': {'type': [''], 'loc': ('41510739', '41754280')}, 'HOOK3': {'type': ['fusion'], 'loc': ('42752075', '42885682')}, 'IKBKB': {'type': ['oncogene'], 'loc': ('42128820', '42189973')}, 'KAT6A': {'type': ['oncogene', ' fusion'], 'loc': ('41786997', '41909508')}}}","['ANK1', 'HOOK3', 'IKBKB', 'KAT6A']",1.0,0,1,2.4375,low
CURTIS_H001546_T01_01_WG01,3,1,linear,1383915,2,1,"[('17', 20136587, 18792163), ('17', 18791152, 18751659)]","[('17', 18792163, '17', 18791152), ('17', 18751659, '17', 20136587)]",0.0,[],1.0,"[('17', 18751659, '17', 20136587)]",0.0,[],0.0,[],[],1,{},[],0.0,0,0,1.5,medium
CURTIS_H001546_T01_01_WG01,2,1,linear,428974,1,1,"[('17', 21319176, 20890201)]","[('17', 20890201, '17', 21319176)]",0.0,[],1.0,"[('17', 20890201, '17', 21319176)]",0.0,[],0.0,[],[],0,{},[],0.0,0,0,1.5,medium
CURTIS_H001547_T01_01_WG01,1,1,circular,885921,1,1,"[('17', 37475926, 38361846)]","[('17', 38361846, '17', 37475926)]",0.0,[],1.0,"[('17', 38361846, '17', 37475926)]",0.0,[],0.0,[],[],0,"{'17': {'CDK12': {'type': ['TSG'], 'loc': ('37617764', '37721160')}, 'ERBB2': {'type': ['oncogene', ' fusion'], 'loc': ('37844167', '37886679')}, 'IKZF3': {'type': ['oncogene', ' TSG', ' fusion'], 'loc': ('37921198', '38020441')}}}","['CDK12', 'ERBB2', 'IKZF3']",0.0,1,0,1.5,medium
CURTIS_H001556_T01_01_WG01,1,1,linear,68998,1,1,"[('17', 34804799, 34735800)]","[('17', 34735800, '17', 34804799)]",0.0,[],1.0,"[('17', 34735800, '17', 34804799)]",0.0,[],1.0,"[('17', 34735800), ('17', 34804799)]","['Low_Mappability', 'Low_Mappability']",0,{},[],0.0,0,1,2.0625,low
CURTIS_H001556_T01_01_WG01,1,2,circular,8186199,8,2,"[('17', 35758812, 38561119), ('17', 38561119, 35758812), ('17', 35755630, 35135754), ('17', 35135754, 35755630), ('8', 36632867, 37050884), ('8', 37051852, 37307577), ('8', 37301926, 37051852), ('8', 37050884, 36632867)]","[('17', 38561119, '8', 36632867), ('8', 37050884, '8', 37051852), ('8', 37307577, '8', 37301926), ('8', 37051852, '8', 37050884), ('8', 36632867, '17', 38561119), ('17', 35758812, '17', 35755630), ('17', 35135754, '17', 35135754), ('17', 35755630, '17', 35758812)]",0.2,"[('8', 37307577, '8', 37301926)]",0.8,"[('17', 38561119, '8', 36632867), ('8', 36632867, '17', 38561119), ('17', 35758812, '17', 35755630), ('17', 35755630, '17', 35758812)]",0.25,"[('17', 38561119, '8', 38561123), ('17', 38561119, '8', 38561123)]",0.0,[],[],3,"{'17': {'CDK12': {'type': ['TSG'], 'loc': ('37617764', '37721160')}, 'ERBB2': {'type': ['oncogene', ' fusion'], 'loc': ('37844167', '37886679')}, 'IKZF3': {'type': ['oncogene', ' TSG', ' fusion'], 'loc': ('37921198', '38020441')}, 'LASP1': {'type': ['fusion'], 'loc': ('37026112', '37078023')}, 'MLLT6': {'type': ['fusion'], 'loc': ('36861795', '36886056')}, 'RARA': {'type': ['oncogene', ' fusion'], 'loc': ('38465444', '38513094')}}}","['CDK12', 'CDK12', 'ERBB2', 'ERBB2', 'IKZF3', 'IKZF3', 'LASP1', 'LASP1', 'MLLT6', 'MLLT6', 'RARA', 'RARA']",1.0,1,0,1.5,medium
CURTIS_H001558_T01_01_WG01,1,1,linear,20639,1,1,"[('8', 115906101, 115885461)]","[('8', 115885461, '8', 115906101)]",0.0,[],1.0,"[('8', 115885461, '8', 115906101)]",0.0,[],0.0,[],[],0,{},[],0.0,0,0,1.5,medium
CURTIS_H001558_T01_01_WG01,1,2,linear,20639,1,1,"[('8', 115875146, 115854506)]","[('8', 115854506, '8', 115875146)]",0.0,[],1.0,"[('8', 115854506, '8', 115875146)]",0.0,[],0.0,[],[],0,{},[],0.0,0,0,1.5,medium
CURTIS_H001558_T01_01_WG01,1,3,linear,20638,1,1,"[('8', 36770022, 36749383)]","[('8', 36749383, '8', 36770022)]",0.0,[],1.0,"[('8', 36749383, '8', 36770022)]",0.0,[],0.0,[],[],0,{},[],0.0,0,0,1.5,medium
CURTIS_H001566_T01_01_WG01,1,1,linear,20639,1,1,"[('8', 43321764, 43301124)]","[('8', 43301124, '8', 43321764)]",0.0,[],1.0,"[('8', 43301124, '8', 43321764)]",0.0,[],0.0,[],[],0,{},[],0.0,0,0,1.5,medium
CURTIS_H001566_T01_01_WG01,1,2,linear,1569339,5,2,"[('11', 69354899, 69293108), ('11', 69288953, 69292395), ('11', 69547985, 69672907), ('11', 70225840, 69790528), ('8', 37547176, 38491047)]","[('11', 69293108, '11', 69288953), ('11', 69292395, '11', 69547985), ('11', 69672907, '8', 37547176), ('8', 38491047, '11', 70225840), ('11', 69790528, '11', 69354899)]",0.4,"[('11', 69293108, '11', 69288953), ('11', 69292395, '11', 69547985)]",0.6,"[('11', 69672907, '8', 37547176), ('8', 38491047, '11', 70225840), ('11', 69790528, '11', 69354899)]",0.0,[],0.0,[],[],0,"{'11': {'FADD': {'type': [''], 'loc': ('70049269', '70053496')}}, '8': {'FGFR1': {'type': ['oncogene', ' fusion'], 'loc': ('38268656', '38326352')}, 'NSD3': {'type': ['oncogene', ' fusion'], 'loc': ('38127215', '38239790')}}}","['FADD', 'FGFR1', 'NSD3']",0.0,0,2,1.0,medium
CURTIS_H001567_T01_01_WG01,1,1,linear,15298,1,1,"[('8', 86570399, 86555100)]","[('8', 86555100, '8', 86570399)]",0.0,[],1.0,"[('8', 86555100, '8', 86570399)]",0.0,[],1.0,"[('8', 86555100), ('8', 86570399)]","['High_Signal_Region', 'High_Signal_Region']",0,{},[],0.0,0,1,2.0625,low
CURTIS_H001567_T01_01_WG01,1,2,linear,99598,1,1,"[('8', 86837399, 86737800)]","[('8', 86737800, '8', 86837399)]",0.0,[],1.0,"[('8', 86737800, '8', 86837399)]",0.0,[],1.0,"[('8', 86737800), ('8', 86837399)]","['High_Signal_Region', 'High_Signal_Region']",0,{},[],0.0,0,1,2.0625,low
CURTIS_H001567_T01_01_WG01,1,3,linear,1709035,9,2,"[('X', 136060282, 135842893), ('8', 128608136, 128608800), ('8', 128984329, 128985244), ('8', 128608135, 128607354), ('8', 81618171, 81767511), ('8', 101029936, 101018587), ('8', 140699569, 140799248), ('8', 81615562, 81355342), ('8', 93165807, 92197108)]","[('X', 135842893, '8', 128608136), ('8', 128608800, '8', 128984329), ('8', 128985244, '8', 128608135), ('8', 128607354, '8', 81618171), ('8', 81767511, '8', 101029936), ('8', 101018587, '8', 140699569), ('8', 140799248, '8', 81615562), ('8', 81355342, '8', 93165807), ('8', 92197108, 'X', 136060282)]",0.7777777777777778,"[('8', 128608800, '8', 128984329), ('8', 128985244, '8', 128608135), ('8', 128607354, '8', 81618171), ('8', 81767511, '8', 101029936), ('8', 101018587, '8', 140699569), ('8', 140799248, '8', 81615562), ('8', 81355342, '8', 93165807)]",0.2222222222222222,"[('X', 135842893, '8', 128608136), ('8', 92197108, 'X', 136060282)]",0.0,[],0.0,[],[],0,"{'8': {'RUNX1T1': {'type': ['oncogene', ' TSG', ' fusion'], 'loc': ('92967203', '93115514')}}}",['RUNX1T1'],0.0,0,2,0.5,high
CURTIS_H001567_T01_01_WG01,1,4,circular,1499855,2,1,"[('8', 93003713, 94218284), ('8', 97461910, 97747192)]","[('8', 94218284, '8', 97461910), ('8', 97747192, '8', 93003713)]",1.0,"[('8', 94218284, '8', 97461910), ('8', 97747192, '8', 93003713)]",0.0,[],0.0,[],0.0,[],[],0,{},[],0.0,1,2,0.5,high
CURTIS_H001567_T01_01_WG01,1,5,linear,111544,1,1,"[('X', 132381091, 132269546)]","[('X', 132269546, 'X', 132381091)]",0.0,[],1.0,"[('X', 132269546, 'X', 132381091)]",0.0,[],0.0,[],[],0,{},[],0.0,0,0,1.5,medium
CURTIS_H001567_T01_01_WG01,1,6,linear,2350605,6,3,"[('8', 144392999, 143996752), ('8', 103361664, 104355054), ('8', 116586900, 117203411), ('20', 42052982, 42025791), ('20', 42024613, 42020112), ('X', 131950298, 132263063)]","[('8', 143996752, '20', 42052982), ('20', 42025791, '20', 42024613), ('20', 42020112, '8', 103361664), ('8', 104355054, '8', 116586900), ('8', 117203411, 'X', 131950298), ('X', 132263063, '8', 144392999)]",0.0,[],1.0,"[('8', 143996752, '20', 42052982), ('20', 42020112, '8', 103361664), ('8', 104355054, '8', 116586900), ('8', 117203411, 'X', 131950298), ('X', 132263063, '8', 144392999)]",0.0,[],0.0,[],[],1,{},[],0.0,0,0,1.5,medium
CURTIS_H001567_T01_01_WG01,1,7,linear,1993842,17,2,"[('X', 153422399, 152912687), ('X', 131502661, 131318545), ('X', 147143707, 147140674), ('X', 150064062, 150065343), ('X', 127549869, 127546616), ('X', 127591095, 127589856), ('8', 135338202, 135338902), ('8', 138495292, 138498859), ('8', 142490386, 142494419), ('8', 125377665, 125246746), ('8', 125246237, 125242142), ('8', 101150369, 101018587), ('8', 140699569, 140799248), ('8', 81615562, 81355342), ('8', 93165807, 93005071), ('8', 92232077, 92128051), ('8', 103223439, 103614895)]","[('X', 152912687, '8', 135338202), ('8', 135338902, '8', 138495292), ('8', 138498859, '8', 142490386), ('8', 142494419, '8', 125377665), ('8', 125246746, '8', 125246237), ('8', 125242142, '8', 101150369), ('8', 101018587, '8', 140699569), ('8', 140799248, '8', 81615562), ('8', 81355342, '8', 93165807), ('8', 93005071, '8', 92232077), ('8', 92128051, '8', 103223439), ('8', 103614895, 'X', 131502661), ('X', 131318545, 'X', 147143707), ('X', 147140674, 'X', 150064062), ('X', 150065343, 'X', 127549869), ('X', 127546616, 'X', 127591095), ('X', 127589856, 'X', 153422399)]",0.8125,"[('8', 135338902, '8', 138495292), ('8', 138498859, '8', 142490386), ('8', 142494419, '8', 125377665), ('8', 125242142, '8', 101150369), ('8', 101018587, '8', 140699569), ('8', 140799248, '8', 81615562), ('8', 81355342, '8', 93165807), ('8', 93005071, '8', 92232077), ('8', 92128051, '8', 103223439), ('X', 131318545, 'X', 147143707), ('X', 147140674, 'X', 150064062), ('X', 150065343, 'X', 127549869), ('X', 127546616, 'X', 127591095)]",0.1875,"[('X', 152912687, '8', 135338202), ('8', 103614895, 'X', 131502661), ('X', 127589856, 'X', 153422399)]",0.0,[],0.0,[],[],1,"{'8': {'UBR5': {'type': ['oncogene'], 'loc': ('103265240', '103425069')}}}",['UBR5'],0.0,0,2,0.5,high
CURTIS_H001567_T01_01_WG01,1,8,linear,908480,2,2,"[('X', 131920450, 132271091), ('20', 51689596, 51131757)]","[('X', 132271091, '20', 51689596), ('20', 51131757, 'X', 131920450)]",0.0,[],1.0,"[('X', 132271091, '20', 51689596), ('20', 51131757, 'X', 131920450)]",0.0,[],0.0,[],[],0,{},[],0.0,0,0,1.5,medium
CURTIS_H001568_T01_01_WG01,2,1,linear,518448,1,1,"[('6', 58086299, 57567850)]","[('6', 57567850, '6', 58086299)]",0.0,[],1.0,"[('6', 57567850, '6', 58086299)]",0.0,[],1.0,"[('6', 57567850), ('6', 58086299)]","['High_Signal_Region', 'High_Signal_Region']",0,{},[],0.0,0,1,2.0625,low
CURTIS_H001570_T01_01_WG01,1,1,circular,18209,2,1,"[('11', 76959259, 76976135), ('11', 79641859, 79640526)]","[('11', 76976135, '11', 79641859), ('11', 79640526, '11', 76959259)]",1.0,"[('11', 76976135, '11', 79641859), ('11', 79640526, '11', 76959259)]",0.0,[],0.0,[],0.0,[],[],0,{},[],0.0,1,2,0.5,high
CURTIS_H001570_T01_01_WG01,1,2,circular,1547064,6,2,"[('11', 76974610, 78440176), ('11', 72448522, 72441004), ('11', 72424038, 72432811), ('11', 72396872, 72421809), ('11', 66962857, 66968780), ('19', 18702759, 18668414)]","[('11', 78440176, '11', 72448522), ('11', 72441004, '19', 18702759), ('19', 18668414, '11', 72424038), ('11', 72432811, '11', 72396872), ('11', 72421809, '11', 66962857), ('11', 66968780, '11', 76974610)]",0.6666666666666666,"[('11', 78440176, '11', 72448522), ('11', 72432811, '11', 72396872), ('11', 72421809, '11', 66962857), ('11', 66968780, '11', 76974610)]",0.3333333333333333,"[('11', 72441004, '19', 18702759), ('19', 18668414, '11', 72424038)]",0.0,[],0.0,[],[],0,{},[],0.0,1,2,0.5,high
CURTIS_H001570_T01_01_WG01,1,3,circular,2913299,6,1,"[('11', 75783093, 76960131), ('11', 66888856, 66019903), ('11', 66019075, 66019897), ('11', 66018697, 65643518), ('11', 65642111, 65376193), ('11', 72817979, 73043368)]","[('11', 76960131, '11', 66888856), ('11', 66019903, '11', 66019075), ('11', 66019897, '11', 66018697), ('11', 65643518, '11', 65642111), ('11', 65376193, '11', 72817979), ('11', 73043368, '11', 75783093)]",1.0,"[('11', 76960131, '11', 66888856), ('11', 65376193, '11', 72817979), ('11', 73043368, '11', 75783093)]",0.0,[],0.0,[],0.0,[],[],3,{},[],1.0,1,2,0.875,high
CURTIS_H001581_T01_01_WG01,1,1,linear,4007936,4,2,"[('8', 129355348, 128084972), ('8', 118282143, 115998366), ('8', 115997766, 115544356), ('2', 207162041, 207161664)]","[('8', 128084972, '8', 118282143), ('8', 115998366, '8', 115997766), ('8', 115544356, '2', 207162041), ('2', 207161664, '8', 129355348)]",0.3333333333333333,"[('8', 128084972, '8', 118282143)]",0.6666666666666666,"[('8', 115544356, '2', 207162041), ('2', 207161664, '8', 129355348)]",0.0,[],0.0,[],[],1,"{'8': {'MYC': {'type': ['oncogene', ' fusion'], 'loc': ('128747680', '128753674')}, 'RAD21': {'type': ['oncogene', ' TSG'], 'loc': ('117858174', '117887105')}}}","['MYC', 'RAD21']",1.0,0,0,1.375,medium
CURTIS_H001581_T01_01_WG01,2,1,linear,10375,1,1,"[('17', 81095675, 81085299)]","[('17', 81085299, '17', 81095675)]",0.0,[],1.0,"[('17', 81085299, '17', 81095675)]",0.0,[],0.0,[],[],0,{},[],0.0,0,0,1.5,medium
CURTIS_H001581_T01_01_WG01,2,2,circular,931181,2,1,"[('10', 81727526, 82612967), ('10', 81679560, 81725298)]","[('10', 82612967, '10', 81679560), ('10', 81725298, '10', 81727526)]",0.5,"[('10', 82612967, '10', 81679560)]",0.5,"[('10', 81725298, '10', 81727526)]",0.0,[],0.0,[],[],0,{},[],0.0,1,2,0.5,high
CURTIS_H001583_T01_01_WG01,1,1,linear,376198,1,1,"[('17', 38293199, 37917000)]","[('17', 37917000, '17', 38293199)]",0.0,[],1.0,"[('17', 37917000, '17', 38293199)]",0.0,[],0.0,[],[],0,"{'17': {'IKZF3': {'type': ['oncogene', ' TSG', ' fusion'], 'loc': ('37921198', '38020441')}}}",['IKZF3'],0.0,0,0,1.5,medium
CURTIS_H001583_T01_01_WG01,1,2,linear,588898,1,1,"[('17', 38060999, 37472100)]","[('17', 37472100, '17', 38060999)]",0.0,[],1.0,"[('17', 37472100, '17', 38060999)]",0.0,[],0.0,[],[],0,"{'17': {'CDK12': {'type': ['TSG'], 'loc': ('37617764', '37721160')}, 'ERBB2': {'type': ['oncogene', ' fusion'], 'loc': ('37844167', '37886679')}, 'IKZF3': {'type': ['oncogene', ' TSG', ' fusion'], 'loc': ('37921198', '38020441')}}}","['CDK12', 'ERBB2', 'IKZF3']",0.0,0,0,1.5,medium
CURTIS_H001583_T01_01_WG01,1,3,linear,1643998,1,1,"[('17', 38293199, 36649200)]","[('17', 36649200, '17', 38293199)]",0.0,[],1.0,"[('17', 36649200, '17', 38293199)]",0.0,[],0.0,[],[],0,"{'17': {'CDK12': {'type': ['TSG'], 'loc': ('37617764', '37721160')}, 'ERBB2': {'type': ['oncogene', ' fusion'], 'loc': ('37844167', '37886679')}, 'IKZF3': {'type': ['oncogene', ' TSG', ' fusion'], 'loc': ('37921198', '38020441')}, 'LASP1': {'type': ['fusion'], 'loc': ('37026112', '37078023')}, 'MLLT6': {'type': ['fusion'], 'loc': ('36861795', '36886056')}}}","['CDK12', 'ERBB2', 'IKZF3', 'LASP1', 'MLLT6']",0.0,0,0,1.5,medium
CURTIS_H001585_T01_01_WG01,1,1,circular,618,1,1,"[('7', 55922370, 55922987)]","[('7', 55922987, '7', 55922370)]",0.0,[],1.0,"[('7', 55922987, '7', 55922370)]",0.0,[],0.0,[],[],0,{},[],1.0,1,0,1.875,medium
CURTIS_H001585_T01_01_WG01,1,2,circular,8165213,16,2,"[('8', 126725319, 129465167), ('8', 129471266, 129994911), ('8', 37529385, 37051852), ('8', 37050885, 36677749), ('8', 43000633, 43026781), ('8', 36677749, 37050885), ('8', 37051852, 37529385), ('7', 56643826, 56220247), ('7', 56217749, 55289060), ('7', 55286758, 55077580), ('7', 42014632, 42021758), ('7', 42163313, 42421775), ('7', 42577782, 42163313), ('7', 42021758, 42014632), ('7', 55077580, 55286758), ('7', 55289060, 56005485)]","[('8', 129465167, '8', 129471266), ('8', 129994911, '7', 56643826), ('7', 56220247, '7', 56217749), ('7', 55289060, '7', 55286758), ('7', 55077580, '8', 37529385), ('8', 37051852, '8', 37050885), ('8', 36677749, '7', 42014632), ('7', 42021758, '7', 42163313), ('7', 42421775, '8', 43000633), ('8', 43026781, '7', 42577782), ('7', 42163313, '7', 42021758), ('7', 42014632, '8', 36677749), ('8', 37050885, '8', 37051852), ('8', 37529385, '7', 55077580), ('7', 55286758, '7', 55289060), ('7', 56005485, '8', 126725319)]",0.1428571428571428,"[('7', 42021758, '7', 42163313), ('7', 42163313, '7', 42021758)]",0.8571428571428571,"[('8', 129465167, '8', 129471266), ('8', 129994911, '7', 56643826), ('7', 56220247, '7', 56217749), ('7', 55289060, '7', 55286758), ('7', 55077580, '8', 37529385), ('8', 36677749, '7', 42014632), ('7', 42421775, '8', 43000633), ('8', 43026781, '7', 42577782), ('7', 42014632, '8', 36677749), ('8', 37529385, '7', 55077580), ('7', 55286758, '7', 55289060), ('7', 56005485, '8', 126725319)]",0.0,[],0.0,[],[],2,"{'8': {'MYC': {'type': ['oncogene', ' fusion'], 'loc': ('128747680', '128753674')}}}",['MYC'],1.0,1,0,1.375,medium
CURTIS_H001585_T01_01_WG01,1,3,circular,2305427,8,1,"[('8', 115900350, 117200311), ('8', 131437187, 131439604), ('8', 117200493, 117205945), ('8', 124171511, 124169718), ('8', 138731056, 138730259), ('8', 107456191, 107458934), ('8', 126708967, 126712051), ('8', 131426870, 130437692)]","[('8', 117200311, '8', 131437187), ('8', 131439604, '8', 117200493), ('8', 117205945, '8', 124171511), ('8', 124169718, '8', 138731056), ('8', 138730259, '8', 107456191), ('8', 107458934, '8', 126708967), ('8', 126712051, '8', 131426870), ('8', 130437692, '8', 115900350)]",1.0,"[('8', 117200311, '8', 131437187), ('8', 131439604, '8', 117200493), ('8', 117205945, '8', 124171511), ('8', 124169718, '8', 138731056), ('8', 138730259, '8', 107456191), ('8', 107458934, '8', 126708967), ('8', 126712051, '8', 131426870), ('8', 130437692, '8', 115900350)]",0.0,[],0.0,[],0.0,[],[],0,{},[],0.0,1,2,0.5,high
CURTIS_H001585_T01_01_WG01,1,4,linear,47698,1,1,"[('7', 65084399, 65036700)]","[('7', 65036700, '7', 65084399)]",0.0,[],1.0,"[('7', 65036700, '7', 65084399)]",0.0,[],1.0,"[('7', 65036700)]",['High_Signal_Region'],0,{},[],0.0,0,1,2.0625,low
CURTIS_H001585_T01_01_WG01,1,5,linear,747688,1,1,"[('7', 62750999, 62003310)]","[('7', 62003310, '7', 62750999)]",0.0,[],1.0,"[('7', 62003310, '7', 62750999)]",0.0,[],1.0,"[('7', 62003310)]",['High_Signal_Region'],0,{},[],0.0,0,1,2.0625,low
CURTIS_H001585_T01_01_WG01,1,6,linear,2013937,5,2,"[('8', 138730259, 138731056), ('8', 124169718, 124171511), ('8', 117205945, 117202512), ('7', 67153676, 65591965), ('7', 65589704, 65143500)]","[('8', 138731056, '8', 124169718), ('8', 124171511, '8', 117205945), ('8', 117202512, '7', 67153676), ('7', 65591965, '7', 65589704), ('7', 65143500, '8', 138730259)]",0.4,"[('8', 138731056, '8', 124169718), ('8', 124171511, '8', 117205945)]",0.6,"[('8', 117202512, '7', 67153676), ('7', 65591965, '7', 65589704), ('7', 65143500, '8', 138730259)]",0.0,[],0.0,[],[],0,"{'7': {'SBDS': {'type': ['TSG'], 'loc': ('66452664', '66460588')}}}",['SBDS'],0.0,0,2,1.0,medium
CURTIS_H001590_T01_01_WG01,1,1,linear,35998,1,1,"[('17', 36384599, 36348600)]","[('17', 36348600, '17', 36384599)]",0.0,[],1.0,"[('17', 36348600, '17', 36384599)]",0.0,[],1.0,"[('17', 36348600), ('17', 36384599)]","['High_Signal_Region', 'High_Signal_Region']",0,{},[],0.0,0,1,2.0625,low
CURTIS_H001590_T01_01_WG01,1,2,linear,606408,2,1,"[('17', 37929600, 38183628), ('17', 38203051, 37850671)]","[('17', 38183628, '17', 38203051), ('17', 37850671, '17', 37929600)]",0.5,"[('17', 38183628, '17', 38203051)]",0.5,"[('17', 37850671, '17', 37929600)]",0.0,[],0.0,[],[],0,"{'17': {'IKZF3': {'type': ['oncogene', ' TSG', ' fusion'], 'loc': ('37921198', '38020441')}}}",['IKZF3'],0.0,0,2,0.5,high
CURTIS_H001591_T01_01_WG01,2,1,linear,1420364,1,1,"[('20', 52721769, 51301404)]","[('20', 51301404, '20', 52721769)]",0.0,[],1.0,"[('20', 51301404, '20', 52721769)]",0.0,[],0.0,[],[],0,{},[],0.0,0,0,1.5,medium
CURTIS_H001591_T01_01_WG01,1,1,linear,40364,1,1,"[('4', 79679270, 79638905)]","[('4', 79638905, '4', 79679270)]",0.0,[],1.0,"[('4', 79638905, '4', 79679270)]",0.0,[],0.0,[],[],0,{},[],0.0,0,0,1.5,medium
CURTIS_H001591_T01_01_WG01,1,2,linear,865198,1,1,"[('17', 59119799, 58254600)]","[('17', 58254600, '17', 59119799)]",0.0,[],1.0,"[('17', 58254600, '17', 59119799)]",0.0,[],0.0,[],[],0,"{'17': {'PPM1D': {'type': ['oncogene'], 'loc': ('58677544', '58741849')}}}",['PPM1D'],0.0,0,0,1.5,medium
CURTIS_H001591_T01_01_WG01,1,3,linear,326829,1,1,"[('11', 70104730, 69777900)]","[('11', 69777900, '11', 70104730)]",0.0,[],1.0,"[('11', 69777900, '11', 70104730)]",0.0,[],0.0,[],[],0,"{'11': {'FADD': {'type': [''], 'loc': ('70049269', '70053496')}}}",['FADD'],0.0,0,0,1.5,medium
CURTIS_H001591_T01_01_WG01,1,4,linear,20365,1,1,"[('17', 50923438, 50903072)]","[('17', 50903072, '17', 50923438)]",0.0,[],1.0,"[('17', 50903072, '17', 50923438)]",0.0,[],0.0,[],[],0,{},[],0.0,0,0,1.5,medium
CURTIS_H001591_T01_01_WG01,1,5,linear,40365,1,1,"[('11', 57690698, 57650332)]","[('11', 57650332, '11', 57690698)]",0.0,[],1.0,"[('11', 57650332, '11', 57690698)]",0.0,[],0.0,[],[],0,{},[],0.0,0,0,1.5,medium
CURTIS_H001596_T01_01_WG01,1,1,circular,312044,3,1,"[('17', 37757956, 38064675), ('17', 38081737, 38078463), ('17', 29171846, 29173896)]","[('17', 38064675, '17', 38081737), ('17', 38078463, '17', 29171846), ('17', 29173896, '17', 37757956)]",0.6666666666666666,"[('17', 38078463, '17', 29171846), ('17', 29173896, '17', 37757956)]",0.3333333333333333,"[('17', 38064675, '17', 38081737)]",0.0,[],0.0,[],[],0,"{'17': {'ERBB2': {'type': ['oncogene', ' fusion'], 'loc': ('37844167', '37886679')}, 'IKZF3': {'type': ['oncogene', ' TSG', ' fusion'], 'loc': ('37921198', '38020441')}}}","['ERBB2', 'IKZF3']",0.0,1,2,0.5,high
CURTIS_H001596_T01_01_WG01,1,2,linear,2548509,11,1,"[('17', 50888400, 50911628), ('17', 37741989, 37731502), ('17', 50914050, 50912094), ('17', 37894423, 37897322), ('17', 37585146, 37583086), ('17', 38061108, 38211715), ('17', 39698235, 39708359), ('17', 37928876, 37942300), ('17', 39288711, 38950067), ('17', 47265130, 48956044), ('17', 32662465, 32358300)]","[('17', 50911628, '17', 37741989), ('17', 37731502, '17', 50914050), ('17', 50912094, '17', 37894423), ('17', 37897322, '17', 37585146), ('17', 37583086, '17', 38061108), ('17', 38211715, '17', 39698235), ('17', 39708359, '17', 37928876), ('17', 37942300, '17', 39288711), ('17', 38950067, '17', 47265130), ('17', 48956044, '17', 32662465), ('17', 32358300, '17', 50888400)]",0.8181818181818182,"[('17', 50911628, '17', 37741989), ('17', 37731502, '17', 50914050), ('17', 50912094, '17', 37894423), ('17', 37897322, '17', 37585146), ('17', 37583086, '17', 38061108), ('17', 38211715, '17', 39698235), ('17', 39708359, '17', 37928876), ('17', 37942300, '17', 39288711), ('17', 38950067, '17', 47265130)]",0.1818181818181818,"[('17', 48956044, '17', 32662465), ('17', 32358300, '17', 50888400)]",0.0,[],0.0,[],[],0,"{'17': {'COL1A1': {'type': ['fusion'], 'loc': ('48260650', '48278993')}, 'KAT7': {'type': ['oncogene'], 'loc': ('47865917', '47906458')}, 'SPOP': {'type': ['TSG'], 'loc': ('47676246', '47755596')}}}","['COL1A1', 'KAT7', 'SPOP']",1.0,0,2,0.875,high
CURTIS_H001597_T01_01_WG01,1,1,circular,3920,1,1,"[('3', 156037486, 156041405)]","[('3', 156041405, '3', 156037486)]",0.0,[],1.0,"[('3', 156041405, '3', 156037486)]",0.0,[],0.0,[],[],0,{},[],0.0,1,0,1.5,medium
CURTIS_H001627_T01_01_WG01,2,1,linear,127198,1,1,"[('17', 38051999, 37924800)]","[('17', 37924800, '17', 38051999)]",0.0,[],1.0,"[('17', 37924800, '17', 38051999)]",0.0,[],0.0,[],[],0,{},[],0.0,0,0,1.5,medium
CURTIS_H001629_T01_01_WG01,1,1,linear,916730,13,1,"[('17', 37890083, 37801650), ('17', 15205445, 15294296), ('17', 46160913, 46199002), ('17', 12207278, 12428004), ('17', 39324148, 39331031), ('17', 42306213, 42303703), ('17', 37752044, 37751110), ('17', 37983873, 37982939), ('17', 6586537, 6393015), ('17', 41848004, 41847035), ('17', 36708307, 36634012), ('17', 26777842, 26774817), ('17', 36485264, 36287700)]","[('17', 37801650, '17', 15205445), ('17', 15294296, '17', 46160913), ('17', 46199002, '17', 12207278), ('17', 12428004, '17', 39324148), ('17', 39331031, '17', 42306213), ('17', 42303703, '17', 37752044), ('17', 37751110, '17', 37983873), ('17', 37982939, '17', 6586537), ('17', 6393015, '17', 41848004), ('17', 41847035, '17', 36708307), ('17', 36634012, '17', 26777842), ('17', 26774817, '17', 36485264), ('17', 36287700, '17', 37890083)]",0.9230769230769232,"[('17', 37801650, '17', 15205445), ('17', 15294296, '17', 46160913), ('17', 46199002, '17', 12207278), ('17', 12428004, '17', 39324148), ('17', 39331031, '17', 42306213), ('17', 42303703, '17', 37752044), ('17', 37751110, '17', 37983873), ('17', 37982939, '17', 6586537), ('17', 6393015, '17', 41848004), ('17', 41847035, '17', 36708307), ('17', 36634012, '17', 26777842), ('17', 26774817, '17', 36485264)]",0.0769230769230769,"[('17', 36287700, '17', 37890083)]",0.0,[],1.0,"[('17', 36287700)]",['High_Signal_Region'],0,"{'17': {'ERBB2': {'type': ['oncogene', ' fusion'], 'loc': ('37844167', '37886679')}}}",['ERBB2'],0.0,0,2,1.0625,medium
CURTIS_H001629_T01_01_WG01,1,2,linear,467089,9,1,"[('17', 6470400, 6586537), ('17', 37982939, 37983873), ('17', 37751110, 37752044), ('17', 42303703, 42306213), ('17', 39331031, 39324148), ('17', 12428004, 12207278), ('17', 46199002, 46161071), ('17', 46160129, 46160254), ('17', 15294208, 15213300)]","[('17', 6586537, '17', 37982939), ('17', 37983873, '17', 37751110), ('17', 37752044, '17', 42303703), ('17', 42306213, '17', 39331031), ('17', 39324148, '17', 12428004), ('17', 12207278, '17', 46199002), ('17', 46161071, '17', 46160129), ('17', 46160254, '17', 15294208), ('17', 15213300, '17', 6470400)]",0.875,"[('17', 6586537, '17', 37982939), ('17', 37983873, '17', 37751110), ('17', 37752044, '17', 42303703), ('17', 42306213, '17', 39331031), ('17', 39324148, '17', 12428004), ('17', 12207278, '17', 46199002), ('17', 46160254, '17', 15294208)]",0.125,"[('17', 15213300, '17', 6470400)]",0.0,[],0.0,[],[],1,{},[],0.0,0,2,0.5,high
CURTIS_H001630_T01_01_WG01,4,1,circular,1804169,7,1,"[('6', 22054306, 22592248), ('6', 22592441, 22592311), ('6', 23823715, 24105710), ('6', 18808404, 18738230), ('6', 8216067, 7852012), ('6', 21045599, 20972159), ('6', 21574534, 22050968)]","[('6', 22592248, '6', 22592441), ('6', 22592311, '6', 23823715), ('6', 24105710, '6', 18808404), ('6', 18738230, '6', 8216067), ('6', 7852012, '6', 21045599), ('6', 20972159, '6', 21574534), ('6', 22050968, '6', 22054306)]",0.6666666666666666,"[('6', 24105710, '6', 18808404), ('6', 18738230, '6', 8216067), ('6', 7852012, '6', 21045599), ('6', 20972159, '6', 21574534)]",0.3333333333333333,"[('6', 22592311, '6', 23823715), ('6', 22050968, '6', 22054306)]",0.0,[],0.0,[],[],1,{},[],0.0,1,2,0.5,high
CURTIS_H001631_T01_01_WG01,1,1,circular,124859,2,1,"[('8', 116048148, 116172501), ('8', 116173178, 116172672)]","[('8', 116172501, '8', 116173178), ('8', 116172672, '8', 116048148)]",1.0,"[('8', 116172672, '8', 116048148)]",0.0,[],0.0,[],0.0,[],[],1,{},[],0.0,1,2,0.5,high
CURTIS_H001631_T01_01_WG01,1,2,linear,4743577,7,1,"[('8', 114870899, 114636266), ('8', 81546075, 80020976), ('8', 73676029, 72391870), ('8', 69370474, 69702998), ('8', 129821984, 129850786), ('8', 129813761, 129471266), ('8', 129465168, 128469300)]","[('8', 114636266, '8', 81546075), ('8', 80020976, '8', 73676029), ('8', 72391870, '8', 69370474), ('8', 69702998, '8', 129821984), ('8', 129850786, '8', 129813761), ('8', 129471266, '8', 129465168), ('8', 128469300, '8', 114870899)]",0.7142857142857143,"[('8', 114636266, '8', 81546075), ('8', 80020976, '8', 73676029), ('8', 72391870, '8', 69370474), ('8', 69702998, '8', 129821984), ('8', 129850786, '8', 129813761)]",0.2857142857142857,"[('8', 129471266, '8', 129465168), ('8', 128469300, '8', 114870899)]",0.0,[],0.0,[],[],0,"{'8': {'HEY1': {'type': ['oncogene', ' fusion'], 'loc': ('80676245', '80680098')}, 'MYC': {'type': ['oncogene', ' fusion'], 'loc': ('128747680', '128753674')}}}","['HEY1', 'MYC']",1.0,0,2,0.875,high
CURTIS_H001631_T01_01_WG01,1,3,linear,1051444,2,1,"[('8', 80677199, 80281401), ('8', 125162248, 124506600)]","[('8', 80281401, '8', 125162248), ('8', 124506600, '8', 80677199)]",0.0,[],1.0,"[('8', 80281401, '8', 125162248), ('8', 124506600, '8', 80677199)]",0.0,[],0.0,[],[],0,{},[],0.0,0,0,1.5,medium
CURTIS_H001631_T01_01_WG01,1,4,linear,718798,1,1,"[('8', 80886299, 80167500)]","[('8', 80167500, '8', 80886299)]",0.0,[],1.0,"[('8', 80167500, '8', 80886299)]",0.0,[],0.0,[],[],0,"{'8': {'HEY1': {'type': ['oncogene', ' fusion'], 'loc': ('80676245', '80680098')}}}",['HEY1'],0.0,0,0,1.5,medium
CURTIS_H001631_T01_01_WG01,1,5,circular,6028386,14,2,"[('8', 116172805, 117800785), ('8', 81779053, 81559817), ('8', 117860189, 117800874), ('8', 115939994, 115932544), ('8', 115409837, 115406119), ('8', 81783871, 81779074), ('8', 81477371, 80020976), ('8', 73676029, 72391870), ('8', 69370474, 69702998), ('8', 129821984, 129850786), ('8', 129813761, 129471266), ('8', 129465168, 129083493), ('17', 19654780, 19375061), ('17', 19656592, 19656463)]","[('8', 117800785, '8', 81779053), ('8', 81559817, '17', 19654780), ('17', 19375061, '17', 19656592), ('17', 19656463, '8', 117860189), ('8', 117800874, '8', 115939994), ('8', 115932544, '8', 115409837), ('8', 115406119, '8', 81783871), ('8', 81779074, '8', 81477371), ('8', 80020976, '8', 73676029), ('8', 72391870, '8', 69370474), ('8', 69702998, '8', 129821984), ('8', 129850786, '8', 129813761), ('8', 129471266, '8', 129465168), ('8', 129083493, '8', 116172805)]",0.7142857142857143,"[('8', 117800785, '8', 81779053), ('17', 19375061, '17', 19656592), ('8', 117800874, '8', 115939994), ('8', 115932544, '8', 115409837), ('8', 115406119, '8', 81783871), ('8', 81779074, '8', 81477371), ('8', 80020976, '8', 73676029), ('8', 72391870, '8', 69370474), ('8', 69702998, '8', 129821984), ('8', 129850786, '8', 129813761)]",0.2857142857142857,"[('8', 81559817, '17', 19654780), ('17', 19656463, '8', 117860189), ('8', 129471266, '8', 129465168), ('8', 129083493, '8', 116172805)]",0.0,[],0.0,[],[],0,"{'8': {'HEY1': {'type': ['oncogene', ' fusion'], 'loc': ('80676245', '80680098')}}}",['HEY1'],1.0,1,2,0.875,high
CURTIS_H001631_T01_01_WG01,1,6,linear,231713,1,1,"[('17', 62692614, 62460900)]","[('17', 62460900, '17', 62692614)]",0.0,[],1.0,"[('17', 62460900, '17', 62692614)]",0.0,[],0.0,[],[],0,"{'17': {'DDX5': {'type': ['oncogene', ' fusion'], 'loc': ('62495734', '62504317')}}}",['DDX5'],0.0,0,0,1.5,medium
CURTIS_H001631_T01_01_WG01,1,7,circular,100145,2,1,"[('8', 129083493, 129176236), ('8', 116180207, 116172805)]","[('8', 129176236, '8', 116180207), ('8', 116172805, '8', 129083493)]",0.5,"[('8', 129176236, '8', 116180207)]",0.5,"[('8', 116172805, '8', 129083493)]",0.0,[],0.0,[],[],0,{},[],0.0,1,2,0.5,high
CURTIS_H001631_T01_01_WG01,1,8,linear,1808438,2,1,"[('8', 81550500, 81779053), ('8', 117800785, 116220900)]","[('8', 81779053, '8', 117800785), ('8', 116220900, '8', 81550500)]",0.5,"[('8', 81779053, '8', 117800785)]",0.5,"[('8', 116220900, '8', 81550500)]",0.0,[],0.0,[],[],0,{},[],0.0,0,2,0.5,high
CURTIS_H001631_T01_01_WG01,1,9,linear,1335797,7,3,"[('17', 18462247, 17957455), ('17', 20132665, 20553114), ('17', 19242943, 19375007), ('17', 19375321, 19141800), ('14', 45150444, 45172245), ('8', 118910917, 118910501), ('8', 115430293, 115453046)]","[('17', 17957455, '14', 45150444), ('14', 45172245, '8', 118910917), ('8', 118910501, '17', 20132665), ('17', 20553114, '8', 115430293), ('8', 115453046, '17', 19242943), ('17', 19375007, '17', 19375321), ('17', 19141800, '17', 18462247)]",0.0,[],1.0,"[('17', 17957455, '14', 45150444), ('14', 45172245, '8', 118910917), ('8', 118910501, '17', 20132665), ('17', 20553114, '8', 115430293), ('8', 115453046, '17', 19242943), ('17', 19141800, '17', 18462247)]",0.0,[],0.0,[],[],1,{},[],0.0,0,0,1.5,medium
CURTIS_H001631_T01_01_WG01,1,10,linear,52198,1,1,"[('8', 115374899, 115322700)]","[('8', 115322700, '8', 115374899)]",0.0,[],1.0,"[('8', 115322700, '8', 115374899)]",0.0,[],0.0,[],[],0,{},[],0.0,0,0,1.5,medium
CURTIS_H001631_T01_01_WG01,1,11,linear,5167,1,1,"[('14', 40456473, 40451305)]","[('14', 40451305, '14', 40456473)]",0.0,[],1.0,"[('14', 40451305, '14', 40456473)]",0.0,[],0.0,[],[],0,{},[],0.0,0,0,1.5,medium
CURTIS_H001631_T01_01_WG01,1,12,linear,146098,1,1,"[('17', 20610299, 20464200)]","[('17', 20464200, '17', 20610299)]",0.0,[],1.0,"[('17', 20464200, '17', 20610299)]",0.0,[],0.0,[],[],0,{},[],0.0,0,0,1.5,medium
CURTIS_H001635_T01_01_WG01,1,1,linear,30389,1,1,"[('13', 92335433, 92305043)]","[('13', 92305043, '13', 92335433)]",0.0,[],1.0,"[('13', 92305043, '13', 92335433)]",0.0,[],0.0,[],[],0,{},[],0.0,0,0,1.5,medium
CURTIS_H001636_T01_01_WG01,2,1,linear,2831901,2,1,"[('11', 48548911, 48176377), ('11', 79385369, 76926000)]","[('11', 48176377, '11', 79385369), ('11', 76926000, '11', 48548911)]",0.5,"[('11', 48176377, '11', 79385369)]",0.5,"[('11', 76926000, '11', 48548911)]",0.0,[],0.0,[],[],0,{},[],1.0,0,2,0.875,high
CURTIS_H001637_T01_01_WG01,2,1,linear,10362,1,1,"[('8', 61810360, 61799997)]","[('8', 61799997, '8', 61810360)]",0.0,[],1.0,"[('8', 61799997, '8', 61810360)]",0.0,[],0.0,[],[],0,{},[],0.0,0,0,1.5,medium
CURTIS_H001637_T01_01_WG01,2,2,circular,16778488,7,1,"[('8', 116291832, 126595129), ('8', 126601134, 126889767), ('8', 127146324, 127192204), ('8', 127194570, 129465167), ('8', 129471266, 131850749), ('8', 131852738, 132679688), ('8', 132874593, 133538234)]","[('8', 126595129, '8', 126601134), ('8', 126889767, '8', 127146324), ('8', 127192204, '8', 127194570), ('8', 129465167, '8', 129471266), ('8', 131850749, '8', 131852738), ('8', 132679688, '8', 132874593), ('8', 133538234, '8', 116291832)]",0.5,"[('8', 126889767, '8', 127146324), ('8', 132679688, '8', 132874593), ('8', 133538234, '8', 116291832)]",0.5,"[('8', 126595129, '8', 126601134), ('8', 127192204, '8', 127194570), ('8', 129465167, '8', 129471266)]",0.0,[],0.0,[],[],1,"{'8': {'EXT1': {'type': ['TSG', ' fusion'], 'loc': ('118806729', '119124092')}, 'MYC': {'type': ['oncogene', ' fusion'], 'loc': ('128747680', '128753674')}, 'RAD21': {'type': ['oncogene', ' TSG'], 'loc': ('117858174', '117887105')}}}","['EXT1', 'MYC', 'RAD21']",1.0,1,2,0.875,high
CURTIS_H001641_T01_01_WG01,1,1,linear,198858,2,1,"[('17', 50891399, 50697455), ('17', 56757966, 56762880)]","[('17', 50697455, '17', 56757966), ('17', 56762880, '17', 50891399)]",0.5,"[('17', 50697455, '17', 56757966)]",0.5,"[('17', 56762880, '17', 50891399)]",0.0,[],0.0,[],[],0,{},[],0.0,0,2,0.5,high
CURTIS_H001641_T01_01_WG01,1,2,linear,606286,1,1,"[('17', 57813599, 57207312)]","[('17', 57207312, '17', 57813599)]",0.0,[],1.0,"[('17', 57207312, '17', 57813599)]",0.0,[],0.0,[],[],0,"{'17': {'CLTC': {'type': ['TSG', ' fusion'], 'loc': ('57697219', '57773671')}}}",['CLTC'],0.0,0,0,1.5,medium
CURTIS_H001647_T01_01_WG01,2,1,circular,1923301,2,1,"[('8', 128165989, 129465168), ('8', 129471265, 130095385)]","[('8', 129465168, '8', 129471265), ('8', 130095385, '8', 128165989)]",0.5,"[('8', 130095385, '8', 128165989)]",0.5,"[('8', 129465168, '8', 129471265)]",0.0,[],0.0,[],[],0,"{'8': {'MYC': {'type': ['oncogene', ' fusion'], 'loc': ('128747680', '128753674')}}}",['MYC'],0.0,1,2,0.5,high
CURTIS_H001647_T01_01_WG01,2,2,linear,1134241,1,1,"[('2', 97874099, 96739857)]","[('2', 96739857, '2', 97874099)]",0.0,[],1.0,"[('2', 96739857, '2', 97874099)]",0.0,[],1.0,"[('2', 97874099)]",['High_Signal_Region'],0,"{'2': {'TMEM127': {'type': ['TSG'], 'loc': ('96914254', '96931732')}}}",['TMEM127'],0.0,0,1,2.0625,low
CURTIS_H001647_T01_01_WG01,2,3,linear,100650,1,1,"[('8', 128764199, 128663548)]","[('8', 128663548, '8', 128764199)]",0.0,[],1.0,"[('8', 128663548, '8', 128764199)]",0.0,[],0.0,[],[],0,"{'8': {'MYC': {'type': ['oncogene', ' fusion'], 'loc': ('128747680', '128753674')}}}",['MYC'],0.0,0,0,1.5,medium
CURTIS_H001647_T01_01_WG01,6,1,circular,1702431,7,1,"[('7', 54597432, 55286758), ('7', 55289061, 55418245), ('7', 55432069, 55419821), ('7', 55418562, 55432069), ('7', 55418245, 55289061), ('7', 55286758, 54844625), ('7', 54309640, 54596488)]","[('7', 55286758, '7', 55289061), ('7', 55418245, '7', 55432069), ('7', 55419821, '7', 55418562), ('7', 55432069, '7', 55418245), ('7', 55289061, '7', 55286758), ('7', 54844625, '7', 54309640), ('7', 54596488, '7', 54597432)]",0.4,"[('7', 55418245, '7', 55432069), ('7', 55432069, '7', 55418245)]",0.6,"[('7', 55286758, '7', 55289061), ('7', 55289061, '7', 55286758), ('7', 54844625, '7', 54309640)]",0.0,[],0.0,[],[],2,{},[],0.0,1,2,1.0,medium
CURTIS_H001647_T01_01_WG01,6,2,circular,1091465,6,1,"[('7', 54879736, 55286758), ('7', 55289061, 55418245), ('7', 55432069, 55419821), ('7', 55418562, 55432069), ('7', 55418245, 55289061), ('7', 55286758, 54886438)]","[('7', 55286758, '7', 55289061), ('7', 55418245, '7', 55432069), ('7', 55419821, '7', 55418562), ('7', 55432069, '7', 55418245), ('7', 55289061, '7', 55286758), ('7', 54886438, '7', 54879736)]",0.4,"[('7', 55418245, '7', 55432069), ('7', 55432069, '7', 55418245)]",0.6,"[('7', 55286758, '7', 55289061), ('7', 55289061, '7', 55286758), ('7', 54886438, '7', 54879736)]",0.0,[],0.0,[],[],1,{},[],0.0,1,2,1.0,medium
CURTIS_H001647_T01_01_WG01,6,3,linear,547594,2,1,"[('7', 55427399, 55289061), ('7', 55286758, 54877500)]","[('7', 55289061, '7', 55286758), ('7', 54877500, '7', 55427399)]",0.0,[],1.0,"[('7', 55289061, '7', 55286758), ('7', 54877500, '7', 55427399)]",0.0,[],0.0,[],[],0,{},[],0.0,0,0,1.5,medium
CURTIS_H001647_T01_01_WG01,6,4,linear,1047452,2,1,"[('7', 54368099, 53842772), ('7', 53845974, 54368099)]","[('7', 53842772, '7', 53845974), ('7', 54368099, '7', 54368099)]",1.0,"[('7', 53842772, '7', 53845974)]",0.0,[],0.0,[],0.0,[],[],1,{},[],0.0,0,2,0.5,high
CURTIS_H001647_T01_01_WG01,8,1,circular,49710,1,1,"[('1', 74169283, 74218992)]","[('1', 74218992, '1', 74169283)]",1.0,"[('1', 74218992, '1', 74169283)]",0.0,[],0.0,[],0.0,[],[],0,{},[],0.0,1,2,0.5,high
CURTIS_H001648_T01_01_WG01,1,1,linear,9578919,7,1,"[('7', 56866199, 56220246), ('7', 56217749, 55289060), ('7', 55286757, 52406552), ('7', 52401365, 52401610), ('7', 52416603, 55286757), ('7', 55289060, 56217749), ('7', 56220246, 57545229)]","[('7', 56220246, '7', 56217749), ('7', 55289060, '7', 55286757), ('7', 52406552, '7', 52401365), ('7', 52401610, '7', 52416603), ('7', 55286757, '7', 55289060), ('7', 56217749, '7', 56220246), ('7', 57545229, '7', 56866199)]",0.1428571428571428,"[('7', 52406552, '7', 52401365)]",0.8571428571428571,"[('7', 56220246, '7', 56217749), ('7', 55289060, '7', 55286757), ('7', 52401610, '7', 52416603), ('7', 55286757, '7', 55289060), ('7', 56217749, '7', 56220246), ('7', 57545229, '7', 56866199)]",0.0,[],1.0,"[('7', 57545229)]",['High_Signal_Region'],0,"{'7': {'ZNF479': {'type': [''], 'loc': ('57187321', '57207571')}}}",['ZNF479'],1.0,0,1,1.9375,medium
CURTIS_H001648_T01_01_WG01,1,2,circular,241917,3,1,"[('7', 52406552, 52535106), ('7', 52529722, 52416603), ('7', 52401610, 52401365)]","[('7', 52535106, '7', 52529722), ('7', 52416603, '7', 52401610), ('7', 52401365, '7', 52406552)]",0.3333333333333333,"[('7', 52401365, '7', 52406552)]",0.6666666666666666,"[('7', 52535106, '7', 52529722), ('7', 52416603, '7', 52401610)]",0.0,[],0.0,[],[],0,{},[],0.0,1,0,1.0,medium
CURTIS_H001648_T01_01_WG01,2,1,circular,1041943,4,1,"[('6', 125475138, 126388610), ('6', 89622026, 89507057), ('6', 124358863, 124365985), ('6', 123708145, 123714523)]","[('6', 126388610, '6', 89622026), ('6', 89507057, '6', 124358863), ('6', 124365985, '6', 123708145), ('6', 123714523, '6', 125475138)]",1.0,"[('6', 126388610, '6', 89622026), ('6', 89507057, '6', 124358863), ('6', 124365985, '6', 123708145), ('6', 123714523, '6', 125475138)]",0.0,[],0.0,[],0.0,[],[],0,{},[],0.0,1,2,0.5,high
CURTIS_H001648_T01_01_WG01,2,2,circular,768442,10,1,"[('6', 125346455, 125560423), ('6', 14194909, 14164795), ('6', 13817509, 13817977), ('6', 126384962, 126261892), ('6', 20861403, 20848885), ('6', 20650443, 20746391), ('6', 125366068, 125277761), ('6', 20820052, 20806449), ('6', 124329349, 124174440), ('6', 123494502, 123458961)]","[('6', 125560423, '6', 14194909), ('6', 14164795, '6', 13817509), ('6', 13817977, '6', 126384962), ('6', 126261892, '6', 20861403), ('6', 20848885, '6', 20650443), ('6', 20746391, '6', 125366068), ('6', 125277761, '6', 20820052), ('6', 20806449, '6', 124329349), ('6', 124174440, '6', 123494502), ('6', 123458961, '6', 125346455)]",0.7,"[('6', 125560423, '6', 14194909), ('6', 14164795, '6', 13817509), ('6', 20848885, '6', 20650443), ('6', 125277761, '6', 20820052), ('6', 20806449, '6', 124329349), ('6', 124174440, '6', 123494502), ('6', 123458961, '6', 125346455)]",0.3,"[('6', 13817977, '6', 126384962), ('6', 126261892, '6', 20861403), ('6', 20746391, '6', 125366068)]",0.0,[],0.0,[],[],0,{},[],0.0,1,2,0.5,high
CURTIS_H001648_T01_01_WG01,2,3,circular,432039,1,1,"[('6', 128460419, 128892457)]","[('6', 128892457, '6', 128460419)]",0.0,[],1.0,"[('6', 128892457, '6', 128460419)]",0.0,[],0.0,[],[],0,{},[],0.0,1,0,1.5,medium
CURTIS_H001648_T01_01_WG01,2,4,circular,347725,4,1,"[('6', 14777470, 14945381), ('6', 20206738, 20213094), ('6', 96540325, 96613800), ('6', 126276318, 126376297)]","[('6', 14945381, '6', 20206738), ('6', 20213094, '6', 96540325), ('6', 96613800, '6', 126276318), ('6', 126376297, '6', 14777470)]",0.5,"[('6', 14945381, '6', 20206738), ('6', 20213094, '6', 96540325)]",0.5,"[('6', 96613800, '6', 126276318), ('6', 126376297, '6', 14777470)]",0.0,[],0.0,[],[],0,{},[],0.0,1,2,0.5,high
CURTIS_H001648_T01_01_WG01,2,5,circular,367378,4,1,"[('6', 20343371, 20547024), ('6', 96552307, 96554573), ('6', 125379158, 125534767), ('6', 14701557, 14695709)]","[('6', 20547024, '6', 96552307), ('6', 96554573, '6', 125379158), ('6', 125534767, '6', 14701557), ('6', 14695709, '6', 20343371)]",0.5,"[('6', 20547024, '6', 96552307), ('6', 14695709, '6', 20343371)]",0.5,"[('6', 96554573, '6', 125379158), ('6', 125534767, '6', 14701557)]",0.0,[],0.0,[],[],0,{},[],0.0,1,2,0.5,high
CURTIS_H001648_T01_01_WG01,2,6,linear,2263493,5,1,"[('6', 128988599, 128888680), ('6', 128463522, 128426954), ('6', 22958045, 23743260), ('6', 23745945, 23817062), ('6', 135695275, 134424600)]","[('6', 128888680, '6', 128463522), ('6', 128426954, '6', 22958045), ('6', 23743260, '6', 23745945), ('6', 23817062, '6', 135695275), ('6', 134424600, '6', 128988599)]",0.4,"[('6', 128426954, '6', 22958045), ('6', 23817062, '6', 135695275)]",0.6,"[('6', 128888680, '6', 128463522), ('6', 23743260, '6', 23745945), ('6', 134424600, '6', 128988599)]",0.0,[],0.0,[],[],0,"{'6': {'MYB': {'type': ['oncogene', ' fusion'], 'loc': ('135502453', '135540311')}, 'SGK1': {'type': ['oncogene'], 'loc': ('134490384', '134639250')}}}","['MYB', 'SGK1']",0.0,0,2,1.0,medium
CURTIS_H001648_T01_01_WG01,2,7,circular,442105,5,1,"[('6', 20206738, 20382553), ('6', 134516751, 134492746), ('6', 88564598, 88482519), ('6', 89540643, 89607725), ('6', 14852258, 14945381)]","[('6', 20382553, '6', 134516751), ('6', 134492746, '6', 88564598), ('6', 88482519, '6', 89540643), ('6', 89607725, '6', 14852258), ('6', 14945381, '6', 20206738)]",0.2,"[('6', 14945381, '6', 20206738)]",0.8,"[('6', 20382553, '6', 134516751), ('6', 134492746, '6', 88564598), ('6', 88482519, '6', 89540643), ('6', 89607725, '6', 14852258)]",0.0,[],0.0,[],[],0,{},[],0.0,1,0,1.0,medium
CURTIS_H001648_T01_01_WG01,2,8,linear,61273,1,1,"[('6', 124712399, 124651125)]","[('6', 124651125, '6', 124712399)]",0.0,[],1.0,"[('6', 124651125, '6', 124712399)]",0.0,[],0.0,[],[],0,{},[],0.0,0,0,1.5,medium
CURTIS_H001648_T01_01_WG01,2,9,linear,1496759,10,1,"[('6', 125405999, 124973442), ('6', 58480423, 58301007), ('6', 47064441, 47099177), ('6', 14068233, 13817509), ('6', 14164795, 14270752), ('6', 20228761, 20206738), ('6', 14945381, 14927563), ('6', 126130163, 125826801), ('6', 125669251, 125606095), ('6', 89622016, 89535000)]","[('6', 124973442, '6', 58480423), ('6', 58301007, '6', 47064441), ('6', 47099177, '6', 14068233), ('6', 13817509, '6', 14164795), ('6', 14270752, '6', 20228761), ('6', 20206738, '6', 14945381), ('6', 14927563, '6', 126130163), ('6', 125826801, '6', 125669251), ('6', 125606095, '6', 89622016), ('6', 89535000, '6', 125405999)]",0.6,"[('6', 124973442, '6', 58480423), ('6', 58301007, '6', 47064441), ('6', 47099177, '6', 14068233), ('6', 13817509, '6', 14164795), ('6', 20206738, '6', 14945381), ('6', 125606095, '6', 89622016)]",0.4,"[('6', 14270752, '6', 20228761), ('6', 14927563, '6', 126130163), ('6', 125826801, '6', 125669251), ('6', 89535000, '6', 125405999)]",0.0,[],0.0,[],[],0,{},[],0.0,0,2,0.5,high
CURTIS_H001648_T01_01_WG01,2,10,linear,309846,3,1,"[('6', 88604152, 88483072), ('6', 126286869, 126388610), ('6', 89622026, 89535000)]","[('6', 88483072, '6', 126286869), ('6', 126388610, '6', 89622026), ('6', 89535000, '6', 88604152)]",0.3333333333333333,"[('6', 126388610, '6', 89622026)]",0.6666666666666666,"[('6', 88483072, '6', 126286869), ('6', 89535000, '6', 88604152)]",0.0,[],0.0,[],[],0,{},[],0.0,0,0,1.0,medium
CURTIS_H001648_T01_01_WG01,2,11,linear,69598,1,1,"[('6', 125673299, 125603700)]","[('6', 125603700, '6', 125673299)]",0.0,[],1.0,"[('6', 125603700, '6', 125673299)]",0.0,[],0.0,[],[],0,{},[],0.0,0,0,1.5,medium
CURTIS_H001648_T01_01_WG01,2,12,linear,322545,4,1,"[('6', 88604152, 88483072), ('6', 126286869, 126384962), ('6', 13817977, 13817509), ('6', 14164795, 14267699)]","[('6', 88483072, '6', 126286869), ('6', 126384962, '6', 13817977), ('6', 13817509, '6', 14164795), ('6', 14267699, '6', 88604152)]",0.25,"[('6', 13817509, '6', 14164795)]",0.75,"[('6', 88483072, '6', 126286869), ('6', 126384962, '6', 13817977), ('6', 14267699, '6', 88604152)]",0.0,[],0.0,[],[],0,{},[],0.0,0,0,1.0,medium
CURTIS_H001649_T01_01_WG01,1,1,linear,668652,2,1,"[('6', 24224374, 23745945), ('6', 23743258, 23553033)]","[('6', 23745945, '6', 23743258), ('6', 23553033, '6', 24224374)]",0.0,[],1.0,"[('6', 23745945, '6', 23743258), ('6', 23553033, '6', 24224374)]",0.0,[],0.0,[],[],0,{},[],0.0,0,0,1.5,medium
CURTIS_H001649_T01_01_WG01,1,2,linear,1623717,2,1,"[('6', 125593199, 123989859), ('6', 22726717, 22706338)]","[('6', 123989859, '6', 22726717), ('6', 22706338, '6', 125593199)]",0.0,[],1.0,"[('6', 123989859, '6', 22726717), ('6', 22706338, '6', 125593199)]",0.0,[],0.0,[],[],0,{},[],0.0,0,0,1.5,medium
CURTIS_H001649_T01_01_WG01,1,3,linear,210378,1,1,"[('6', 20280608, 20070229)]","[('6', 20070229, '6', 20280608)]",0.0,[],1.0,"[('6', 20070229, '6', 20280608)]",0.0,[],0.0,[],[],0,{},[],0.0,0,0,1.5,medium
CURTIS_H001649_T01_01_WG01,1,4,linear,2088216,2,1,"[('6', 123992699, 122362920), ('6', 122363362, 122821799)]","[('6', 122362920, '6', 122363362), ('6', 122821799, '6', 123992699)]",0.0,[],1.0,"[('6', 122821799, '6', 123992699)]",0.0,[],0.0,[],[],1,{},[],0.0,0,0,1.5,medium
CURTIS_H001651_T01_01_WG01,1,1,circular,1591,1,1,"[('17', 46615630, 46617220)]","[('17', 46617220, '17', 46615630)]",0.0,[],1.0,"[('17', 46617220, '17', 46615630)]",0.0,[],0.0,[],[],0,{},[],0.0,1,0,1.5,medium
CURTIS_H001651_T01_01_WG01,1,2,linear,445178,1,1,"[('17', 47177979, 46732800)]","[('17', 46732800, '17', 47177979)]",0.0,[],1.0,"[('17', 46732800, '17', 47177979)]",0.0,[],0.0,[],[],0,{},[],0.0,0,0,1.5,medium
CURTIS_H001653_T01_01_WG01,1,1,circular,658298,1,1,"[('12', 55016842, 55675139)]","[('12', 55675139, '12', 55016842)]",0.0,[],1.0,"[('12', 55675139, '12', 55016842)]",0.0,[],0.0,[],[],0,{},[],0.0,1,0,1.5,medium
CURTIS_H001653_T01_01_WG01,1,2,linear,1813198,1,1,"[('12', 60097499, 58284300)]","[('12', 58284300, '12', 60097499)]",0.0,[],1.0,"[('12', 58284300, '12', 60097499)]",0.0,[],0.0,[],[],0,"{'12': {'LRIG3': {'type': ['TSG', ' fusion'], 'loc': ('59265931', '59314303')}}}",['LRIG3'],0.0,0,0,1.5,medium
CURTIS_H001653_T01_01_WG01,1,3,linear,67481,2,1,"[('12', 55742099, 55728179), ('12', 55727213, 55673650)]","[('12', 55728179, '12', 55727213), ('12', 55673650, '12', 55742099)]",0.0,[],1.0,"[('12', 55673650, '12', 55742099)]",0.0,[],0.0,[],[],1,{},[],0.0,0,0,1.5,medium
CURTIS_H001653_T01_01_WG01,2,1,linear,1436674,3,1,"[('7', 55748099, 55289060), ('7', 55286757, 55235110), ('7', 55234391, 54308400)]","[('7', 55289060, '7', 55286757), ('7', 55235110, '7', 55234391), ('7', 54308400, '7', 55748099)]",0.0,[],1.0,"[('7', 55289060, '7', 55286757), ('7', 54308400, '7', 55748099)]",0.0,[],0.0,[],[],1,{},[],0.0,0,0,1.5,medium
CURTIS_H001654_T01_01_WG01,1,1,circular,687,2,2,"[('22', 32927889, 32928559), ('6', 24683987, 24684002)]","[('22', 32928559, '6', 24683987), ('6', 24684002, '22', 32927889)]",0.0,[],1.0,"[('22', 32928559, '6', 24683987), ('6', 24684002, '22', 32927889)]",0.0,[],0.0,[],[],0,{},[],1.0,1,0,1.875,medium
CURTIS_H001654_T01_01_WG01,4,1,linear,789486,1,1,"[('12', 9391649, 8602162)]","[('12', 8602162, '12', 9391649)]",0.0,[],1.0,"[('12', 8602162, '12', 9391649)]",0.0,[],0.0,[],[],0,{},[],0.0,0,0,1.5,medium
CURTIS_H001654_T01_01_WG01,3,1,linear,75186,1,1,"[('12', 8247944, 8172757)]","[('12', 8172757, '12', 8247944)]",0.0,[],1.0,"[('12', 8172757, '12', 8247944)]",0.0,[],0.0,[],[],0,{},[],0.0,0,0,1.5,medium
CURTIS_H001655_T01_01_WG01,1,1,circular,9927,1,1,"[('19', 56272957, 56282883)]","[('19', 56282883, '19', 56272957)]",0.0,[],1.0,"[('19', 56282883, '19', 56272957)]",0.0,[],0.0,[],[],0,{},[],0.0,1,0,1.5,medium
CURTIS_H001656_T01_01_WG01,1,1,linear,63598,1,1,"[('17', 36412199, 36348600)]","[('17', 36348600, '17', 36412199)]",0.0,[],1.0,"[('17', 36348600, '17', 36412199)]",0.0,[],1.0,"[('17', 36348600)]",['High_Signal_Region'],0,{},[],0.0,0,1,2.0625,low
CURTIS_H001658_T01_01_WG01,1,1,linear,30898,1,1,"[('17', 36389399, 36358500)]","[('17', 36358500, '17', 36389399)]",0.0,[],1.0,"[('17', 36358500, '17', 36389399)]",0.0,[],1.0,"[('17', 36358500), ('17', 36389399)]","['High_Signal_Region', 'High_Signal_Region']",0,{},[],0.0,0,1,2.0625,low
CURTIS_H001658_T01_01_WG01,1,2,linear,1999091,3,2,"[('10', 62452499, 60558552), ('6', 123462871, 123515909), ('6', 123116007, 123063900)]","[('10', 60558552, '6', 123462871), ('6', 123515909, '6', 123116007), ('6', 123063900, '10', 62452499)]",0.3333333333333333,"[('6', 123515909, '6', 123116007)]",0.6666666666666666,"[('10', 60558552, '6', 123462871), ('6', 123063900, '10', 62452499)]",0.0,[],0.0,[],[],0,"{'10': {'CCDC6': {'type': ['TSG', ' fusion'], 'loc': ('61548521', '61666414')}}}",['CCDC6'],0.0,0,0,1.0,medium
CURTIS_H001658_T01_01_WG01,1,3,circular,1574,1,1,"[('17', 46615631, 46617204)]","[('17', 46617204, '17', 46615631)]",0.0,[],1.0,"[('17', 46617204, '17', 46615631)]",0.0,[],0.0,[],[],0,{},[],0.0,1,0,1.5,medium
CURTIS_H001658_T01_01_WG01,1,4,linear,1737318,2,1,"[('17', 47931599, 46617221), ('17', 46615802, 46192860)]","[('17', 46617221, '17', 46615802), ('17', 46192860, '17', 47931599)]",0.0,[],1.0,"[('17', 46192860, '17', 47931599)]",0.0,[],0.0,[],[],1,"{'17': {'KAT7': {'type': ['oncogene'], 'loc': ('47865917', '47906458')}, 'SPOP': {'type': ['TSG'], 'loc': ('47676246', '47755596')}}}","['KAT7', 'SPOP']",0.0,0,0,1.5,medium
CURTIS_H001660_T01_01_WG01,5,1,circular,5713,1,1,"[('9', 5259993, 5265705)]","[('9', 5265705, '9', 5259993)]",1.0,"[('9', 5265705, '9', 5259993)]",0.0,[],0.0,[],0.0,[],[],0,{},[],0.0,1,2,0.5,high
CURTIS_H001660_T01_01_WG01,1,1,linear,1001743,1,1,"[('12', 8247944, 7246200)]","[('12', 7246200, '12', 8247944)]",0.0,[],1.0,"[('12', 7246200, '12', 8247944)]",0.0,[],0.0,[],[],0,{},[],0.0,0,0,1.5,medium
CURTIS_H001660_T01_01_WG01,2,1,linear,789486,1,1,"[('12', 9391649, 8602162)]","[('12', 8602162, '12', 9391649)]",0.0,[],1.0,"[('12', 8602162, '12', 9391649)]",0.0,[],0.0,[],[],0,{},[],0.0,0,0,1.5,medium
CURTIS_H001660_T01_01_WG01,4,1,linear,7009807,2,1,"[('20', 13595330, 7102846), ('20', 7096792, 6579467)]","[('20', 7102846, '20', 7096792), ('20', 6579467, '20', 13595330)]",0.0,[],1.0,"[('20', 7102846, '20', 7096792), ('20', 6579467, '20', 13595330)]",0.25,"[('20', 6579467, '20', 6580139)]",0.0,[],[],0,{},[],1.0,0,0,2.0,medium
CURTIS_H001662_T01_01_WG01,4,1,circular,301767,1,1,"[('9', 93885571, 94187337)]","[('9', 94187337, '9', 93885571)]",1.0,"[('9', 94187337, '9', 93885571)]",0.0,[],0.0,[],0.0,[],[],0,{},[],0.0,1,2,0.5,high
CURTIS_H001673_T01_01_WG01,1,1,circular,1041,2,2,"[('1', 202593717, 202594540), ('15', 30465286, 30465502)]","[('1', 202594540, '15', 30465286), ('15', 30465502, '1', 202593717)]",0.0,[],1.0,"[('1', 202594540, '15', 30465286), ('15', 30465502, '1', 202593717)]",0.0,[],1.0,"[('15', 30465286), ('15', 30465502)]","['High_Signal_Region', 'High_Signal_Region']",0,{},[],0.0,1,1,2.0625,low
CURTIS_H001673_T01_01_WG01,1,2,linear,20531,1,1,"[('15', 20443147, 20422615)]","[('15', 20422615, '15', 20443147)]",0.0,[],1.0,"[('15', 20422615, '15', 20443147)]",0.0,[],1.0,"[('15', 20422615), ('15', 20443147)]","['High_Signal_Region', 'High_Signal_Region']",0,{},[],0.0,0,1,2.0625,low
CURTIS_H001673_T01_01_WG01,1,3,linear,25498,1,1,"[('15', 20873399, 20847900)]","[('15', 20847900, '15', 20873399)]",0.0,[],1.0,"[('15', 20847900, '15', 20873399)]",0.0,[],1.0,"[('15', 20847900), ('15', 20873399)]","['High_Signal_Region', 'High_Signal_Region']",0,{},[],0.0,0,1,2.0625,low
CURTIS_H001673_T01_01_WG01,1,4,linear,533,1,1,"[('17', 30277211, 30276677)]","[('17', 30276677, '17', 30277211)]",0.0,[],1.0,"[('17', 30276677, '17', 30277211)]",0.0,[],1.0,"[('17', 30276677), ('17', 30277211)]","['High_Signal_Region', 'High_Signal_Region']",0,{},[],1.0,0,1,2.4375,low
CURTIS_H001673_T01_01_WG01,1,5,circular,27927,1,1,"[('8', 129046540, 129074466)]","[('8', 129074466, '8', 129046540)]",1.0,"[('8', 129074466, '8', 129046540)]",0.0,[],0.0,[],0.0,[],[],0,{},[],0.0,1,2,0.5,high
CURTIS_H001673_T01_01_WG01,1,6,linear,299698,1,1,"[('15', 22596299, 22296600)]","[('15', 22296600, '15', 22596299)]",0.0,[],1.0,"[('15', 22296600, '15', 22596299)]",0.0,[],1.0,"[('15', 22296600), ('15', 22596299)]","['High_Signal_Region', 'Low_Mappability']",0,{},[],0.0,0,1,2.0625,low
CURTIS_H001673_T01_01_WG01,1,7,linear,44998,1,1,"[('15', 21937499, 21892500)]","[('15', 21892500, '15', 21937499)]",0.0,[],1.0,"[('15', 21892500, '15', 21937499)]",0.0,[],1.0,"[('15', 21892500), ('15', 21937499)]","['High_Signal_Region', 'High_Signal_Region']",0,{},[],0.0,0,1,2.0625,low
CURTIS_H001673_T01_01_WG01,1,8,linear,531,1,1,"[('17', 30277211, 30276679)]","[('17', 30276679, '17', 30277211)]",0.0,[],1.0,"[('17', 30276679, '17', 30277211)]",0.0,[],1.0,"[('17', 30276679), ('17', 30277211)]","['High_Signal_Region', 'High_Signal_Region']",0,{},[],1.0,0,1,2.4375,low
CURTIS_H001673_T01_01_WG01,1,9,linear,263698,1,1,"[('15', 22156199, 21892500)]","[('15', 21892500, '15', 22156199)]",0.0,[],1.0,"[('15', 21892500, '15', 22156199)]",0.0,[],1.0,"[('15', 21892500), ('15', 22156199)]","['High_Signal_Region', 'High_Signal_Region']",0,{},[],0.0,0,1,2.0625,low
CURTIS_H001673_T01_01_WG01,1,10,circular,1407118,7,4,"[('20', 46376809, 46982975), ('8', 129662997, 129471265), ('8', 129465168, 129071381), ('8', 107400688, 107570383), ('8', 121974859, 122010483), ('2', 80667940, 80667940), ('1', 182456396, 182466507)]","[('20', 46982975, '8', 129662997), ('8', 129471265, '8', 129465168), ('8', 129071381, '2', 80667940), ('2', 80667940, '8', 107400688), ('8', 107570383, '8', 121974859), ('8', 122010483, '1', 182456396), ('1', 182466507, '20', 46376809)]",0.1428571428571428,"[('8', 107570383, '8', 121974859)]",0.8571428571428571,"[('20', 46982975, '8', 129662997), ('8', 129471265, '8', 129465168), ('8', 129071381, '2', 80667940), ('2', 80667940, '8', 107400688), ('8', 122010483, '1', 182456396), ('1', 182466507, '20', 46376809)]",0.0,[],0.0,[],[],0,{},[],0.0,1,0,1.0,medium
CURTIS_H001673_T01_01_WG01,1,11,linear,457198,1,1,"[('15', 21394799, 20937600)]","[('15', 20937600, '15', 21394799)]",0.0,[],1.0,"[('15', 20937600, '15', 21394799)]",0.0,[],1.0,"[('15', 20937600), ('15', 21394799)]","['High_Signal_Region', 'High_Signal_Region']",0,{},[],0.0,0,1,2.0625,low
CURTIS_H001673_T01_01_WG01,1,12,circular,1091244,5,1,"[('8', 128112778, 129055117), ('8', 118327628, 118446515), ('8', 113924037, 113894285), ('8', 107430955, 107430792), ('8', 107430792, 107430894)]","[('8', 129055117, '8', 118327628), ('8', 118446515, '8', 113924037), ('8', 113894285, '8', 107430955), ('8', 107430792, '8', 107430792), ('8', 107430894, '8', 128112778)]",1.0,"[('8', 129055117, '8', 118327628), ('8', 118446515, '8', 113924037), ('8', 113894285, '8', 107430955), ('8', 107430894, '8', 128112778)]",0.0,[],0.0,[],0.0,[],[],1,"{'8': {'MYC': {'type': ['oncogene', ' fusion'], 'loc': ('128747680', '128753674')}}}",['MYC'],0.0,1,2,0.5,high
CURTIS_H001673_T01_01_WG01,1,13,linear,766198,1,1,"[('15', 23509799, 22743600)]","[('15', 22743600, '15', 23509799)]",0.0,[],1.0,"[('15', 22743600, '15', 23509799)]",0.0,[],1.0,"[('15', 22743600), ('15', 23509799)]","['Low_Mappability', 'High_Signal_Region']",0,{},[],0.0,0,1,2.0625,low
CURTIS_H001673_T01_01_WG01,1,14,circular,63196,1,1,"[('1', 182911876, 182975071)]","[('1', 182975071, '1', 182911876)]",1.0,"[('1', 182975071, '1', 182911876)]",0.0,[],0.0,[],0.0,[],[],0,{},[],0.0,1,2,0.5,high
CURTIS_H001673_T01_01_WG01,1,15,circular,47,2,2,"[('6', 132467911, 132467952), ('8', 116410960, 116410954)]","[('6', 132467952, '8', 116410960), ('8', 116410954, '6', 132467911)]",0.0,[],1.0,"[('6', 132467952, '8', 116410960), ('8', 116410954, '6', 132467911)]",0.0,[],0.0,[],[],0,{},[],1.0,1,0,1.875,medium
CURTIS_H001673_T01_01_WG01,1,16,linear,2582201,2,1,"[('15', 22596299, 22415989), ('15', 31613793, 29211900)]","[('15', 22415989, '15', 31613793), ('15', 29211900, '15', 22596299)]",0.5,"[('15', 22415989, '15', 31613793)]",0.5,"[('15', 29211900, '15', 22596299)]",0.0,[],1.0,"[('15', 22415989), ('15', 22596299)]","['Low_Mappability', 'Low_Mappability']",0,{},[],1.0,0,1,1.4375,medium
CURTIS_H001673_T01_01_WG01,1,17,circular,1693714,2,1,"[('17', 57871184, 59194620), ('17', 57499939, 57870215)]","[('17', 59194620, '17', 57499939), ('17', 57870215, '17', 57871184)]",1.0,"[('17', 59194620, '17', 57499939)]",0.0,[],0.0,[],0.0,[],[],1,"{'17': {'CLTC': {'type': ['TSG', ' fusion'], 'loc': ('57697219', '57773671')}, 'PPM1D': {'type': ['oncogene'], 'loc': ('58677544', '58741849')}}}","['CLTC', 'PPM1D']",0.0,1,2,0.5,high
CURTIS_H001673_T01_01_WG01,1,18,linear,170630,1,1,"[('15', 20873399, 20702768)]","[('15', 20702768, '15', 20873399)]",0.0,[],1.0,"[('15', 20702768, '15', 20873399)]",0.0,[],1.0,"[('15', 20702768), ('15', 20873399)]","['High_Signal_Region', 'High_Signal_Region']",0,{},[],0.0,0,1,2.0625,low
CURTIS_H001673_T01_01_WG01,1,19,linear,559983,3,2,"[('12', 71833199, 71810116), ('15', 24115403, 23675368), ('15', 23671468, 23574600)]","[('12', 71810116, '15', 24115403), ('15', 23675368, '15', 23671468), ('15', 23574600, '12', 71833199)]",0.0,[],1.0,"[('12', 71810116, '15', 24115403), ('15', 23675368, '15', 23671468), ('15', 23574600, '12', 71833199)]",0.0,[],1.0,"[('15', 23574600)]",['High_Signal_Region'],0,{},[],0.0,0,1,2.0625,low
CURTIS_H001673_T01_01_WG01,1,20,linear,456734,3,1,"[('17', 38086834, 37736923), ('17', 37736394, 37736728), ('17', 57931211, 58037699)]","[('17', 37736923, '17', 37736394), ('17', 37736728, '17', 57931211), ('17', 58037699, '17', 38086834)]",0.5,"[('17', 37736728, '17', 57931211)]",0.5,"[('17', 58037699, '17', 38086834)]",0.0,[],0.0,[],[],1,"{'17': {'ERBB2': {'type': ['oncogene', ' fusion'], 'loc': ('37844167', '37886679')}, 'IKZF3': {'type': ['oncogene', ' TSG', ' fusion'], 'loc': ('37921198', '38020441')}}}","['ERBB2', 'IKZF3']",0.0,0,2,0.5,high
CURTIS_H001673_T01_01_WG01,1,21,linear,187498,1,1,"[('15', 23439599, 23252100)]","[('15', 23252100, '15', 23439599)]",0.0,[],1.0,"[('15', 23252100, '15', 23439599)]",0.0,[],1.0,"[('15', 23439599)]",['High_Signal_Region'],0,{},[],0.0,0,1,2.0625,low
CURTIS_H001673_T01_01_WG01,1,22,linear,1294083,2,1,"[('20', 52740050, 51705518), ('20', 51665153, 51405600)]","[('20', 51705518, '20', 51665153), ('20', 51405600, '20', 52740050)]",0.5,"[('20', 51705518, '20', 51665153)]",0.5,"[('20', 51405600, '20', 52740050)]",0.0,[],0.0,[],[],0,{},[],0.0,0,2,0.5,high
CURTIS_H001673_T01_01_WG01,1,23,linear,6349716,8,1,"[('8', 114737999, 114684431), ('8', 114683758, 113894285), ('8', 107430955, 105610620), ('8', 105177815, 105659042), ('8', 119194234, 117460956), ('8', 118446609, 119708423), ('8', 129439532, 129465168), ('8', 129471265, 129655650)]","[('8', 114684431, '8', 114683758), ('8', 113894285, '8', 107430955), ('8', 105610620, '8', 105177815), ('8', 105659042, '8', 119194234), ('8', 117460956, '8', 118446609), ('8', 119708423, '8', 129439532), ('8', 129465168, '8', 129471265), ('8', 129655650, '8', 114737999)]",0.5714285714285714,"[('8', 113894285, '8', 107430955), ('8', 105659042, '8', 119194234), ('8', 117460956, '8', 118446609), ('8', 119708423, '8', 129439532)]",0.4285714285714285,"[('8', 105610620, '8', 105177815), ('8', 129465168, '8', 129471265), ('8', 129655650, '8', 114737999)]",0.0,[],0.0,[],[],1,"{'8': {'EXT1': {'type': ['TSG', ' fusion'], 'loc': ('118806729', '119124092')}, 'RAD21': {'type': ['oncogene', ' TSG'], 'loc': ('117858174', '117887105')}}}","['EXT1', 'EXT1', 'RAD21']",1.0,0,2,0.875,high
CURTIS_H001673_T01_01_WG01,1,24,circular,985678,1,1,"[('8', 117460956, 118446633)]","[('8', 118446633, '8', 117460956)]",1.0,"[('8', 118446633, '8', 117460956)]",0.0,[],0.0,[],0.0,[],[],0,"{'8': {'RAD21': {'type': ['oncogene', ' TSG'], 'loc': ('117858174', '117887105')}}}",['RAD21'],0.0,1,2,0.5,high
CURTIS_H001673_T01_01_WG01,1,25,linear,2679411,5,2,"[('20', 46092157, 46729017), ('20', 46727319, 46127074), ('20', 52703229, 51742894), ('20', 51118743, 50956737), ('1', 184328114, 184008146)]","[('20', 46729017, '20', 46727319), ('20', 46127074, '20', 52703229), ('20', 51742894, '20', 51118743), ('20', 50956737, '1', 184328114), ('1', 184008146, '20', 46092157)]",0.5,"[('20', 46127074, '20', 52703229), ('20', 51742894, '20', 51118743)]",0.5,"[('20', 50956737, '1', 184328114), ('1', 184008146, '20', 46092157)]",0.0,[],0.0,[],[],1,{},[],1.0,0,2,0.875,high
CURTIS_H001673_T01_01_WG01,1,26,circular,207385,1,1,"[('20', 52342720, 52550104)]","[('20', 52550104, '20', 52342720)]",0.0,[],1.0,"[('20', 52550104, '20', 52342720)]",0.0,[],0.0,[],[],0,{},[],0.0,1,0,1.5,medium
CURTIS_H001673_T01_01_WG01,1,27,linear,517130,1,1,"[('15', 21219899, 20702768)]","[('15', 20702768, '15', 21219899)]",0.0,[],1.0,"[('15', 20702768, '15', 21219899)]",0.0,[],1.0,"[('15', 20702768), ('15', 21219899)]","['High_Signal_Region', 'High_Signal_Region']",0,{},[],0.0,0,1,2.0625,low
CURTIS_H001673_T01_01_WG01,1,28,linear,497698,1,1,"[('15', 23161799, 22664100)]","[('15', 22664100, '15', 23161799)]",0.0,[],1.0,"[('15', 22664100, '15', 23161799)]",0.0,[],1.0,"[('15', 22664100)]",['Low_Mappability'],0,{},[],0.0,0,1,2.0625,low
CURTIS_H001675_T01_01_WG01,2,1,linear,53398,1,1,"[('19', 8900699, 8847300)]","[('19', 8847300, '19', 8900699)]",0.0,[],1.0,"[('19', 8847300, '19', 8900699)]",0.0,[],1.0,"[('19', 8900699)]",['High_Signal_Region'],0,{},[],0.0,0,1,2.0625,low
CURTIS_H001675_T01_01_WG01,2,2,linear,1249980,4,1,"[('19', 17363099, 16911292), ('19', 2337931, 2909533), ('19', 2910825, 3073024), ('19', 14618572, 14554200)]","[('19', 16911292, '19', 2337931), ('19', 2909533, '19', 2910825), ('19', 3073024, '19', 14618572), ('19', 14554200, '19', 17363099)]",0.6666666666666666,"[('19', 16911292, '19', 2337931), ('19', 3073024, '19', 14618572)]",0.3333333333333333,"[('19', 14554200, '19', 17363099)]",0.0,[],0.0,[],[],1,{},[],0.0,0,2,0.5,high
CURTIS_H001675_T01_01_WG01,2,3,linear,10592,1,1,"[('11', 1990145, 1979552)]","[('11', 1979552, '11', 1990145)]",0.0,[],1.0,"[('11', 1979552, '11', 1990145)]",0.0,[],0.0,[],[],0,{},[],0.0,0,0,1.5,medium
CURTIS_H001675_T01_01_WG01,2,4,linear,2340932,2,1,"[('17', 73741199, 72729574), ('17', 72728977, 71399668)]","[('17', 72729574, '17', 72728977), ('17', 71399668, '17', 73741199)]",0.0,[],1.0,"[('17', 71399668, '17', 73741199)]",0.0,[],0.0,[],[],1,{},[],0.0,0,0,1.5,medium
CURTIS_H001675_T01_01_WG01,2,5,linear,164096,1,1,"[('19', 9011397, 8847300)]","[('19', 8847300, '19', 9011397)]",0.0,[],1.0,"[('19', 8847300, '19', 9011397)]",0.0,[],0.0,[],[],0,{},[],0.0,0,0,1.5,medium
CURTIS_H001676_T01_01_WG01,1,1,linear,10885,1,1,"[('8', 83284660, 83273774)]","[('8', 83273774, '8', 83284660)]",0.0,[],1.0,"[('8', 83273774, '8', 83284660)]",0.0,[],0.0,[],[],0,{},[],0.0,0,0,1.5,medium
CURTIS_H001676_T01_01_WG01,1,2,circular,21489,1,1,"[('8', 42237591, 42259079)]","[('8', 42259079, '8', 42237591)]",1.0,"[('8', 42259079, '8', 42237591)]",0.0,[],0.0,[],0.0,[],[],0,{},[],0.0,1,2,0.5,high
CURTIS_H001676_T01_01_WG01,1,3,linear,10884,1,1,"[('8', 119340209, 119329324)]","[('8', 119329324, '8', 119340209)]",0.0,[],1.0,"[('8', 119329324, '8', 119340209)]",0.0,[],0.0,[],[],0,{},[],0.0,0,0,1.5,medium
CURTIS_H001676_T01_01_WG01,1,4,linear,5641685,6,1,"[('8', 42236482, 42194372), ('8', 42190438, 40779759), ('8', 40774632, 40296282), ('8', 40289706, 40189814), ('8', 40182855, 37051853), ('8', 37050884, 36571226)]","[('8', 42194372, '8', 42190438), ('8', 40779759, '8', 40774632), ('8', 40296282, '8', 40289706), ('8', 40189814, '8', 40182855), ('8', 37051853, '8', 37050884), ('8', 36571226, '8', 42236482)]",0.0,[],1.0,"[('8', 42194372, '8', 42190438), ('8', 40779759, '8', 40774632), ('8', 40296282, '8', 40289706), ('8', 40189814, '8', 40182855), ('8', 36571226, '8', 42236482)]",0.0,[],0.0,[],[],1,"{'8': {'ANK1': {'type': [''], 'loc': ('41510739', '41754280')}, 'FGFR1': {'type': ['oncogene', ' fusion'], 'loc': ('38268656', '38326352')}, 'IKBKB': {'type': ['oncogene'], 'loc': ('42128820', '42189973')}, 'KAT6A': {'type': ['oncogene', ' fusion'], 'loc': ('41786997', '41909508')}, 'NSD3': {'type': ['oncogene', ' fusion'], 'loc': ('38127215', '38239790')}}}","['ANK1', 'FGFR1', 'IKBKB', 'KAT6A', 'NSD3']",1.0,0,0,1.875,medium
CURTIS_H001676_T01_01_WG01,1,5,linear,860122,2,1,"[('8', 43091751, 42252513), ('8', 109679307, 109658421)]","[('8', 42252513, '8', 109679307), ('8', 109658421, '8', 43091751)]",0.0,[],1.0,"[('8', 42252513, '8', 109679307), ('8', 109658421, '8', 43091751)]",0.0,[],1.0,"[('8', 43091751)]",['High_Signal_Region'],0,"{'8': {'HOOK3': {'type': ['fusion'], 'loc': ('42752075', '42885682')}}}",['HOOK3'],0.0,0,1,2.0625,low
CURTIS_H001678_T01_01_WG01,2,1,linear,6055032,6,1,"[('8', 43091751, 42194381), ('8', 42190457, 40779760), ('8', 40774632, 40470383), ('8', 40469734, 39387228), ('8', 39232023, 37051853), ('8', 37050884, 36870838)]","[('8', 42194381, '8', 42190457), ('8', 40779760, '8', 40774632), ('8', 40470383, '8', 40469734), ('8', 39387228, '8', 39232023), ('8', 37051853, '8', 37050884), ('8', 36870838, '8', 43091751)]",0.0,[],1.0,"[('8', 42194381, '8', 42190457), ('8', 40779760, '8', 40774632), ('8', 39387228, '8', 39232023), ('8', 36870838, '8', 43091751)]",0.0,[],1.0,"[('8', 43091751)]",['High_Signal_Region'],2,"{'8': {'ANK1': {'type': [''], 'loc': ('41510739', '41754280')}, 'FGFR1': {'type': ['oncogene', ' fusion'], 'loc': ('38268656', '38326352')}, 'HOOK3': {'type': ['fusion'], 'loc': ('42752075', '42885682')}, 'IKBKB': {'type': ['oncogene'], 'loc': ('42128820', '42189973')}, 'KAT6A': {'type': ['oncogene', ' fusion'], 'loc': ('41786997', '41909508')}, 'NSD3': {'type': ['oncogene', ' fusion'], 'loc': ('38127215', '38239790')}}}","['ANK1', 'FGFR1', 'HOOK3', 'IKBKB', 'KAT6A', 'NSD3']",1.0,0,1,2.4375,low
CURTIS_H001680_T01_01_WG01,1,1,linear,577531,2,1,"[('11', 69717899, 69401408), ('11', 69400842, 69139800)]","[('11', 69401408, '11', 69400842), ('11', 69139800, '11', 69717899)]",0.0,[],1.0,"[('11', 69139800, '11', 69717899)]",0.0,[],0.0,[],[],1,"{'11': {'CCND1': {'type': ['oncogene', ' fusion'], 'loc': ('69455855', '69469242')}}}",['CCND1'],0.0,0,0,1.5,medium
CURTIS_H001680_T01_01_WG01,1,2,linear,6970772,7,3,"[('11', 69089699, 68550971), ('11', 75416719, 78184646), ('11', 70363316, 70364760), ('11', 71716298, 69794100), ('20', 60818475, 60509979), ('20', 51200567, 52629255), ('6', 164702707, 164705997)]","[('11', 68550971, '20', 60818475), ('20', 60509979, '20', 51200567), ('20', 52629255, '6', 164702707), ('6', 164705997, '11', 75416719), ('11', 78184646, '11', 70363316), ('11', 70364760, '11', 71716298), ('11', 69794100, '11', 69089699)]",0.4285714285714285,"[('20', 60509979, '20', 51200567), ('11', 78184646, '11', 70363316), ('11', 70364760, '11', 71716298)]",0.5714285714285714,"[('11', 68550971, '20', 60818475), ('20', 52629255, '6', 164702707), ('6', 164705997, '11', 75416719), ('11', 69794100, '11', 69089699)]",0.0,[],0.0,[],[],0,"{'11': {'FADD': {'type': [''], 'loc': ('70049269', '70053496')}}, '20': {'SS18L1': {'type': ['fusion'], 'loc': ('60718822', '60757540')}}}","['FADD', 'SS18L1']",1.0,0,2,1.375,medium
CURTIS_H001680_T01_01_WG01,1,3,circular,1014206,1,1,"[('20', 51234877, 52249082)]","[('20', 52249082, '20', 51234877)]",1.0,"[('20', 52249082, '20', 51234877)]",0.0,[],0.0,[],0.0,[],[],0,{},[],0.0,1,2,0.5,high
CURTIS_H001680_T01_01_WG01,1,4,circular,3841455,4,1,"[('20', 52253676, 54434622), ('20', 54440615, 55906706), ('20', 59420311, 59478289), ('20', 52266907, 52130469)]","[('20', 54434622, '20', 54440615), ('20', 55906706, '20', 59420311), ('20', 59478289, '20', 52266907), ('20', 52130469, '20', 52253676)]",0.75,"[('20', 55906706, '20', 59420311), ('20', 59478289, '20', 52266907), ('20', 52130469, '20', 52253676)]",0.25,"[('20', 54434622, '20', 54440615)]",0.0,[],0.0,[],[],0,{},[],1.0,1,2,0.875,high
CURTIS_H001681_T01_01_WG01,1,1,linear,572398,1,1,"[('11', 69713099, 69140700)]","[('11', 69140700, '11', 69713099)]",0.0,[],1.0,"[('11', 69140700, '11', 69713099)]",0.0,[],0.0,[],[],0,"{'11': {'CCND1': {'type': ['oncogene', ' fusion'], 'loc': ('69455855', '69469242')}}}",['CCND1'],0.0,0,0,1.5,medium
CURTIS_H001682_T01_01_WG01,1,1,linear,67414,1,1,"[('17', 73425950, 73358535)]","[('17', 73358535, '17', 73425950)]",0.0,[],1.0,"[('17', 73358535, '17', 73425950)]",0.0,[],0.0,[],[],0,{},[],0.0,0,0,1.5,medium
CURTIS_H001682_T01_01_WG01,1,2,linear,10493,1,1,"[('19', 53366861, 53356367)]","[('19', 53356367, '19', 53366861)]",0.0,[],1.0,"[('19', 53356367, '19', 53366861)]",0.0,[],0.0,[],[],0,{},[],0.0,0,0,1.5,medium
CURTIS_H001682_T01_01_WG01,1,3,linear,30493,1,1,"[('17', 57429376, 57398882)]","[('17', 57398882, '17', 57429376)]",0.0,[],1.0,"[('17', 57398882, '17', 57429376)]",0.0,[],0.0,[],[],0,{},[],0.0,0,0,1.5,medium
CURTIS_H001682_T01_01_WG01,1,4,linear,20493,1,1,"[('17', 73883941, 73863447)]","[('17', 73863447, '17', 73883941)]",0.0,[],1.0,"[('17', 73863447, '17', 73883941)]",0.0,[],0.0,[],[],0,{},[],0.0,0,0,1.5,medium
CURTIS_H001682_T01_01_WG01,1,5,linear,10493,1,1,"[('17', 63846108, 63835614)]","[('17', 63835614, '17', 63846108)]",0.0,[],1.0,"[('17', 63835614, '17', 63846108)]",0.0,[],0.0,[],[],0,{},[],0.0,0,0,1.5,medium
CURTIS_H001682_T01_01_WG01,4,1,linear,220492,1,1,"[('17', 63587521, 63367028)]","[('17', 63367028, '17', 63587521)]",0.0,[],1.0,"[('17', 63367028, '17', 63587521)]",0.0,[],0.0,[],[],0,"{'17': {'AXIN2': {'type': ['TSG'], 'loc': ('63524681', '63557765')}}}",['AXIN2'],0.0,0,0,1.5,medium
CURTIS_H001682_T01_01_WG01,4,2,linear,40492,1,1,"[('17', 63780020, 63739527)]","[('17', 63739527, '17', 63780020)]",0.0,[],1.0,"[('17', 63739527, '17', 63780020)]",0.0,[],0.0,[],[],0,{},[],0.0,0,0,1.5,medium
CURTIS_H001683_T01_01_WG01,1,1,linear,105,1,1,"[('10', 12455612, 12455506)]","[('10', 12455506, '10', 12455612)]",0.0,[],1.0,"[('10', 12455506, '10', 12455612)]",0.0,[],0.0,[],[],0,{},[],1.0,0,0,1.875,medium
CURTIS_H001683_T01_01_WG01,2,1,linear,201598,1,1,"[('13', 114631199, 114429600)]","[('13', 114429600, '13', 114631199)]",0.0,[],1.0,"[('13', 114429600, '13', 114631199)]",0.0,[],1.0,"[('13', 114631199)]",['High_Signal_Region'],0,{},[],0.0,0,1,2.0625,low
CURTIS_H001683_T01_01_WG01,2,2,linear,1820398,1,1,"[('13', 114324299, 112503900)]","[('13', 112503900, '13', 114324299)]",0.0,[],1.0,"[('13', 112503900, '13', 114324299)]",0.0,[],0.0,[],[],0,{},[],0.0,0,0,1.5,medium
CURTIS_H001683_T01_01_WG01,3,1,linear,139870,1,1,"[('1', 120693899, 120554028)]","[('1', 120554028, '1', 120693899)]",0.0,[],1.0,"[('1', 120554028, '1', 120693899)]",0.0,[],1.0,"[('1', 120554028), ('1', 120693899)]","['High_Signal_Region', 'High_Signal_Region']",0,{},[],0.0,0,1,2.0625,low
CURTIS_H001683_T01_01_WG01,3,2,linear,31198,1,1,"[('1', 144706199, 144675000)]","[('1', 144675000, '1', 144706199)]",0.0,[],1.0,"[('1', 144675000, '1', 144706199)]",0.0,[],1.0,"[('1', 144675000), ('1', 144706199)]","['High_Signal_Region', 'High_Signal_Region']",0,{},[],0.0,0,1,2.0625,low
CURTIS_H001683_T01_01_WG01,3,3,linear,441341,5,1,"[('1', 144976581, 144906805), ('1', 144901181, 144901045), ('1', 144896276, 144895202), ('1', 144894157, 144881417), ('1', 243609620, 243252000)]","[('1', 144906805, '1', 144901181), ('1', 144901045, '1', 144896276), ('1', 144895202, '1', 144894157), ('1', 144881417, '1', 243609620), ('1', 243252000, '1', 144976581)]",0.25,"[('1', 144881417, '1', 243609620)]",0.75,"[('1', 144906805, '1', 144901181), ('1', 144901045, '1', 144896276), ('1', 243252000, '1', 144976581)]",0.0,[],1.0,"[('1', 144906805), ('1', 144901181), ('1', 144901045), ('1', 144896276), ('1', 144895202), ('1', 144894157), ('1', 144881417), ('1', 144976581)]","['High_Signal_Region', 'High_Signal_Region', 'High_Signal_Region', 'High_Signal_Region', 'High_Signal_Region', 'High_Signal_Region', 'High_Signal_Region', 'High_Signal_Region']",1,{},[],0.0,0,1,1.5625,medium
CURTIS_H001683_T01_01_WG01,3,4,linear,178498,1,1,"[('1', 120933899, 120755400)]","[('1', 120755400, '1', 120933899)]",0.0,[],1.0,"[('1', 120755400, '1', 120933899)]",0.0,[],1.0,"[('1', 120755400), ('1', 120933899)]","['High_Signal_Region', 'High_Signal_Region']",0,{},[],0.0,0,1,2.0625,low
CURTIS_H001683_T01_01_WG01,3,5,linear,84370,1,1,"[('1', 120638399, 120554028)]","[('1', 120554028, '1', 120638399)]",0.0,[],1.0,"[('1', 120554028, '1', 120638399)]",0.0,[],1.0,"[('1', 120554028), ('1', 120638399)]","['High_Signal_Region', 'High_Signal_Region']",0,{},[],0.0,0,1,2.0625,low
CURTIS_H001683_T01_01_WG01,3,6,linear,240750,1,1,"[('1', 120531451, 120290700)]","[('1', 120290700, '1', 120531451)]",0.0,[],1.0,"[('1', 120290700, '1', 120531451)]",0.0,[],0.0,[],[],0,{},[],0.0,0,0,1.5,medium
CURTIS_H001683_T01_01_WG01,3,7,circular,263889,2,1,"[('1', 144680214, 144896296), ('1', 144906808, 144954613)]","[('1', 144896296, '1', 144906808), ('1', 144954613, '1', 144680214)]",0.0,[],1.0,"[('1', 144896296, '1', 144906808), ('1', 144954613, '1', 144680214)]",0.0,[],1.0,"[('1', 144896296), ('1', 144906808), ('1', 144954613), ('1', 144680214)]","['High_Signal_Region', 'High_Signal_Region', 'High_Signal_Region', 'High_Signal_Region']",0,{},[],0.0,1,1,2.0625,low
CURTIS_H001683_T01_01_WG01,3,8,linear,135984,1,1,"[('1', 144706199, 144570214)]","[('1', 144570214, '1', 144706199)]",0.0,[],1.0,"[('1', 144570214, '1', 144706199)]",0.0,[],1.0,"[('1', 144570214), ('1', 144706199)]","['High_Signal_Region', 'High_Signal_Region']",0,{},[],0.0,0,1,2.0625,low
CURTIS_H001684_T01_01_WG01,2,1,linear,816347,3,1,"[('1', 147394255, 146702268), ('1', 146818270, 146818781), ('1', 146701585, 146577735)]","[('1', 146702268, '1', 146818270), ('1', 146818781, '1', 146701585), ('1', 146577735, '1', 147394255)]",0.0,[],1.0,"[('1', 146702268, '1', 146818270), ('1', 146818781, '1', 146701585), ('1', 146577735, '1', 147394255)]",0.0,[],0.0,[],[],0,"{'1': {'BCL9': {'type': ['oncogene', ' fusion'], 'loc': ('147013182', '147098017')}}}",['BCL9'],0.0,0,0,1.5,medium
CURTIS_H001684_T01_01_WG01,1,1,circular,14028,3,1,"[('17', 71298411, 71309490), ('17', 37893992, 37894953), ('17', 38317241, 38319226)]","[('17', 71309490, '17', 37893992), ('17', 37894953, '17', 38317241), ('17', 38319226, '17', 71298411)]",0.6666666666666666,"[('17', 37894953, '17', 38317241), ('17', 38319226, '17', 71298411)]",0.3333333333333333,"[('17', 71309490, '17', 37893992)]",0.5,"[('17', 37893992, '17', 71308916)]",0.0,[],[],0,{},[],0.0,1,2,0.75,high
CURTIS_H001684_T01_01_WG01,1,2,circular,304435,4,1,"[('17', 37717781, 37893975), ('17', 71308908, 71383989), ('17', 71308085, 71260473), ('17', 37715431, 37709883)]","[('17', 37893975, '17', 71308908), ('17', 71383989, '17', 71308085), ('17', 71260473, '17', 37715431), ('17', 37709883, '17', 37717781)]",1.0,"[('17', 37893975, '17', 71308908), ('17', 71383989, '17', 71308085), ('17', 71260473, '17', 37715431), ('17', 37709883, '17', 37717781)]",0.0,[],0.0,[],0.0,[],[],0,"{'17': {'ERBB2': {'type': ['oncogene', ' fusion'], 'loc': ('37844167', '37886679')}}}",['ERBB2'],0.0,1,2,0.5,high
CURTIS_H001684_T01_01_WG01,1,3,linear,892997,3,1,"[('17', 38262293, 37847964), ('17', 38321650, 38468427), ('17', 71087192, 70755300)]","[('17', 37847964, '17', 38321650), ('17', 38468427, '17', 71087192), ('17', 70755300, '17', 38262293)]",0.0,[],1.0,"[('17', 37847964, '17', 38321650), ('17', 38468427, '17', 71087192), ('17', 70755300, '17', 38262293)]",0.0,[],0.0,[],[],0,"{'17': {'IKZF3': {'type': ['oncogene', ' TSG', ' fusion'], 'loc': ('37921198', '38020441')}}}",['IKZF3'],0.0,0,0,1.5,medium
CURTIS_H001684_T01_01_WG01,1,4,circular,453740,3,1,"[('17', 37717781, 38131563), ('17', 71294884, 71260473), ('17', 37715431, 37709883)]","[('17', 38131563, '17', 71294884), ('17', 71260473, '17', 37715431), ('17', 37709883, '17', 37717781)]",1.0,"[('17', 38131563, '17', 71294884), ('17', 71260473, '17', 37715431), ('17', 37709883, '17', 37717781)]",0.0,[],0.0,[],0.0,[],[],0,"{'17': {'ERBB2': {'type': ['oncogene', ' fusion'], 'loc': ('37844167', '37886679')}, 'IKZF3': {'type': ['oncogene', ' TSG', ' fusion'], 'loc': ('37921198', '38020441')}}}","['ERBB2', 'IKZF3']",0.0,1,2,0.5,high
CURTIS_H001684_T01_01_WG01,1,5,linear,712285,5,1,"[('17', 38081018, 37893992), ('17', 71309490, 71308908), ('17', 37893975, 37847964), ('17', 38321650, 38468427), ('17', 71087192, 70755300)]","[('17', 37893992, '17', 71309490), ('17', 71308908, '17', 37893975), ('17', 37847964, '17', 38321650), ('17', 38468427, '17', 71087192), ('17', 70755300, '17', 38081018)]",0.2,"[('17', 71308908, '17', 37893975)]",0.8,"[('17', 37893992, '17', 71309490), ('17', 37847964, '17', 38321650), ('17', 38468427, '17', 71087192), ('17', 70755300, '17', 38081018)]",0.125,"[('17', 37893992, '17', 71308916)]",0.0,[],[],0,"{'17': {'IKZF3': {'type': ['oncogene', ' TSG', ' fusion'], 'loc': ('37921198', '38020441')}}}",['IKZF3'],0.0,0,0,1.125,medium
CURTIS_H001684_T01_01_WG01,1,6,linear,747865,9,1,"[('17', 71300399, 71260473), ('17', 37715431, 37709883), ('17', 37717781, 37838230), ('17', 71382190, 71386271), ('17', 68219710, 68421257), ('17', 26544550, 26780387), ('17', 26783489, 26823600), ('17', 26839467, 26783489), ('17', 26780387, 26736000)]","[('17', 71260473, '17', 37715431), ('17', 37709883, '17', 37717781), ('17', 37838230, '17', 71382190), ('17', 71386271, '17', 68219710), ('17', 68421257, '17', 26544550), ('17', 26780387, '17', 26783489), ('17', 26823600, '17', 26839467), ('17', 26783489, '17', 26780387), ('17', 26736000, '17', 71300399)]",0.5555555555555556,"[('17', 71260473, '17', 37715431), ('17', 37709883, '17', 37717781), ('17', 37838230, '17', 71382190), ('17', 68421257, '17', 26544550), ('17', 26823600, '17', 26839467)]",0.4444444444444444,"[('17', 71386271, '17', 68219710), ('17', 26780387, '17', 26783489), ('17', 26783489, '17', 26780387), ('17', 26736000, '17', 71300399)]",0.0,[],0.0,[],[],0,{},[],0.0,0,2,0.5,high
CURTIS_H001684_T01_01_WG01,1,7,linear,889549,4,1,"[('17', 34033199, 33903384), ('17', 30423140, 30509151), ('17', 70740390, 71085282), ('17', 71084131, 70755300)]","[('17', 33903384, '17', 30423140), ('17', 30509151, '17', 70740390), ('17', 71085282, '17', 71084131), ('17', 70755300, '17', 34033199)]",0.0,[],1.0,"[('17', 33903384, '17', 30423140), ('17', 30509151, '17', 70740390), ('17', 70755300, '17', 34033199)]",0.0,[],0.0,[],[],1,{},[],0.0,0,0,1.5,medium
CURTIS_H001684_T01_01_WG01,1,8,linear,1113095,8,1,"[('17', 58195799, 57593300), ('17', 39448629, 39432162), ('17', 39421731, 39330220), ('17', 55877938, 55548362), ('17', 32674865, 32718290), ('17', 55163278, 55164605), ('17', 33743052, 33743322), ('17', 37864379, 37892399)]","[('17', 57593300, '17', 39448629), ('17', 39432162, '17', 39421731), ('17', 39330220, '17', 55877938), ('17', 55548362, '17', 32674865), ('17', 32718290, '17', 55163278), ('17', 55164605, '17', 33743052), ('17', 33743322, '17', 37864379), ('17', 37892399, '17', 58195799)]",0.5,"[('17', 55548362, '17', 32674865), ('17', 32718290, '17', 55163278), ('17', 55164605, '17', 33743052), ('17', 33743322, '17', 37864379)]",0.5,"[('17', 57593300, '17', 39448629), ('17', 39432162, '17', 39421731), ('17', 39330220, '17', 55877938), ('17', 37892399, '17', 58195799)]",0.0,[],0.0,[],[],0,"{'17': {'CLTC': {'type': ['TSG', ' fusion'], 'loc': ('57697219', '57773671')}}}",['CLTC'],0.0,0,2,0.5,high
CURTIS_H001684_T01_01_WG01,1,9,circular,1872124,8,1,"[('17', 37847964, 38468427), ('17', 71087192, 70740390), ('17', 30509151, 30423140), ('17', 33903384, 34023013), ('17', 34023013, 33903384), ('17', 30423140, 30509151), ('17', 70740390, 71087192), ('17', 38468427, 38321650)]","[('17', 38468427, '17', 71087192), ('17', 70740390, '17', 30509151), ('17', 30423140, '17', 33903384), ('17', 34023013, '17', 34023013), ('17', 33903384, '17', 30423140), ('17', 30509151, '17', 70740390), ('17', 71087192, '17', 38468427), ('17', 38321650, '17', 37847964)]",0.0,[],1.0,"[('17', 38468427, '17', 71087192), ('17', 70740390, '17', 30509151), ('17', 30423140, '17', 33903384), ('17', 33903384, '17', 30423140), ('17', 30509151, '17', 70740390), ('17', 71087192, '17', 38468427), ('17', 38321650, '17', 37847964)]",0.0,[],0.0,[],[],1,"{'17': {'IKZF3': {'type': ['oncogene', ' TSG', ' fusion'], 'loc': ('37921198', '38020441')}}}",['IKZF3'],0.0,1,0,1.5,medium
CURTIS_H001684_T01_01_WG01,1,10,circular,1226873,9,1,"[('17', 26544550, 26780387), ('17', 26783489, 26933668), ('17', 26932953, 26783489), ('17', 26780387, 26544550), ('17', 68421257, 68324734), ('17', 37864651, 37837226), ('17', 37841278, 37893975), ('17', 71308908, 71386271), ('17', 68219710, 68421257)]","[('17', 26780387, '17', 26783489), ('17', 26933668, '17', 26932953), ('17', 26783489, '17', 26780387), ('17', 26544550, '17', 68421257), ('17', 68324734, '17', 37864651), ('17', 37837226, '17', 37841278), ('17', 37893975, '17', 71308908), ('17', 71386271, '17', 68219710), ('17', 68421257, '17', 26544550)]",0.5,"[('17', 26544550, '17', 68421257), ('17', 68324734, '17', 37864651), ('17', 37893975, '17', 71308908), ('17', 68421257, '17', 26544550)]",0.5,"[('17', 26780387, '17', 26783489), ('17', 26783489, '17', 26780387), ('17', 37837226, '17', 37841278), ('17', 71386271, '17', 68219710)]",0.0,[],0.0,[],[],1,"{'17': {'ERBB2': {'type': ['oncogene', ' fusion'], 'loc': ('37844167', '37886679')}}}",['ERBB2'],0.0,1,2,0.5,high
CURTIS_H001684_T01_01_WG01,1,11,linear,1576219,1,1,"[('1', 151424399, 149848179)]","[('1', 149848179, '1', 151424399)]",0.0,[],1.0,"[('1', 149848179, '1', 151424399)]",0.0,[],0.0,[],[],0,"{'1': {'ARNT': {'type': ['oncogene', ' TSG', ' fusion'], 'loc': ('150782181', '150849244')}, 'MLLT11': {'type': ['fusion'], 'loc': ('151030234', '151040970')}, 'SETDB1': {'type': ['oncogene'], 'loc': ('150898739', '150937213')}}}","['ARNT', 'MLLT11', 'SETDB1']",0.0,0,0,1.5,medium
CURTIS_H001687_T01_01_WG01,1,1,circular,2518383,3,1,"[('17', 57871184, 59860669), ('17', 57505540, 57500214), ('17', 57346644, 57870215)]","[('17', 59860669, '17', 57505540), ('17', 57500214, '17', 57346644), ('17', 57870215, '17', 57871184)]",1.0,"[('17', 59860669, '17', 57505540), ('17', 57500214, '17', 57346644)]",0.0,[],0.0,[],0.0,[],[],1,"{'17': {'CLTC': {'type': ['TSG', ' fusion'], 'loc': ('57697219', '57773671')}, 'PPM1D': {'type': ['oncogene'], 'loc': ('58677544', '58741849')}}}","['CLTC', 'PPM1D']",1.0,1,2,0.875,high
CURTIS_H001687_T01_01_WG01,1,2,linear,570335,2,1,"[('11', 69715799, 69401404), ('11', 69400842, 69144900)]","[('11', 69401404, '11', 69400842), ('11', 69144900, '11', 69715799)]",0.0,[],1.0,"[('11', 69144900, '11', 69715799)]",0.0,[],0.0,[],[],1,"{'11': {'CCND1': {'type': ['oncogene', ' fusion'], 'loc': ('69455855', '69469242')}}}",['CCND1'],0.0,0,0,1.5,medium
CURTIS_H001687_T01_01_WG01,1,3,linear,1704026,3,2,"[('17', 36412199, 35759502), ('11', 71050151, 70532134), ('11', 70314515, 69781200)]","[('17', 35759502, '11', 71050151), ('11', 70532134, '11', 70314515), ('11', 69781200, '17', 36412199)]",0.3333333333333333,"[('11', 70532134, '11', 70314515)]",0.6666666666666666,"[('17', 35759502, '11', 71050151), ('11', 69781200, '17', 36412199)]",0.0,[],0.0,[],[],0,"{'11': {'FADD': {'type': [''], 'loc': ('70049269', '70053496')}}}",['FADD'],0.0,0,0,1.0,medium
CURTIS_H001687_T01_01_WG01,1,4,linear,1299197,1,1,"[('11', 69089699, 67790501)]","[('11', 67790501, '11', 69089699)]",0.0,[],1.0,"[('11', 67790501, '11', 69089699)]",0.0,[],0.0,[],[],0,{},[],0.0,0,0,1.5,medium
CURTIS_H001687_T01_01_WG01,1,5,circular,37552,4,2,"[('17', 76458250, 76471034), ('17', 78250717, 78260289), ('11', 70528815, 70523766), ('11', 70318174, 70328319)]","[('17', 76471034, '17', 78250717), ('17', 78260289, '11', 70528815), ('11', 70523766, '11', 70318174), ('11', 70328319, '17', 76458250)]",0.5,"[('17', 76471034, '17', 78250717), ('11', 70523766, '11', 70318174)]",0.5,"[('17', 78260289, '11', 70528815), ('11', 70328319, '17', 76458250)]",0.25,"[('17', 76458250, '11', 76458252)]",0.0,[],[],0,{},[],0.0,1,2,0.625,high
CURTIS_H001687_T01_01_WG01,1,6,circular,13426,2,1,"[('17', 76450716, 76457865), ('17', 78262022, 78255745)]","[('17', 76457865, '17', 78262022), ('17', 78255745, '17', 76450716)]",1.0,"[('17', 76457865, '17', 78262022), ('17', 78255745, '17', 76450716)]",0.0,[],0.0,[],0.0,[],[],0,{},[],0.0,1,2,0.5,high
CURTIS_H001687_T01_01_WG01,3,1,circular,7395,2,1,"[('8', 41801393, 41806901), ('8', 41803280, 41801393)]","[('8', 41806901, '8', 41803280), ('8', 41801393, '8', 41801393)]",1.0,"[('8', 41806901, '8', 41803280)]",0.0,[],0.0,[],0.0,[],[],1,{},[],0.0,1,2,0.5,high
CURTIS_H001687_T01_01_WG01,2,1,linear,88101,1,1,"[('17', 34903423, 34815321)]","[('17', 34815321, '17', 34903423)]",0.0,[],1.0,"[('17', 34815321, '17', 34903423)]",0.0,[],0.0,[],[],0,{},[],0.0,0,0,1.5,medium
CURTIS_H001688_T01_01_WG01,1,1,circular,848589,4,1,"[('17', 37858068, 38472088), ('17', 37869790, 37743155), ('17', 37253292, 37159215), ('17', 26587970, 26574111)]","[('17', 38472088, '17', 37869790), ('17', 37743155, '17', 37253292), ('17', 37159215, '17', 26587970), ('17', 26574111, '17', 37858068)]",1.0,"[('17', 38472088, '17', 37869790), ('17', 37743155, '17', 37253292), ('17', 37159215, '17', 26587970), ('17', 26574111, '17', 37858068)]",0.0,[],0.0,[],0.0,[],[],0,"{'17': {'IKZF3': {'type': ['oncogene', ' TSG', ' fusion'], 'loc': ('37921198', '38020441')}}}",['IKZF3'],0.0,1,2,0.5,high
CURTIS_H001688_T01_01_WG01,1,2,circular,450060,8,1,"[('17', 26220564, 26422154), ('17', 26424487, 26226653), ('17', 32579842, 32591385), ('17', 37084840, 37076334), ('17', 26653820, 26653283), ('17', 27872403, 27853587), ('17', 26194889, 26185098), ('17', 25615335, 25613888)]","[('17', 26422154, '17', 26424487), ('17', 26226653, '17', 32579842), ('17', 32591385, '17', 37084840), ('17', 37076334, '17', 26653820), ('17', 26653283, '17', 27872403), ('17', 27853587, '17', 26194889), ('17', 26185098, '17', 25615335), ('17', 25613888, '17', 26220564)]",1.0,"[('17', 26422154, '17', 26424487), ('17', 26226653, '17', 32579842), ('17', 32591385, '17', 37084840), ('17', 37076334, '17', 26653820), ('17', 26653283, '17', 27872403), ('17', 27853587, '17', 26194889), ('17', 26185098, '17', 25615335), ('17', 25613888, '17', 26220564)]",0.0,[],0.0,[],0.0,[],[],0,{},[],0.0,1,2,0.5,high
CURTIS_H001690_T01_01_WG01,1,1,linear,200757,1,1,"[('12', 63642345, 63441587)]","[('12', 63441587, '12', 63642345)]",0.0,[],1.0,"[('12', 63441587, '12', 63642345)]",0.0,[],0.0,[],[],0,{},[],0.0,0,0,1.5,medium
CURTIS_H001693_T01_01_WG01,2,1,linear,670,1,1,"[('7', 107411297, 107410626)]","[('7', 107410626, '7', 107411297)]",0.0,[],1.0,"[('7', 107410626, '7', 107411297)]",0.0,[],0.0,[],[],0,{},[],1.0,0,0,1.875,medium
CURTIS_H001693_T01_01_WG01,2,2,linear,670,1,1,"[('7', 107411297, 107410626)]","[('7', 107410626, '7', 107411297)]",0.0,[],1.0,"[('7', 107410626, '7', 107411297)]",0.0,[],0.0,[],[],0,{},[],1.0,0,0,1.875,medium
CURTIS_H001693_T01_01_WG01,2,3,linear,10671,1,1,"[('8', 125134621, 125123949)]","[('8', 125123949, '8', 125134621)]",0.0,[],1.0,"[('8', 125123949, '8', 125134621)]",0.0,[],0.0,[],[],0,{},[],0.0,0,0,1.5,medium
CURTIS_H001693_T01_01_WG01,2,4,linear,1060671,1,1,"[('8', 113738941, 112678269)]","[('8', 112678269, '8', 113738941)]",0.0,[],1.0,"[('8', 112678269, '8', 113738941)]",0.0,[],0.0,[],[],0,{},[],0.0,0,0,1.5,medium
CURTIS_H001693_T01_01_WG01,2,5,linear,740671,1,1,"[('8', 104378055, 103637383)]","[('8', 103637383, '8', 104378055)]",0.0,[],1.0,"[('8', 103637383, '8', 104378055)]",0.0,[],0.0,[],[],0,{},[],0.0,0,0,1.5,medium
CURTIS_H001693_T01_01_WG01,2,6,linear,10670,1,1,"[('8', 142416206, 142405535)]","[('8', 142405535, '8', 142416206)]",0.0,[],1.0,"[('8', 142405535, '8', 142416206)]",0.0,[],0.0,[],[],0,{},[],0.0,0,0,1.5,medium
CURTIS_H001693_T01_01_WG01,2,7,linear,2793083,1,1,"[('17', 65800540, 63007456)]","[('17', 63007456, '17', 65800540)]",0.0,[],1.0,"[('17', 63007456, '17', 65800540)]",0.0,[],0.0,[],[],0,"{'17': {'AXIN2': {'type': ['TSG'], 'loc': ('63524681', '63557765')}}}",['AXIN2'],1.0,0,0,1.875,medium
CURTIS_H001693_T01_01_WG01,2,8,linear,1647684,3,2,"[('8', 112678269, 113587992), ('8', 104368055, 103637383), ('17', 54224123, 54231411)]","[('8', 113587992, '17', 54224123), ('17', 54231411, '8', 104368055), ('8', 103637383, '8', 112678269)]",0.0,[],1.0,"[('8', 113587992, '17', 54224123), ('17', 54231411, '8', 104368055), ('8', 103637383, '8', 112678269)]",0.0,[],0.0,[],[],0,{},[],0.0,0,0,1.5,medium
CURTIS_H001695_T01_01_WG01,1,1,linear,1642492,6,2,"[('17', 37919400, 38196610), ('17', 34041349, 34041772), ('17', 33315478, 32874617), ('17', 32872982, 32617429), ('17', 28595863, 27940800), ('7', 69705940, 69719322)]","[('17', 38196610, '7', 69705940), ('7', 69719322, '17', 34041349), ('17', 34041772, '17', 33315478), ('17', 32874617, '17', 32872982), ('17', 32617429, '17', 28595863), ('17', 27940800, '17', 37919400)]",0.4,"[('17', 34041772, '17', 33315478), ('17', 32617429, '17', 28595863)]",0.6,"[('17', 38196610, '7', 69705940), ('7', 69719322, '17', 34041349), ('17', 27940800, '17', 37919400)]",0.0,[],0.0,[],[],1,"{'17': {'IKZF3': {'type': ['oncogene', ' TSG', ' fusion'], 'loc': ('37921198', '38020441')}}}",['IKZF3'],0.0,0,2,1.0,medium
CURTIS_H001695_T01_01_WG01,1,2,linear,1592148,1,1,"[('17', 27392399, 25800250)]","[('17', 25800250, '17', 27392399)]",0.0,[],1.0,"[('17', 25800250, '17', 27392399)]",0.0,[],0.0,[],[],0,{},[],0.0,0,0,1.5,medium
CURTIS_H001695_T01_01_WG01,1,3,circular,2857080,14,3,"[('17', 27485281, 28595863), ('17', 32617429, 32673347), ('17', 32673408, 32673413), ('17', 32673443, 32872982), ('17', 32874617, 33315478), ('17', 34041772, 34041349), ('17', 38196610, 37763393), ('17', 37763393, 38196610), ('17', 34041349, 34041772), ('17', 33315478, 33159712), ('10', 74767538, 74767723), ('10', 74767722, 74767546), ('7', 69719322, 69705940), ('7', 69705940, 69719322)]","[('17', 28595863, '17', 32617429), ('17', 32673347, '10', 74767538), ('10', 74767723, '17', 32673408), ('17', 32673413, '10', 74767722), ('10', 74767546, '17', 32673443), ('17', 32872982, '17', 32874617), ('17', 33315478, '17', 34041772), ('17', 34041349, '7', 69719322), ('7', 69705940, '17', 38196610), ('17', 37763393, '17', 37763393), ('17', 38196610, '7', 69705940), ('7', 69719322, '17', 34041349), ('17', 34041772, '17', 33315478), ('17', 33159712, '17', 27485281)]",0.3333333333333333,"[('17', 28595863, '17', 32617429), ('17', 33315478, '17', 34041772), ('17', 34041772, '17', 33315478), ('17', 33159712, '17', 27485281)]",0.6666666666666666,"[('17', 32673347, '10', 74767538), ('10', 74767723, '17', 32673408), ('17', 32673413, '10', 74767722), ('10', 74767546, '17', 32673443), ('17', 34041349, '7', 69719322), ('7', 69705940, '17', 38196610), ('17', 38196610, '7', 69705940), ('7', 69719322, '17', 34041349)]",0.0,[],0.0,[],[],2,"{'17': {'ERBB2': {'type': ['oncogene', ' fusion'], 'loc': ('37844167', '37886679')}, 'IKZF3': {'type': ['oncogene', ' TSG', ' fusion'], 'loc': ('37921198', '38020441')}}}","['ERBB2', 'ERBB2', 'IKZF3', 'IKZF3']",1.0,1,0,1.375,medium
CURTIS_H001697_T01_01_WG01,1,1,linear,184411,1,1,"[('17', 48017399, 47832987)]","[('17', 47832987, '17', 48017399)]",0.0,[],1.0,"[('17', 47832987, '17', 48017399)]",0.0,[],0.0,[],[],0,"{'17': {'KAT7': {'type': ['oncogene'], 'loc': ('47865917', '47906458')}}}",['KAT7'],0.0,0,0,1.5,medium
CURTIS_H001697_T01_01_WG01,1,2,linear,503083,3,2,"[('17', 48017399, 47778593), ('17', 37992089, 37818020), ('7', 17788590, 17878799)]","[('17', 47778593, '17', 37992089), ('17', 37818020, '7', 17788590), ('7', 17878799, '17', 48017399)]",0.3333333333333333,"[('17', 47778593, '17', 37992089)]",0.6666666666666666,"[('17', 37818020, '7', 17788590), ('7', 17878799, '17', 48017399)]",0.0,[],0.0,[],[],0,"{'17': {'ERBB2': {'type': ['oncogene', ' fusion'], 'loc': ('37844167', '37886679')}, 'KAT7': {'type': ['oncogene'], 'loc': ('47865917', '47906458')}}}","['ERBB2', 'KAT7']",0.0,0,0,1.0,medium
CURTIS_H001697_T01_01_WG01,1,3,linear,198993,2,1,"[('17', 47904599, 47778593), ('17', 37992089, 37919100)]","[('17', 47778593, '17', 37992089), ('17', 37919100, '17', 47904599)]",0.5,"[('17', 47778593, '17', 37992089)]",0.5,"[('17', 37919100, '17', 47904599)]",0.0,[],0.0,[],[],0,{},[],0.0,0,2,0.5,high
CURTIS_H001697_T01_01_WG01,1,4,linear,1102439,3,2,"[('7', 17796300, 18358677), ('17', 47216179, 47037785), ('17', 47037169, 46675500)]","[('7', 18358677, '17', 47216179), ('17', 47037785, '17', 47037169), ('17', 46675500, '7', 17796300)]",0.0,[],1.0,"[('7', 18358677, '17', 47216179), ('17', 46675500, '7', 17796300)]",0.0,[],0.0,[],[],1,{},[],0.0,0,0,1.5,medium
CURTIS_H001698_T01_01_WG01,1,1,circular,520595,4,1,"[('20', 60633979, 60888491), ('20', 60910094, 61038456), ('20', 54143599, 54137822), ('20', 60500786, 60632728)]","[('20', 60888491, '20', 60910094), ('20', 61038456, '20', 54143599), ('20', 54137822, '20', 60500786), ('20', 60632728, '20', 60633979)]",1.0,"[('20', 60888491, '20', 60910094), ('20', 61038456, '20', 54143599), ('20', 54137822, '20', 60500786)]",0.0,[],0.0,[],0.0,[],[],1,"{'20': {'SS18L1': {'type': ['fusion'], 'loc': ('60718822', '60757540')}}}",['SS18L1'],0.0,1,2,0.5,high
CURTIS_H001698_T01_01_WG01,1,2,linear,86,1,1,"[('20', 52175470, 52175383)]","[('20', 52175383, '20', 52175470)]",0.0,[],1.0,"[('20', 52175383, '20', 52175470)]",0.0,[],0.0,[],[],0,{},[],1.0,0,0,1.875,medium
CURTIS_H001698_T01_01_WG01,1,3,linear,3511150,9,2,"[('17', 58995899, 57871185), ('17', 57870215, 57445034), ('17', 53162137, 53261682), ('17', 53394004, 53261528), ('17', 60085396, 60084735), ('17', 60085330, 60945715), ('17', 67349060, 67520217), ('20', 53787678, 53614970), ('20', 53187826, 52663500)]","[('17', 57871185, '17', 57870215), ('17', 57445034, '17', 53162137), ('17', 53261682, '17', 53394004), ('17', 53261528, '17', 60085396), ('17', 60084735, '17', 60085330), ('17', 60945715, '17', 67349060), ('17', 67520217, '20', 53787678), ('20', 53614970, '20', 53187826), ('20', 52663500, '17', 58995899)]",0.7142857142857143,"[('17', 57445034, '17', 53162137), ('17', 53261682, '17', 53394004), ('17', 53261528, '17', 60085396), ('17', 60945715, '17', 67349060), ('20', 53614970, '20', 53187826)]",0.2857142857142857,"[('17', 67520217, '20', 53787678), ('20', 52663500, '17', 58995899)]",0.25,"[('20', 53787678, '17', 53787681)]",0.0,[],[],2,"{'17': {'CLTC': {'type': ['TSG', ' fusion'], 'loc': ('57697219', '57773671')}, 'PPM1D': {'type': ['oncogene'], 'loc': ('58677544', '58741849')}}}","['CLTC', 'PPM1D']",1.0,0,2,1.0,medium
CURTIS_H001698_T01_01_WG01,1,4,linear,2192692,4,2,"[('20', 60942600, 60985034), ('20', 53438470, 52100385), ('20', 47723604, 47142314), ('17', 45423971, 45193086)]","[('20', 60985034, '20', 53438470), ('20', 52100385, '17', 45423971), ('17', 45193086, '20', 47723604), ('20', 47142314, '20', 60942600)]",0.25,"[('20', 60985034, '20', 53438470)]",0.75,"[('20', 52100385, '17', 45423971), ('17', 45193086, '20', 47723604), ('20', 47142314, '20', 60942600)]",0.1666666666666666,"[('20', 47723604, '17', 47723606)]",0.0,[],[],0,{},[],0.0,0,0,1.125,medium
CURTIS_H001698_T01_01_WG01,1,5,circular,2187181,10,2,"[('17', 65090553, 65510218), ('17', 66761676, 67173851), ('17', 61540636, 61545436), ('17', 45670811, 45431129), ('17', 45823561, 45906018), ('20', 57579908, 57281424), ('20', 39961712, 40002131), ('20', 59289770, 59481872), ('20', 60842923, 60633979), ('20', 60632728, 60344277)]","[('17', 65510218, '17', 66761676), ('17', 67173851, '17', 61540636), ('17', 61545436, '20', 57579908), ('20', 57281424, '17', 45670811), ('17', 45431129, '17', 45823561), ('17', 45906018, '20', 39961712), ('20', 40002131, '20', 59289770), ('20', 59481872, '20', 60842923), ('20', 60633979, '20', 60632728), ('20', 60344277, '17', 65090553)]",0.5555555555555556,"[('17', 65510218, '17', 66761676), ('17', 67173851, '17', 61540636), ('17', 45431129, '17', 45823561), ('20', 40002131, '20', 59289770), ('20', 59481872, '20', 60842923)]",0.4444444444444444,"[('17', 61545436, '20', 57579908), ('20', 57281424, '17', 45670811), ('17', 45906018, '20', 39961712), ('20', 60344277, '17', 65090553)]",0.125,"[('20', 60344277, '17', 60344279)]",1.0,"[('17', 45670811)]",['Low_Mappability'],1,"{'20': {'GNAS': {'type': ['oncogene'], 'loc': ('57414773', '57486247')}, 'SS18L1': {'type': ['fusion'], 'loc': ('60718822', '60757540')}}}","['GNAS', 'SS18L1']",0.0,1,1,1.1875,medium
CURTIS_H001698_T01_01_WG01,1,6,linear,61498,1,1,"[('20', 61211399, 61149900)]","[('20', 61149900, '20', 61211399)]",0.0,[],1.0,"[('20', 61149900, '20', 61211399)]",0.0,[],0.0,[],[],0,{},[],0.0,0,0,1.5,medium
CURTIS_H001698_T01_01_WG01,2,1,linear,355255,2,1,"[('11', 69080999, 68836569), ('11', 69891427, 69780600)]","[('11', 68836569, '11', 69891427), ('11', 69780600, '11', 69080999)]",0.0,[],1.0,"[('11', 68836569, '11', 69891427), ('11', 69780600, '11', 69080999)]",0.0,[],0.0,[],[],0,{},[],0.0,0,0,1.5,medium
CURTIS_H001698_T01_01_WG01,2,2,linear,574535,2,1,"[('11', 69719399, 69401404), ('11', 69400842, 69144300)]","[('11', 69401404, '11', 69400842), ('11', 69144300, '11', 69719399)]",0.0,[],1.0,"[('11', 69144300, '11', 69719399)]",0.0,[],0.0,[],[],1,"{'11': {'CCND1': {'type': ['oncogene', ' fusion'], 'loc': ('69455855', '69469242')}}}",['CCND1'],0.0,0,0,1.5,medium
CURTIS_H001699_T01_01_WG01,2,1,linear,569098,1,1,"[('11', 69713099, 69144000)]","[('11', 69144000, '11', 69713099)]",0.0,[],1.0,"[('11', 69144000, '11', 69713099)]",0.0,[],0.0,[],[],0,"{'11': {'CCND1': {'type': ['oncogene', ' fusion'], 'loc': ('69455855', '69469242')}}}",['CCND1'],0.0,0,0,1.5,medium
CURTIS_H001699_T01_01_WG01,2,2,linear,362686,2,1,"[('11', 69080699, 68842893), ('11', 69905482, 69780600)]","[('11', 68842893, '11', 69905482), ('11', 69780600, '11', 69080699)]",0.5,"[('11', 68842893, '11', 69905482)]",0.5,"[('11', 69780600, '11', 69080699)]",0.0,[],0.0,[],[],0,{},[],0.0,0,2,0.5,high
CURTIS_H001700_T01_01_WG01,2,1,linear,730641,1,1,"[('6', 124501718, 123771076)]","[('6', 123771076, '6', 124501718)]",0.0,[],1.0,"[('6', 123771076, '6', 124501718)]",0.0,[],0.0,[],[],0,{},[],0.0,0,0,1.5,medium
CURTIS_H001700_T01_01_WG01,1,1,circular,2890,1,1,"[('17', 27812529, 27815418)]","[('17', 27815418, '17', 27812529)]",0.0,[],1.0,"[('17', 27815418, '17', 27812529)]",0.0,[],0.0,[],[],0,{},[],0.0,1,0,1.5,medium
CURTIS_H001701_T01_01_WG01,1,1,linear,1963357,2,1,"[('11', 69080699, 67361651), ('11', 67157211, 66912900)]","[('11', 67361651, '11', 67157211), ('11', 66912900, '11', 69080699)]",0.5,"[('11', 67361651, '11', 67157211)]",0.5,"[('11', 66912900, '11', 69080699)]",0.0,[],0.0,[],[],0,{},[],0.0,0,2,0.5,high
CURTIS_H001701_T01_01_WG01,1,2,linear,5065219,6,3,"[('11', 97567427, 97350545), ('11', 69542953, 69401404), ('11', 69400842, 69143700), ('8', 118408915, 115080676), ('8', 115079314, 113958712), ('X', 141237851, 141238660)]","[('11', 97350545, '8', 118408915), ('8', 115080676, '8', 115079314), ('8', 113958712, 'X', 141237851), ('X', 141238660, '11', 69542953), ('11', 69401404, '11', 69400842), ('11', 69143700, '11', 97567427)]",0.0,[],1.0,"[('11', 97350545, '8', 118408915), ('8', 113958712, 'X', 141237851), ('X', 141238660, '11', 69542953), ('11', 69143700, '11', 97567427)]",0.0,[],0.0,[],[],2,"{'11': {'CCND1': {'type': ['oncogene', ' fusion'], 'loc': ('69455855', '69469242')}}, '8': {'RAD21': {'type': ['oncogene', ' TSG'], 'loc': ('117858174', '117887105')}}}","['CCND1', 'RAD21']",1.0,0,0,1.875,medium
CURTIS_H001701_T01_01_WG01,1,3,linear,1079060,5,2,"[('11', 76779000, 77299796), ('11', 82440306, 82441272), ('11', 103817093, 103894389), ('11', 99762437, 99747080), ('16', 51077723, 50613079)]","[('11', 77299796, '11', 82440306), ('11', 82441272, '11', 103817093), ('11', 103894389, '11', 99762437), ('11', 99747080, '16', 51077723), ('16', 50613079, '11', 76779000)]",0.6,"[('11', 77299796, '11', 82440306), ('11', 82441272, '11', 103817093), ('11', 103894389, '11', 99762437)]",0.4,"[('11', 99747080, '16', 51077723), ('16', 50613079, '11', 76779000)]",0.0,[],0.0,[],[],0,"{'16': {'CYLD': {'type': ['TSG'], 'loc': ('50775961', '50835846')}}}",['CYLD'],0.0,0,2,0.5,high
CURTIS_H001703_T01_01_WG01,1,1,linear,126876,1,1,"[('14', 107289540, 107162663)]","[('14', 107162663, '14', 107289540)]",0.0,[],1.0,"[('14', 107162663, '14', 107289540)]",0.0,[],1.0,"[('14', 107162663)]",['High_Signal_Region'],0,{},[],0.0,0,1,2.0625,low
CURTIS_H001710_T01_01_WG01,1,1,circular,1664401,2,1,"[('8', 41344772, 42178485), ('8', 42179685, 41348997)]","[('8', 42178485, '8', 42179685), ('8', 41348997, '8', 41344772)]",1.0,"[('8', 41348997, '8', 41344772)]",0.0,[],0.0,[],0.0,[],[],1,"{'8': {'ANK1': {'type': [''], 'loc': ('41510739', '41754280')}, 'KAT6A': {'type': ['oncogene', ' fusion'], 'loc': ('41786997', '41909508')}}}","['ANK1', 'ANK1', 'KAT6A', 'KAT6A']",0.0,1,2,0.5,high
CURTIS_H001713_T01_01_WG01,1,1,linear,1545730,2,1,"[('11', 71336682, 69984487), ('11', 69982554, 69789017)]","[('11', 69984487, '11', 69982554), ('11', 69789017, '11', 71336682)]",0.0,[],1.0,"[('11', 69789017, '11', 71336682)]",0.0,[],0.0,[],[],1,"{'11': {'FADD': {'type': [''], 'loc': ('70049269', '70053496')}}}",['FADD'],0.0,0,0,1.5,medium
CURTIS_H001715_T01_01_WG01,1,1,linear,12298,1,1,"[('5', 21494699, 21482400)]","[('5', 21482400, '5', 21494699)]",0.0,[],1.0,"[('5', 21482400, '5', 21494699)]",0.0,[],1.0,"[('5', 21482400), ('5', 21494699)]","['High_Signal_Region', 'High_Signal_Region']",0,{},[],0.0,0,1,2.0625,low
CURTIS_H001715_T01_01_WG01,1,2,linear,21898,1,1,"[('5', 17602799, 17580900)]","[('5', 17580900, '5', 17602799)]",0.0,[],1.0,"[('5', 17580900, '5', 17602799)]",0.0,[],1.0,"[('5', 17580900)]",['High_Signal_Region'],0,{},[],0.0,0,1,2.0625,low
CURTIS_H001715_T01_01_WG01,1,3,linear,30674,1,1,"[('6', 46090658, 46059983)]","[('6', 46059983, '6', 46090658)]",0.0,[],1.0,"[('6', 46059983, '6', 46090658)]",0.0,[],0.0,[],[],0,{},[],0.0,0,0,1.5,medium
CURTIS_H001715_T01_01_WG01,1,4,linear,10674,1,1,"[('6', 46342489, 46331814)]","[('6', 46331814, '6', 46342489)]",0.0,[],1.0,"[('6', 46331814, '6', 46342489)]",0.0,[],0.0,[],[],0,{},[],0.0,0,0,1.5,medium
CURTIS_H001715_T01_01_WG01,1,5,linear,200673,1,1,"[('8', 42015996, 41815322)]","[('8', 41815322, '8', 42015996)]",0.0,[],1.0,"[('8', 41815322, '8', 42015996)]",0.0,[],0.0,[],[],0,{},[],0.0,0,0,1.5,medium
CURTIS_H001716_T01_01_WG01,2,1,linear,2862901,4,1,"[('8', 129471885, 129471266), ('8', 129465167, 127194571), ('8', 127192204, 126601134), ('8', 126595128, 126594508)]","[('8', 129471266, '8', 129465167), ('8', 127194571, '8', 127192204), ('8', 126601134, '8', 126595128), ('8', 126594508, '8', 129471885)]",0.0,[],1.0,"[('8', 129471266, '8', 129465167), ('8', 127194571, '8', 127192204), ('8', 126601134, '8', 126595128), ('8', 126594508, '8', 129471885)]",0.0,[],0.0,[],[],0,"{'8': {'MYC': {'type': ['oncogene', ' fusion'], 'loc': ('128747680', '128753674')}}}",['MYC'],1.0,0,0,1.875,medium
CURTIS_H001717_T01_01_WG01,1,1,linear,640630,1,1,"[('20', 56335929, 55695298)]","[('20', 55695298, '20', 56335929)]",0.0,[],1.0,"[('20', 55695298, '20', 56335929)]",0.0,[],0.0,[],[],0,{},[],0.0,0,0,1.5,medium
CURTIS_H001718_T01_01_WG01,1,1,linear,577798,1,1,"[('11', 69717599, 69139800)]","[('11', 69139800, '11', 69717599)]",0.0,[],1.0,"[('11', 69139800, '11', 69717599)]",0.0,[],0.0,[],[],0,"{'11': {'CCND1': {'type': ['oncogene', ' fusion'], 'loc': ('69455855', '69469242')}}}",['CCND1'],0.0,0,0,1.5,medium
CURTIS_H001719_T01_01_WG01,1,1,linear,40660,1,1,"[('17', 63344868, 63304207)]","[('17', 63304207, '17', 63344868)]",0.0,[],1.0,"[('17', 63304207, '17', 63344868)]",0.0,[],0.0,[],[],0,{},[],0.0,0,0,1.5,medium
CURTIS_H001719_T01_01_WG01,1,2,linear,200660,1,1,"[('17', 30794025, 30593364)]","[('17', 30593364, '17', 30794025)]",0.0,[],1.0,"[('17', 30593364, '17', 30794025)]",0.0,[],0.0,[],[],0,{},[],0.0,0,0,1.5,medium
CURTIS_H001720_T01_01_WG01,1,1,linear,806847,3,2,"[('21', 18569399, 18348501), ('21', 42232057, 42015600), ('17', 37620218, 37989711)]","[('21', 18348501, '17', 37620218), ('17', 37989711, '21', 42232057), ('21', 42015600, '21', 18569399)]",0.0,[],1.0,"[('21', 18348501, '17', 37620218), ('17', 37989711, '21', 42232057), ('21', 42015600, '21', 18569399)]",0.0,[],0.0,[],[],0,"{'17': {'ERBB2': {'type': ['oncogene', ' fusion'], 'loc': ('37844167', '37886679')}}}",['ERBB2'],0.0,0,0,1.5,medium
CURTIS_H001727_T01_01_WG01,1,1,circular,911805,2,1,"[('17', 57871191, 58615813), ('17', 57702963, 57870144)]","[('17', 58615813, '17', 57702963), ('17', 57870144, '17', 57871191)]",1.0,"[('17', 58615813, '17', 57702963)]",0.0,[],0.0,[],0.0,[],[],1,{},[],0.0,1,2,0.5,high
CURTIS_H001727_T01_01_WG01,1,2,circular,863248,4,1,"[('1', 159649657, 160214759), ('1', 157273424, 157221778), ('1', 157245787, 157336977), ('1', 159493399, 159648707)]","[('1', 160214759, '1', 157273424), ('1', 157221778, '1', 157245787), ('1', 157336977, '1', 159493399), ('1', 159648707, '1', 159649657)]",1.0,"[('1', 160214759, '1', 157273424), ('1', 157221778, '1', 157245787), ('1', 157336977, '1', 159493399)]",0.0,[],0.0,[],0.0,[],[],1,{},[],0.0,1,2,0.5,high
CURTIS_H001727_T01_01_WG01,1,3,linear,1265603,2,1,"[('17', 58784300, 57871191), ('17', 57870144, 57517648)]","[('17', 57871191, '17', 57870144), ('17', 57517648, '17', 58784300)]",0.0,[],1.0,"[('17', 57517648, '17', 58784300)]",0.0,[],0.0,[],[],1,"{'17': {'CLTC': {'type': ['TSG', ' fusion'], 'loc': ('57697219', '57773671')}, 'PPM1D': {'type': ['oncogene'], 'loc': ('58677544', '58741849')}}}","['CLTC', 'PPM1D']",0.0,0,0,1.5,medium
CURTIS_H001728_T01_01_WG01,5,1,circular,20137,2,1,"[('15', 99421004, 99440251), ('15', 100279680, 100280568)]","[('15', 99440251, '15', 100279680), ('15', 100280568, '15', 99421004)]",1.0,"[('15', 99440251, '15', 100279680), ('15', 100280568, '15', 99421004)]",0.0,[],0.0,[],0.0,[],[],0,{},[],0.0,1,2,0.5,high
CURTIS_H001728_T01_01_WG01,5,2,linear,360091,1,1,"[('15', 102531392, 102171300)]","[('15', 102171300, '15', 102531392)]",0.0,[],1.0,"[('15', 102171300, '15', 102531392)]",0.0,[],1.0,"[('15', 102531392)]",['High_Signal_Region'],0,{},[],0.0,0,1,2.0625,low
CURTIS_H001728_T01_01_WG01,5,3,circular,1077384,2,1,"[('15', 100275625, 101020714), ('15', 99134673, 99466966)]","[('15', 101020714, '15', 99134673), ('15', 99466966, '15', 100275625)]",1.0,"[('15', 101020714, '15', 99134673), ('15', 99466966, '15', 100275625)]",0.0,[],0.0,[],0.0,[],[],0,{},[],0.0,1,2,0.5,high
CURTIS_H001728_T01_01_WG01,5,4,circular,1359232,3,1,"[('15', 101015904, 102082453), ('15', 99420722, 99134673), ('15', 101020714, 101014079)]","[('15', 102082453, '15', 99420722), ('15', 99134673, '15', 101020714), ('15', 101014079, '15', 101015904)]",1.0,"[('15', 102082453, '15', 99420722), ('15', 99134673, '15', 101020714)]",0.0,[],0.0,[],0.0,[],[],1,{},[],0.0,1,2,0.5,high
CURTIS_H001728_T01_01_WG01,5,5,circular,858483,2,1,"[('15', 99575608, 100280568), ('15', 99421004, 99574525)]","[('15', 100280568, '15', 99421004), ('15', 99574525, '15', 99575608)]",1.0,"[('15', 100280568, '15', 99421004)]",0.0,[],0.0,[],0.0,[],[],1,{},[],0.0,1,2,0.5,high
CURTIS_H001728_T01_01_WG01,5,6,circular,791860,5,1,"[('15', 102082714, 102397070), ('15', 99567985, 99431145), ('15', 102085674, 102082714), ('15', 101281480, 101458338), ('15', 101442327, 101281480)]","[('15', 102397070, '15', 99567985), ('15', 99431145, '15', 102085674), ('15', 102082714, '15', 101281480), ('15', 101458338, '15', 101442327), ('15', 101281480, '15', 102082714)]",0.6,"[('15', 102397070, '15', 99567985), ('15', 102082714, '15', 101281480), ('15', 101281480, '15', 102082714)]",0.4,"[('15', 99431145, '15', 102085674), ('15', 101458338, '15', 101442327)]",0.25,"[('15', 102085674, '15', 100276695), ('15', 102085674, '15', 99430964)]",0.0,[],[],0,{},[],0.0,1,2,0.625,high
CURTIS_H001730_T01_01_WG01,1,1,linear,38588,2,1,"[('19', 53453058, 53424206), ('19', 53422213, 53412475)]","[('19', 53424206, '19', 53422213), ('19', 53412475, '19', 53453058)]",0.0,[],1.0,"[('19', 53412475, '19', 53453058)]",0.0,[],0.0,[],[],1,{},[],0.0,0,0,1.5,medium
CURTIS_H001730_T01_01_WG01,1,2,linear,20582,1,1,"[('19', 53324252, 53303669)]","[('19', 53303669, '19', 53324252)]",0.0,[],1.0,"[('19', 53303669, '19', 53324252)]",0.0,[],0.0,[],[],0,{},[],0.0,0,0,1.5,medium
CURTIS_H001730_T01_01_WG01,1,3,linear,10583,1,1,"[('19', 53401408, 53390824)]","[('19', 53390824, '19', 53401408)]",0.0,[],1.0,"[('19', 53390824, '19', 53401408)]",0.0,[],0.0,[],[],0,{},[],0.0,0,0,1.5,medium
CURTIS_H001730_T01_01_WG01,1,4,linear,567337,2,1,"[('11', 69717599, 69401402), ('11', 69400842, 69149700)]","[('11', 69401402, '11', 69400842), ('11', 69149700, '11', 69717599)]",0.0,[],1.0,"[('11', 69149700, '11', 69717599)]",0.0,[],0.0,[],[],1,"{'11': {'CCND1': {'type': ['oncogene', ' fusion'], 'loc': ('69455855', '69469242')}}}",['CCND1'],0.0,0,0,1.5,medium
CURTIS_H001730_T01_01_WG01,1,5,linear,20582,1,1,"[('20', 54035279, 54014696)]","[('20', 54014696, '20', 54035279)]",0.0,[],1.0,"[('20', 54014696, '20', 54035279)]",0.0,[],0.0,[],[],0,{},[],0.0,0,0,1.5,medium
CURTIS_H001730_T01_01_WG01,1,6,linear,210583,1,1,"[('8', 110761764, 110551180)]","[('8', 110551180, '8', 110761764)]",0.0,[],1.0,"[('8', 110551180, '8', 110761764)]",0.0,[],0.0,[],[],0,{},[],0.0,0,0,1.5,medium
CURTIS_H001731_T01_01_WG01,1,1,linear,567632,2,1,"[('11', 69717599, 69401407), ('11', 69400842, 69149400)]","[('11', 69401407, '11', 69400842), ('11', 69149400, '11', 69717599)]",0.0,[],1.0,"[('11', 69149400, '11', 69717599)]",0.0,[],0.0,[],[],1,"{'11': {'CCND1': {'type': ['oncogene', ' fusion'], 'loc': ('69455855', '69469242')}}}",['CCND1'],0.0,0,0,1.5,medium
CURTIS_H001743_T01_01_WG01,1,1,linear,577237,2,1,"[('11', 69717599, 69401403), ('11', 69400843, 69139800)]","[('11', 69401403, '11', 69400843), ('11', 69139800, '11', 69717599)]",0.0,[],1.0,"[('11', 69139800, '11', 69717599)]",0.0,[],0.0,[],[],1,"{'11': {'CCND1': {'type': ['oncogene', ' fusion'], 'loc': ('69455855', '69469242')}}}",['CCND1'],0.0,0,0,1.5,medium
CURTIS_H001743_T01_01_WG01,1,2,linear,1003791,4,1,"[('11', 69089699, 68985840), ('11', 73487304, 73316761), ('11', 70515221, 69984486), ('11', 69982558, 69783900)]","[('11', 68985840, '11', 73487304), ('11', 73316761, '11', 70515221), ('11', 69984486, '11', 69982558), ('11', 69783900, '11', 69089699)]",0.6666666666666666,"[('11', 68985840, '11', 73487304), ('11', 73316761, '11', 70515221)]",0.3333333333333333,"[('11', 69783900, '11', 69089699)]",0.0,[],0.0,[],[],1,"{'11': {'FADD': {'type': [''], 'loc': ('70049269', '70053496')}}}",['FADD'],0.0,0,2,0.5,high
CURTIS_H001743_T01_01_WG01,1,3,linear,2625814,1,1,"[('11', 69089699, 66463884)]","[('11', 66463884, '11', 69089699)]",0.0,[],1.0,"[('11', 66463884, '11', 69089699)]",0.0,[],0.0,[],[],0,{},[],1.0,0,0,1.875,medium
CURTIS_H001744_T01_01_WG01,1,1,linear,562798,1,1,"[('11', 69710699, 69147900)]","[('11', 69147900, '11', 69710699)]",0.0,[],1.0,"[('11', 69147900, '11', 69710699)]",0.0,[],0.0,[],[],0,"{'11': {'CCND1': {'type': ['oncogene', ' fusion'], 'loc': ('69455855', '69469242')}}}",['CCND1'],0.0,0,0,1.5,medium
CURTIS_H001744_T01_01_WG01,1,2,linear,274652,2,1,"[('11', 69085199, 68921255), ('11', 68974491, 69085199)]","[('11', 68921255, '11', 68974491), ('11', 69085199, '11', 69085199)]",1.0,"[('11', 68921255, '11', 68974491)]",0.0,[],0.0,[],0.0,[],[],1,{},[],0.0,0,2,0.5,high
CURTIS_H001744_T01_01_WG01,1,3,circular,7269,1,1,"[('17', 39532069, 39539337)]","[('17', 39539337, '17', 39532069)]",0.0,[],1.0,"[('17', 39539337, '17', 39532069)]",0.0,[],0.0,[],[],0,{},[],0.0,1,0,1.5,medium
CURTIS_H001746_T01_01_WG01,2,1,linear,140398,1,1,"[('17', 36414299, 36273900)]","[('17', 36273900, '17', 36414299)]",0.0,[],1.0,"[('17', 36273900, '17', 36414299)]",0.0,[],1.0,"[('17', 36273900)]",['High_Signal_Region'],0,{},[],0.0,0,1,2.0625,low
CURTIS_H001746_T01_01_WG01,3,1,linear,20888,2,1,"[('16', 47219058, 47219232), ('16', 47714988, 47694274)]","[('16', 47219232, '16', 47714988), ('16', 47694274, '16', 47219058)]",0.0,[],1.0,"[('16', 47219232, '16', 47714988), ('16', 47694274, '16', 47219058)]",0.0,[],0.0,[],[],0,{},[],0.0,0,0,1.5,medium
CURTIS_H001752_T01_01_WG01,3,1,linear,1361548,3,1,"[('7', 74222261, 73831381), ('7', 73828492, 73550966), ('7', 73549765, 72856620)]","[('7', 73831381, '7', 73828492), ('7', 73550966, '7', 73549765), ('7', 72856620, '7', 74222261)]",0.0,[],1.0,"[('7', 73831381, '7', 73828492), ('7', 72856620, '7', 74222261)]",0.0,[],0.0,[],[],1,"{'7': {'ELN': {'type': ['fusion'], 'loc': ('73442119', '73484237')}}}",['ELN'],0.0,0,0,1.5,medium
CURTIS_H002039_T01_01_WG01,1,1,circular,684,2,2,"[('22', 32927892, 32928559), ('6', 24683987, 24684002)]","[('22', 32928559, '6', 24683987), ('6', 24684002, '22', 32927892)]",0.0,[],1.0,"[('22', 32928559, '6', 24683987), ('6', 24684002, '22', 32927892)]",0.0,[],0.0,[],[],0,{},[],1.0,1,0,1.875,medium
CURTIS_H002048_T01_01_WG01,1,1,linear,548974,1,1,"[('17', 21439176, 20890201)]","[('17', 20890201, '17', 21439176)]",0.0,[],1.0,"[('17', 20890201, '17', 21439176)]",0.0,[],0.0,[],[],0,{},[],0.0,0,0,1.5,medium
CURTIS_H002048_T01_01_WG01,3,1,linear,948901,1,1,"[('17', 20136587, 19187685)]","[('17', 19187685, '17', 20136587)]",0.0,[],1.0,"[('17', 19187685, '17', 20136587)]",0.0,[],0.0,[],[],0,{},[],0.0,0,0,1.5,medium
CURTIS_H002049_T01_01_WG01,1,1,linear,49798,1,1,"[('17', 36395999, 36346200)]","[('17', 36346200, '17', 36395999)]",0.0,[],1.0,"[('17', 36346200, '17', 36395999)]",0.0,[],1.0,"[('17', 36346200), ('17', 36395999)]","['High_Signal_Region', 'High_Signal_Region']",0,{},[],0.0,0,1,2.0625,low
CURTIS_H002055_T01_01_WG01,1,1,circular,1352,2,2,"[('8', 52730142, 52731481), ('11', 38812657, 38812668)]","[('8', 52731481, '11', 38812657), ('11', 38812668, '8', 52730142)]",0.0,[],1.0,"[('8', 52731481, '11', 38812657), ('11', 38812668, '8', 52730142)]",0.0,[],1.0,"[('8', 52731481), ('8', 52730142)]","['High_Signal_Region', 'High_Signal_Region']",0,{},[],0.0,1,1,2.0625,low
CURTIS_H002063_T01_01_WG01,1,1,circular,116770,1,1,"[('10', 123080890, 123197659)]","[('10', 123197659, '10', 123080890)]",1.0,"[('10', 123197659, '10', 123080890)]",0.0,[],0.0,[],0.0,[],[],0,{},[],0.0,1,2,0.5,high
CURTIS_H002079_T01_01_WG01,2,1,circular,2563414,1,1,"[('5', 12807939, 15371352)]","[('5', 15371352, '5', 12807939)]",1.0,"[('5', 15371352, '5', 12807939)]",0.0,[],0.0,[],0.0,[],[],0,{},[],1.0,1,2,0.875,high
CURTIS_H002079_T01_01_WG01,2,2,circular,32798,4,1,"[('5', 24088833, 24102549), ('5', 24100261, 24088833), ('5', 13135475, 13138702), ('5', 13139902, 13135475)]","[('5', 24102549, '5', 24100261), ('5', 24088833, '5', 13135475), ('5', 13138702, '5', 13139902), ('5', 13135475, '5', 24088833)]",1.0,"[('5', 24102549, '5', 24100261), ('5', 24088833, '5', 13135475), ('5', 13135475, '5', 24088833)]",0.0,[],0.0,[],0.0,[],[],1,{},[],0.0,1,2,0.5,high
CURTIS_H002079_T01_01_WG01,2,3,linear,2003098,1,1,"[('5', 15150899, 13147800)]","[('5', 13147800, '5', 15150899)]",0.0,[],1.0,"[('5', 13147800, '5', 15150899)]",0.0,[],0.0,[],[],0,{},[],0.0,0,0,1.5,medium
CURTIS_H002079_T01_01_WG01,2,4,linear,1066582,3,2,"[('20', 14175899, 13915066), ('20', 13915042, 13109400), ('5', 132961817, 132961707)]","[('20', 13915066, '5', 132961817), ('5', 132961707, '20', 13915042), ('20', 13109400, '20', 14175899)]",0.0,[],1.0,"[('20', 13915066, '5', 132961817), ('5', 132961707, '20', 13915042), ('20', 13109400, '20', 14175899)]",0.0,[],0.0,[],[],0,{},[],0.0,0,0,1.5,medium
CURTIS_H002079_T01_01_WG01,2,5,circular,165,2,2,"[('7', 3226297, 3226453), ('20', 13704160, 13704151)]","[('7', 3226453, '20', 13704160), ('20', 13704151, '7', 3226297)]",0.0,[],1.0,"[('7', 3226453, '20', 13704160), ('20', 13704151, '7', 3226297)]",0.0,[],0.0,[],[],0,{},[],1.0,1,0,1.875,medium
CURTIS_H002079_T01_01_WG01,2,6,linear,1777109,5,2,"[('20', 14175899, 13915066), ('20', 13915042, 12717614), ('5', 132961817, 132961707), ('5', 11955240, 11947083), ('5', 11955215, 12265799)]","[('20', 13915066, '5', 132961817), ('5', 132961707, '20', 13915042), ('20', 12717614, '5', 11955240), ('5', 11947083, '5', 11955215), ('5', 12265799, '20', 14175899)]",0.2,"[('5', 11947083, '5', 11955215)]",0.8,"[('20', 13915066, '5', 132961817), ('5', 132961707, '20', 13915042), ('20', 12717614, '5', 11955240), ('5', 12265799, '20', 14175899)]",0.125,"[('20', 12717614, '5', 12717617)]",0.0,[],[],0,{},[],0.0,0,0,1.125,medium
CURTIS_H002079_T01_01_WG01,2,7,linear,330566,4,2,"[('5', 12313500, 12358944), ('5', 12358944, 12313500), ('6', 44353723, 44234638), ('6', 44233130, 44353723)]","[('5', 12358944, '6', 44353723), ('6', 44234638, '6', 44233130), ('6', 44353723, '5', 12358944), ('5', 12313500, '5', 12313500)]",0.0,[],1.0,"[('5', 12358944, '6', 44353723), ('6', 44353723, '5', 12358944)]",0.0,[],0.0,[],[],2,{},[],0.0,0,0,1.5,medium
CURTIS_H002079_T01_01_WG01,2,8,linear,109198,1,1,"[('5', 15366299, 15257100)]","[('5', 15257100, '5', 15366299)]",0.0,[],1.0,"[('5', 15257100, '5', 15366299)]",0.0,[],0.0,[],[],0,{},[],0.0,0,0,1.5,medium
CURTIS_H002079_T01_01_WG01,2,9,linear,606598,1,1,"[('20', 14175899, 13569300)]","[('20', 13569300, '20', 14175899)]",0.0,[],1.0,"[('20', 13569300, '20', 14175899)]",0.0,[],0.0,[],[],0,{},[],0.0,0,0,1.5,medium
CURTIS_H002079_T01_01_WG01,2,10,linear,2190898,1,1,"[('5', 15150899, 12960000)]","[('5', 12960000, '5', 15150899)]",0.0,[],1.0,"[('5', 12960000, '5', 15150899)]",0.0,[],0.0,[],[],0,{},[],0.0,0,0,1.5,medium
CURTIS_H002079_T01_01_WG01,2,11,linear,638897,3,2,"[('6', 44351399, 44233130), ('6', 44234638, 44353723), ('5', 12358944, 11957400)]","[('6', 44233130, '6', 44234638), ('6', 44353723, '5', 12358944), ('5', 11957400, '6', 44351399)]",0.0,[],1.0,"[('6', 44353723, '5', 12358944), ('5', 11957400, '6', 44351399)]",0.0,[],0.0,[],[],1,{},[],0.0,0,0,1.5,medium
CURTIS_H002079_T01_01_WG01,2,14,linear,815698,1,1,"[('5', 15150899, 14335200)]","[('5', 14335200, '5', 15150899)]",0.0,[],1.0,"[('5', 14335200, '5', 15150899)]",0.0,[],0.0,[],[],0,{},[],0.0,0,0,1.5,medium
CURTIS_H002079_T01_01_WG01,2,15,circular,1261,2,1,"[('5', 12303652, 12304718), ('5', 12297283, 12297088)]","[('5', 12304718, '5', 12297283), ('5', 12297088, '5', 12303652)]",0.0,[],1.0,"[('5', 12304718, '5', 12297283), ('5', 12297088, '5', 12303652)]",0.0,[],0.0,[],[],0,{},[],0.0,1,0,1.5,medium
CURTIS_H002079_T01_01_WG01,2,16,linear,365263,1,1,"[('20', 14222564, 13857300)]","[('20', 13857300, '20', 14222564)]",0.0,[],1.0,"[('20', 13857300, '20', 14222564)]",0.0,[],0.0,[],[],0,{},[],0.0,0,0,1.5,medium
CURTIS_H002079_T01_01_WG01,2,18,circular,339,2,1,"[('1', 43547606, 43547792), ('1', 43545700, 43545547)]","[('1', 43547792, '1', 43545700), ('1', 43545547, '1', 43547606)]",0.0,[],1.0,"[('1', 43547792, '1', 43545700), ('1', 43545547, '1', 43547606)]",0.0,[],0.0,[],[],0,{},[],1.0,1,0,1.875,medium
CURTIS_H002079_T01_01_WG01,2,19,linear,54541,2,1,"[('5', 15366299, 15337820), ('5', 15340237, 15366299)]","[('5', 15337820, '5', 15340237), ('5', 15366299, '5', 15366299)]",0.0,[],1.0,"[('5', 15337820, '5', 15340237)]",0.0,[],0.0,[],[],1,{},[],0.0,0,0,1.5,medium
CURTIS_H002079_T01_01_WG01,2,20,circular,390,2,1,"[('8', 51425573, 51425773), ('8', 51428895, 51428705)]","[('8', 51425773, '8', 51428895), ('8', 51428705, '8', 51425573)]",0.0,[],1.0,"[('8', 51425773, '8', 51428895), ('8', 51428705, '8', 51425573)]",0.0,[],0.0,[],[],0,{},[],1.0,1,0,1.875,medium
CURTIS_H002079_T01_01_WG01,2,22,linear,1309400,5,2,"[('20', 13077599, 12717614), ('20', 12717614, 13422974), ('20', 13422974, 13187100), ('5', 11955240, 11947083), ('5', 11955215, 11955240)]","[('20', 12717614, '5', 11955240), ('5', 11947083, '5', 11955215), ('5', 11955240, '20', 12717614), ('20', 13422974, '20', 13422974), ('20', 13187100, '20', 13077599)]",0.25,"[('5', 11947083, '5', 11955215)]",0.75,"[('20', 12717614, '5', 11955240), ('5', 11955240, '20', 12717614), ('20', 13187100, '20', 13077599)]",0.3333333333333333,"[('20', 12717614, '5', 12717617), ('20', 12717614, '5', 12717617)]",0.0,[],[],1,{},[],0.0,0,0,1.125,medium
CURTIS_H002079_T01_01_WG01,2,23,circular,2578,2,1,"[('11', 98488213, 98489524), ('11', 98491724, 98490457)]","[('11', 98489524, '11', 98491724), ('11', 98490457, '11', 98488213)]",0.0,[],1.0,"[('11', 98489524, '11', 98491724), ('11', 98490457, '11', 98488213)]",0.0,[],0.0,[],[],0,{},[],0.0,1,0,1.5,medium
CURTIS_H002079_T01_01_WG01,2,24,linear,10687,1,1,"[('X', 47720257, 47709569)]","[('X', 47709569, 'X', 47720257)]",0.0,[],1.0,"[('X', 47709569, 'X', 47720257)]",0.0,[],0.0,[],[],0,{},[],0.0,0,0,1.5,medium
CURTIS_H002079_T01_01_WG01,2,25,linear,536,1,1,"[('1', 168186872, 168186335)]","[('1', 168186335, '1', 168186872)]",0.0,[],1.0,"[('1', 168186335, '1', 168186872)]",0.0,[],0.0,[],[],0,{},[],1.0,0,0,1.875,medium
CURTIS_H002079_T01_01_WG01,2,26,linear,3329355,4,1,"[('8', 43091751, 42194367), ('8', 42190457, 40779765), ('8', 40774632, 40470383), ('8', 40469734, 39752700)]","[('8', 42194367, '8', 42190457), ('8', 40779765, '8', 40774632), ('8', 40470383, '8', 40469734), ('8', 39752700, '8', 43091751)]",0.0,[],1.0,"[('8', 42194367, '8', 42190457), ('8', 40779765, '8', 40774632), ('8', 39752700, '8', 43091751)]",0.0,[],1.0,"[('8', 43091751)]",['High_Signal_Region'],1,"{'8': {'ANK1': {'type': [''], 'loc': ('41510739', '41754280')}, 'HOOK3': {'type': ['fusion'], 'loc': ('42752075', '42885682')}, 'IKBKB': {'type': ['oncogene'], 'loc': ('42128820', '42189973')}, 'KAT6A': {'type': ['oncogene', ' fusion'], 'loc': ('41786997', '41909508')}}}","['ANK1', 'HOOK3', 'IKBKB', 'KAT6A']",1.0,0,1,2.4375,low
CURTIS_H002079_T01_01_WG01,2,27,circular,692,2,1,"[('11', 99770820, 99771346), ('11', 99768921, 99768755)]","[('11', 99771346, '11', 99768921), ('11', 99768755, '11', 99770820)]",0.0,[],1.0,"[('11', 99771346, '11', 99768921), ('11', 99768755, '11', 99770820)]",0.0,[],0.0,[],[],0,{},[],0.0,1,0,1.5,medium
CURTIS_H002079_T01_01_WG01,2,28,linear,9369,2,1,"[('9', 31296865, 31292672), ('9', 31291355, 31286177)]","[('9', 31292672, '9', 31291355), ('9', 31286177, '9', 31296865)]",0.0,[],1.0,"[('9', 31286177, '9', 31296865)]",0.0,[],0.0,[],[],1,{},[],0.0,0,0,1.5,medium
CURTIS_H002079_T01_01_WG01,3,1,linear,84685,1,1,"[('11', 88566778, 88482092)]","[('11', 88482092, '11', 88566778)]",0.0,[],1.0,"[('11', 88482092, '11', 88566778)]",0.0,[],0.0,[],[],0,{},[],0.0,0,0,1.5,medium
